0,0.498047
1,0.503906
2,0.500355
3,0.498935
4,0.506392
5,0.493963
6,0.507102
7,0.497159
8,0.501776
9,0.498757
10,0.499822
11,0.498047
12,0.496626
13,0.503906
14,0.482955
15,0.504794
16,0.503196
17,0.510476
18,0.507102
19,0.499112
20,0.496982
21,0.496982
22,0.49201
23,0.499467
24,0.510298
25,0.293324
26,0.0174006
27,0.0877131
28,0.0117188
29,0
30,0.0181108
31,0.0227273
32,0.0317827
33,0.0227273
34,0.0450994
35,0.0545099
36,0.00710227
37,0
38,0.03125
39,0.0392401
40,0.00639205
41,0.0205966
42,0.283381
43,0.0289418
44,0.059304
45,0.00497159
46,0.140447
47,0.0261009
48,0
49,0
50,0.0211293
51,0
52,0.00585938
53,0.0450994
54,0.169034
55,0.0143821
56,0.0878906
57,0.0186435
58,0.0142045
59,0.050071
60,0.0807884
61,0.0200639
62,0
63,0.00923295
64,0.126776
65,0.0381747
66,0.0257457
67,0.0273438
68,0.0145597
69,0.0168679
70,0
71,0.0268111
72,0.0474077
73,0.00479403
74,0.00603693
75,0.0658736
76,0.020419
77,0
78,0.0223722
79,0.0115412
80,0.0575284
81,0.0205966
82,0.119141
83,0.050071
84,0.0195312
85,0.0333807
86,0.0482955
87,0.0690696
88,0.163352
89,0.0310724
90,0
91,0.110795
92,0.0120739
93,0.0129616
94,0.0129616
95,0.0752841
96,0.0152699
97,0.028054
98,0.0133168
99,0.00727983
100,0.128196
101,0.0078125
102,0.079723
103,0.0136719
104,0.181996
105,0
106,0.0957031
107,0.0257457
108,0
109,0.0101207
110,0.0417259
111,0.0736861
112,0.0227273
113,0.325994
114,0.045277
115,0.0211293
116,0.0649858
117,0.0607244
118,0.10245
119,0.0649858
120,0
121,0.0149148
122,0.0145597
123,0.0101207
124,0.140092
125,0.00390625
126,0.00230824
127,0.0118963
128,0.018821
129,0.0701349
130,0.0291193
131,0.0213068
132,0.0569957
133,0.056108
134,0.0202415
135,0.00887784
136,0.0149148
137,0.0406605
138,0.0193537
139,0.0884233
140,0.0912642
141,0.289418
142,0.0239702
143,0.0488281
144,0.0133168
145,0.0237926
146,0.150923
147,0
148,0
149,0.0832741
150,0.0113636
151,0.00958807
152,0.0229048
153,0.140625
154,0.00550426
155,0.0671165
156,0
157,0
158,0.00799006
159,0.00603693
160,0.00958807
161,0.0282315
162,0.0152699
163,0.0893111
164,0.028054
165,0.354226
166,0.0992543
167,0.0632102
168,0.0449219
169,0
170,0.163352
171,0
172,0.00976562
173,0.0257457
174,0.0610795
175,0
176,0.0117188
177,0
178,0.0667614
179,0.0225497
180,0.0362216
181,0.0713778
182,0.0600142
183,0.0253906
184,0
185,0
186,0
187,0.121094
188,0.036044
189,0.0582386
190,0.00976562
191,0
192,0.0962358
193,0.0253906
194,0.0411932
195,0.180398
196,0.00710227
197,0.0159801
198,0
199,0
200,0
201,0
202,0.0136719
203,0
204,0.010831
205,0.0117188
206,0.0193537
207,0
208,0.00408381
209,0
210,0
211,0
212,0.0104759
213,0.03125
214,0.0177557
215,0.0358665
216,0.0120739
217,0.0621449
218,0.0186435
219,0.0090554
220,0
221,0.0225497
222,0.0356889
223,0
224,0.0110085
225,0
226,0.0271662
227,0
228,0
229,0
230,0
231,0
232,0.0262784
233,0.0136719
234,0.059304
235,0.134233
236,0.0278764
237,0
238,0.106357
239,0.00958807
240,0.010831
241,0
242,0.0170455
243,0.132102
244,0.0518466
245,0.0522017
246,0
247,0.0443892
248,0.142401
249,0.00568182
250,0.0189986
251,0.0379972
252,0.0102983
253,0
254,0
255,0.00727983
256,0.0232599
257,0.0218395
258,0.0333807
259,0
260,0.346236
261,0.0539773
262,0.0232599
263,0.0784801
264,0
265,0.0465199
266,0.180753
267,0.0282315
268,0.040483
269,0.00727983
270,0.0189986
271,0
272,0.00479403
273,0.00816761
274,0.00852273
275,0.043679
276,0.0134943
277,0.0227273
278,0.0237926
279,0
280,0.0149148
281,0
282,0.0113636
283,0.0291193
284,0.0127841
285,0.0129616
286,0.0200639
287,0
288,0.0346236
289,0.0250355
290,0
291,0.0802557
292,0
293,0.00621449
294,0.0166903
295,0
296,0.0502486
297,0.291371
298,0.0189986
299,0.0901989
300,0
301,0
302,0.205256
303,0.0967685
304,0.0683594
305,0
306,0.0301847
307,0
308,0.0651634
309,0
310,0.0065696
311,0.0365767
312,0.00514915
313,0
314,0
315,0
316,0
317,0
318,0.0598366
319,0
320,0
321,0.073331
322,0.117898
323,0.122514
324,0.128196
325,0.0118963
326,0.0218395
327,0.0955256
328,0.0941051
329,0.0165128
330,0.0118963
331,0.0882457
332,0.0287642
333,0.0348011
334,0
335,0.00958807
336,0
337,0.142933
338,0.045277
339,0.0427912
340,0
341,0.029652
342,0.0181108
343,0.0179332
344,0.0255682
345,0.0369318
346,0.0706676
347,0.00443892
348,0.020419
349,0.0408381
350,0
351,0.0142045
352,0
353,0.0775923
354,0
355,0.0694247
356,0.00994318
357,0.0209517
358,0.0603693
359,0.0353338
360,0.0703125
361,0.0463423
362,0.00710227
363,0.0523793
364,0.0129616
365,0.0951705
366,0.0117188
367,0.00692472
368,0
369,0.193714
370,0.00887784
371,0.0374645
372,0.0307173
373,0.0120739
374,0.0456321
375,0.0449219
376,0
377,0.0687145
378,0
379,0.0660511
380,0.0117188
381,0
382,0.0308949
383,0.0619673
384,0.0104759
385,0.0221946
386,0.053267
387,0.0259233
388,0.00301847
389,0
390,0.00816761
391,0.0406605
392,0.040483
393,0
394,0
395,0.00816761
396,0.0174006
397,0.020419
398,0.0518466
399,0.00585938
400,0.0907315
401,0.0527344
402,0.0133168
403,0
404,0.142401
405,0.0213068
406,0.0122514
407,0.0161577
408,0.0392401
409,0
410,0
411,0
412,0.0332031
413,0.0298295
414,0.00941051
415,0
416,0.0298295
417,0
418,0
419,0.151456
420,0
421,0.0408381
422,0
423,0
424,0.0628551
425,0
426,0.0234375
427,0.092152
428,0
429,0.0628551
430,0
431,0.032848
432,0
433,0.0111861
434,0.00745739
435,0.0307173
436,0.0967685
437,0
438,0.040483
439,0.0120739
440,0.17081
441,0.0372869
442,0.0383523
443,0.015625
444,0.0777699
445,0
446,0
447,0.0142045
448,0
449,0.0182884
450,0.00479403
451,0.0252131
452,0.00994318
453,0.0610795
454,0
455,0.0676491
456,0.092152
457,0.131214
458,0.00852273
459,0.00870028
460,0.067294
461,0.0685369
462,0.0145597
463,0.0422585
464,0.050071
465,0.0136719
466,0.0316051
467,0
468,0
469,0.00834517
470,0.068892
471,0.0168679
472,0
473,0.0276989
474,0.053267
475,0.0330256
476,0.0120739
477,0
478,0.0122514
479,0.0530895
480,0.0252131
481,0.0111861
482,0
483,0.113104
484,0.0546875
485,0.0102983
486,0.114702
487,0
488,0.0158026
489,0
490,0.015625
491,0.140803
492,0.0285866
493,0.00639205
494,0.0337358
495,0.00923295
496,0
497,0.0149148
498,0.0104759
499,0
500,0.0690696
501,0.0197088
502,0
503,0.0177557
504,0.0053267
505,0.00834517
506,0
507,0.00639205
508,0.00692472
509,0
510,0
511,0.014027
512,0
513,0
514,0.0276989
515,0.0245028
516,0.0177557
517,0
518,0.0635653
519,0.169034
520,0.00852273
521,0.0131392
522,0.0752841
523,0
524,0.0472301
525,0
526,0
527,0
528,0.0136719
529,0.0276989
530,0.0300071
531,0
532,0.00550426
533,0.0126065
534,0.350497
535,0.0960582
536,0
537,0.0616122
538,0.029652
539,0.00727983
540,0.017223
541,0.00870028
542,0.028054
543,0.0166903
544,0.0882457
545,0.03125
546,0
547,0
548,0.0324929
549,0
550,0
551,0.140092
552,0.0546875
553,0.0065696
554,0.0174006
555,0.0266335
556,0
557,0.0271662
558,0
559,0.125
560,0.0131392
561,0.00514915
562,0.0859375
563,0.0143821
564,0
565,0.0397727
566,0
567,0.0174006
568,0
569,0.00834517
570,0.0177557
571,0.0715554
572,0
573,0.0305398
574,0.0266335
575,0
576,0.0223722
577,0
578,0
579,0.0198864
580,0.0601918
581,0.00568182
582,0.0253906
583,0
584,0
585,0.0445668
586,0.0502486
587,0.0216619
588,0
589,0.0960582
590,0.0262784
591,0
592,0.10032
593,0.0195312
594,0.156605
595,0.03125
596,0.0403054
597,0.112216
598,0.0495384
599,0.0625
600,0.00514915
601,0
602,0.0129616
603,0
604,0.0804332
605,0.0161577
606,0.0891335
607,0.0818537
608,0
609,0
610,0.0381747
611,0.0490057
612,0.0314276
613,0
614,0.0381747
615,0.0115412
616,0.036044
617,0.010831
618,0.211648
619,0.022017
620,0
621,0.0134943
622,0.0399503
623,0.00976562
624,0.0257457
625,0
626,0.0832741
627,0.0225497
628,0
629,0.141158
630,0.0104759
631,0
632,0.123935
633,0
634,0.132635
635,0.119141
636,0
637,0
638,0.182351
639,0.0779474
640,0.00923295
641,0
642,0
643,0.00870028
644,0.045277
645,0
646,0.00692472
647,0
648,0.00585938
649,0.0346236
650,0.0628551
651,0
652,0.163175
653,0
654,0.0346236
655,0.0205966
656,0.0133168
657,0.0117188
658,0.0340909
659,0.0569957
660,0
661,0.0234375
662,0.103516
663,0.0193537
664,0
665,0.0351562
666,0.0465199
667,0.0527344
668,0
669,0.0174006
670,0.0115412
671,0.0497159
672,0.00976562
673,0
674,0.128729
675,0.0509588
676,0.11044
677,0.107067
678,0.0294744
679,0
680,0.0426136
681,0.0110085
682,0.0523793
683,0.0158026
684,0.0110085
685,0.0262784
686,0
687,0
688,0.0239702
689,0
690,0.00142045
691,0
692,0
693,0.0774148
694,0.105114
695,0
696,0
697,0.0189986
698,0.0163352
699,0
700,0.0807884
701,0.0335582
702,0.130149
703,0.0053267
704,0.028054
705,0.0232599
706,0.0671165
707,0.0346236
708,0
709,0
710,0.0104759
711,0
712,0.0150923
713,0.129261
714,0.0142045
715,0.0253906
716,0.190518
717,0
718,0
719,0
720,0
721,0
722,0
723,0
724,0.120916
725,0
726,0.0117188
727,0
728,0.0149148
729,0.0942827
730,0.0154474
731,0.0294744
732,0.107777
733,0
734,0.0564631
735,0.166371
736,0.0871804
737,0
738,0.0284091
739,0.0131392
740,0.0479403
741,0.0403054
742,0.147372
743,0.0170455
744,0.00745739
745,0
746,0.0385298
747,0.100675
748,0.0541548
749,0.0174006
750,0.0996094
751,0.028054
752,0
753,0
754,0.0651634
755,0
756,0.00479403
757,0.0562855
758,0
759,0
760,0.0102983
761,0.0525568
762,0.0218395
763,0.0284091
764,0.148615
765,0
766,0
767,0.0122514
768,0
769,0
770,0.0607244
771,0.0250355
772,0
773,0.034446
774,0.0475852
775,0
776,0.0307173
777,0.0142045
778,0
779,0.0378196
780,0.151989
781,0.128374
782,0.142756
783,0.0113636
784,0.0786577
785,0.0269886
786,0
787,0.0348011
788,0
789,0.0355114
790,0.046875
791,0
792,0.161044
793,0.0427912
794,0.0335582
795,0.0053267
796,0
797,0.0229048
798,0
799,0.0122514
800,0.0246804
801,0.00799006
802,0
803,0.0459872
804,0.0115412
805,0.0090554
806,0
807,0
808,0.0145597
809,0.0184659
810,0.14098
811,0.00870028
812,0
813,0.0230824
814,0.068892
815,0.0346236
816,0
817,0
818,0.00692472
819,0.0262784
820,0.0392401
821,0
822,0.0252131
823,0.00870028
824,0.0307173
825,0.0102983
826,0.0129616
827,0
828,0.0111861
829,0.00923295
830,0.0186435
831,0.0129616
832,0.0340909
833,0.012429
834,0
835,0.0110085
836,0.106712
837,0.03125
838,0.0236151
839,0
840,0.0214844
841,0.146662
842,0.00870028
843,0.042081
844,0
845,0
846,0
847,0.117898
848,0.0507812
849,0.00585938
850,0.0411932
851,0.045277
852,0
853,0
854,0
855,0.00799006
856,0
857,0
858,0
859,0.135298
860,0.0284091
861,0.018821
862,0.0736861
863,0
864,0.0218395
865,0
866,0
867,0.018821
868,0.0159801
869,0.0724432
870,0.0363991
871,0
872,0
873,0.136541
874,0
875,0
876,0.00745739
877,0.0168679
878,0.032848
879,0.00887784
880,0.0236151
881,0.0273438
882,0.0102983
883,0
884,0.165661
885,0.0527344
886,0.133168
887,0.0617898
888,0.169212
889,0.064098
890,0.0878906
891,0.0481179
892,0.092152
893,0.0768821
894,0.0117188
895,0
896,0.139027
897,0.00479403
898,0.0262784
899,0.0559304
900,0
901,0
902,0.0189986
903,0
904,0
905,0.0243253
906,0.0353338
907,0.022017
908,0
909,0.327947
910,0
911,0
912,0.0298295
913,0.251243
914,0.0388849
915,0.128018
916,0
917,0.0214844
918,0.0491832
919,0.0378196
920,0.0078125
921,0
922,0.0671165
923,0
924,0
925,0.161754
926,0.0158026
927,0.302024
928,0.0268111
929,0.028054
930,0.0200639
931,0.0120739
932,0.0738636
933,0
934,0.015625
935,0.0690696
936,0
937,0.0546875
938,0.065696
939,0
940,0.0193537
941,0
942,0.018821
943,0.0253906
944,0
945,0.0349787
946,0.00585938
947,0.0720881
948,0.0149148
949,0.0417259
950,0.00852273
951,0.0221946
952,0.0230824
953,0.147017
954,0.117898
955,0.174183
956,0.00816761
957,0.147727
958,0.0101207
959,0
960,0.0255682
961,0.0101207
962,0.0470526
963,0.0942827
964,0.0619673
965,0
966,0.0342685
967,0.0818537
968,0.0234375
969,0.0678267
970,0.193537
971,0.0115412
972,0
973,0.0209517
974,0.0168679
975,0.0470526
976,0
977,0.017223
978,0.0223722
979,0.0177557
980,0.0154474
981,0.0601918
982,0.00692472
983,0
984,0.00958807
985,0
986,0
987,0.0463423
988,0
989,0.0362216
990,0.0699574
991,0.0165128
992,0.0316051
993,0.0102983
994,0.109197
995,0
996,0
997,0.0369318
998,0
999,0.17294
1000,0
1001,0
1002,0.0179332
1003,0.00550426
1004,0.151456
1005,0.111861
1006,0
1007,0
1008,0.0236151
1009,0.0126065
1010,0
1011,0
1012,0.0266335
1013,0
1014,0.046875
1015,0.0230824
1016,0.0289418
1017,0
1018,0.0104759
1019,0
1020,0
1021,0.204901
1022,0.0090554
1023,0.162109
1024,0.0276989
1025,0
1026,0.0278764
1027,0.0154474
1028,0.0291193
1029,0.068892
1030,0.0395952
1031,0
1032,0
1033,0.374467
1034,0.0422585
1035,0.0115412
1036,0.236683
1037,0.0413707
1038,0.0466974
1039,0.0912642
1040,0.00692472
1041,0.0523793
1042,0.149503
1043,0
1044,0.0358665
1045,0
1046,0.0619673
1047,0.0179332
1048,0.0493608
1049,0.0458097
1050,0.0113636
1051,0.122159
1052,0.0385298
1053,0.136541
1054,0.0324929
1055,0
1056,0.0104759
1057,0.0722656
1058,0
1059,0.0557528
1060,0.10831
1061,0
1062,0.12358
1063,0.0612571
1064,0.0133168
1065,0.0292969
1066,0.300781
1067,0.0174006
1068,0.128551
1069,0.00674716
1070,0.0294744
1071,0.0349787
1072,0.0273438
1073,0.134233
1074,0.0864702
1075,0.026456
1076,0.308416
1077,0
1078,0
1079,0.0184659
1080,0
1081,0.0186435
1082,0.00727983
1083,0.0255682
1084,0.0255682
1085,0
1086,0.150213
1087,0
1088,0.0506037
1089,0
1090,0.00941051
1091,0
1092,0
1093,0
1094,0.122514
1095,0.034446
1096,0.00976562
1097,0
1098,0.0978338
1099,0.0134943
1100,0.00958807
1101,0
1102,0.0310724
1103,0.0278764
1104,0.0287642
1105,0.0928622
1106,0
1107,0.0243253
1108,0.0523793
1109,0.00337358
1110,0.153409
1111,0.00443892
1112,0.0111861
1113,0
1114,0.0397727
1115,0.0184659
1116,0.0775923
1117,0
1118,0.0495384
1119,0
1120,0.0182884
1121,0.127308
1122,0.0378196
1123,0.0237926
1124,0
1125,0.0174006
1126,0.0939276
1127,0
1128,0.0090554
1129,0.0616122
1130,0.119496
1131,0.00852273
1132,0.331321
1133,0
1134,0.037642
1135,0.0134943
1136,0.0690696
1137,0
1138,0.146662
1139,0.040483
1140,0
1141,0.0981889
1142,0.125355
1143,0.0150923
1144,0.131392
1145,0.0102983
1146,0
1147,0.0147372
1148,0.018821
1149,0.0117188
1150,0.00372869
1151,0.0189986
1152,0.0120739
1153,0.0239702
1154,0
1155,0.010831
1156,0.0229048
1157,0
1158,0.123757
1159,0.0442116
1160,0
1161,0.15554
1162,0.0161577
1163,0.00745739
1164,0
1165,0.0841619
1166,0.0632102
1167,0.00692472
1168,0
1169,0.0537997
1170,0.00355114
1171,0.010831
1172,0.00816761
1173,0
1174,0
1175,0
1176,0.120739
1177,0.0193537
1178,0.0614347
1179,0.0259233
1180,0.0129616
1181,0.0362216
1182,0.0893111
1183,0.040483
1184,0.00621449
1185,0.124112
1186,0.0273438
1187,0
1188,0.0205966
1189,0.0827415
1190,0.144354
1191,0.0427912
1192,0.162642
1193,0
1194,0.0988991
1195,0.0163352
1196,0.0102983
1197,0.0227273
1198,0.0174006
1199,0.0332031
1200,0
1201,0.0580611
1202,0
1203,0
1204,0
1205,0.024858
1206,0.0408381
1207,0
1208,0
1209,0
1210,0.036044
1211,0
1212,0.128374
1213,0.0174006
1214,0.0614347
1215,0.00550426
1216,0.0822088
1217,0.0177557
1218,0
1219,0.0406605
1220,0.0184659
1221,0.0330256
1222,0
1223,0.124467
1224,0
1225,0.346591
1226,0
1227,0.00816761
1228,0.104936
1229,0.056108
1230,0
1231,0.121982
1232,0.0134943
1233,0.010831
1234,0.183239
1235,0.00745739
1236,0.156072
1237,0
1238,0.024858
1239,0
1240,0.059304
1241,0.136186
1242,0.113814
1243,0.14755
1244,0.00674716
1245,0.0316051
1246,0.00603693
1247,0.0149148
1248,0.0696023
1249,0.155717
1250,0
1251,0.0493608
1252,0.026456
1253,0
1254,0.188388
1255,0.0371094
1256,0
1257,0
1258,0.0117188
1259,0
1260,0.262784
1261,0.0319602
1262,0.0520241
1263,0.010831
1264,0.0307173
1265,0.0138494
1266,0
1267,0
1268,0.0150923
1269,0.0289418
1270,0.141868
1271,0.0846946
1272,0.00870028
1273,0.00887784
1274,0
1275,0.0104759
1276,0.0158026
1277,0.0292969
1278,0.0490057
1279,0.0997869
1280,0
1281,0.0127841
1282,0.12642
1283,0
1284,0
1285,0.00603693
1286,0.0090554
1287,0.0683594
1288,0.337536
1289,0.0788352
1290,0
1291,0.0923295
1292,0.0271662
1293,0.130682
1294,0.0227273
1295,0
1296,0.0189986
1297,0.0440341
1298,0.0456321
1299,0.0273438
1300,0
1301,0
1302,0.113636
1303,0
1304,0
1305,0.0152699
1306,0.0520241
1307,0.0694247
1308,0.0273438
1309,0.00816761
1310,0.0181108
1311,0.0120739
1312,0
1313,0.0177557
1314,0
1315,0.0482955
1316,0.00585938
1317,0.0406605
1318,0.0136719
1319,0
1320,0.00941051
1321,0.0300071
1322,0
1323,0
1324,0.0406605
1325,0.037642
1326,0.0291193
1327,0.200107
1328,0.0401278
1329,0.0850497
1330,0
1331,0.042081
1332,0.0205966
1333,0.0339134
1334,0
1335,0.103693
1336,0.0237926
1337,0.0316051
1338,0.158558
1339,0.0145597
1340,0.0406605
1341,0.0351562
1342,0
1343,0.0211293
1344,0
1345,0.0200639
1346,0.0323153
1347,0.00568182
1348,0.0754616
1349,0.0307173
1350,0.0371094
1351,0.0250355
1352,0
1353,0.162997
1354,0
1355,0.0676491
1356,0.036044
1357,0.0495384
1358,0.0163352
1359,0.0523793
1360,0.0218395
1361,0.136541
1362,0.0335582
1363,0
1364,0.0603693
1365,0.0367543
1366,0.160866
1367,0.00958807
1368,0.0308949
1369,0.0522017
1370,0.00479403
1371,0
1372,0.0236151
1373,0.0807884
1374,0.0353338
1375,0.0868253
1376,0
1377,0.00870028
1378,0.0438565
1379,0.037642
1380,0.0353338
1381,0.00585938
1382,0
1383,0.0722656
1384,0.00461648
1385,0.107244
1386,0
1387,0.0104759
1388,0.0259233
1389,0
1390,0
1391,0.0450994
1392,0
1393,0.160866
1394,0.00958807
1395,0
1396,0.0509588
1397,0
1398,0.0259233
1399,0.0449219
1400,0.0454545
1401,0.0287642
1402,0.024858
1403,0
1404,0.0134943
1405,0.0213068
1406,0.0358665
1407,0.153409
1408,0.0168679
1409,0.0456321
1410,0.0243253
1411,0.0440341
1412,0.0479403
1413,0.194247
1414,0.0351562
1415,0.0367543
1416,0.0964134
1417,0.0395952
1418,0.0209517
1419,0.0289418
1420,0.00497159
1421,0.0143821
1422,0.114524
1423,0
1424,0.0786577
1425,0.207919
1426,0.00710227
1427,0
1428,0.0276989
1429,0
1430,0.0149148
1431,0.00568182
1432,0
1433,0.136186
1434,0
1435,0.076527
1436,0.0301847
1437,0
1438,0.00674716
1439,0
1440,0.0573509
1441,0
1442,0.032848
1443,0.00994318
1444,0
1445,0.0669389
1446,0.0136719
1447,0.0115412
1448,0.065696
1449,0.0205966
1450,0.018821
1451,0.0743963
1452,0
1453,0.0470526
1454,0.0502486
1455,0.0133168
1456,0.0914418
1457,0.00727983
1458,0.0807884
1459,0.0218395
1460,0.0179332
1461,0
1462,0.050071
1463,0
1464,0.0651634
1465,0.0189986
1466,0.0665838
1467,0.0390625
1468,0.1163
1469,0.0127841
1470,0.00674716
1471,0
1472,0.00603693
1473,0.0102983
1474,0
1475,0.0355114
1476,0
1477,0.0445668
1478,0
1479,0.0653409
1480,0.0900213
1481,0.0408381
1482,0.0090554
1483,0
1484,0.0158026
1485,0
1486,0.0699574
1487,0.0126065
1488,0.0232599
1489,0.122337
1490,0.0472301
1491,0.012429
1492,0.0273438
1493,0.0731534
1494,0.0493608
1495,0.0552202
1496,0.045277
1497,0.024858
1498,0.045277
1499,0
1500,0.0101207
1501,0.0660511
1502,0.0127841
1503,0.0335582
1504,0.130859
1505,0.0269886
1506,0.00603693
1507,0.0298295
1508,0.131747
1509,0.0497159
1510,0.0557528
1511,0.0126065
1512,0.0530895
1513,0.0337358
1514,0
1515,0.122514
1516,0.0127841
1517,0.0181108
1518,0.0250355
1519,0
1520,0.0198864
1521,0
1522,0
1523,0.0291193
1524,0
1525,0.0834517
1526,0.0211293
1527,0.0326705
1528,0.0122514
1529,0.03125
1530,0.0090554
1531,0.0184659
1532,0
1533,0.00834517
1534,0.0278764
1535,0
1536,0.0111861
1537,0
1538,0.0285866
1539,0
1540,0
1541,0.0410156
1542,0.0466974
1543,0.0065696
1544,0.0127841
1545,0.122337
1546,0
1547,0
1548,0.0131392
1549,0.0291193
1550,0.0903764
1551,0
1552,0.0617898
1553,0.0774148
1554,0
1555,0
1556,0
1557,0.0365767
1558,0.0550426
1559,0.015625
1560,0.0917969
1561,0
1562,0.0481179
1563,0
1564,0.0207741
1565,0.0429688
1566,0.0065696
1567,0
1568,0
1569,0.0257457
1570,0.151101
1571,0.0106534
1572,0.017223
1573,0
1574,0.0701349
1575,0.037642
1576,0.0401278
1577,0.0168679
1578,0.0332031
1579,0.140803
1580,0
1581,0.0372869
1582,0.00639205
1583,0
1584,0.096946
1585,0.10831
1586,0.0236151
1587,0
1588,0.0195312
1589,0.0102983
1590,0
1591,0
1592,0.068892
1593,0.0310724
1594,0
1595,0.0648082
1596,0.00834517
1597,0.0626776
1598,0.0161577
1599,0.0166903
1600,0.0147372
1601,0.0403054
1602,0
1603,0
1604,0
1605,0.0202415
1606,0
1607,0.0090554
1608,0.0435014
1609,0.130149
1610,0.209695
1611,0
1612,0.0152699
1613,0.0285866
1614,0.0635653
1615,0.0179332
1616,0
1617,0.0822088
1618,0
1619,0.0159801
1620,0.157493
1621,0
1622,0.0433239
1623,0.0273438
1624,0.0321378
1625,0.00497159
1626,0.00958807
1627,0
1628,0.00159801
1629,0
1630,0.0186435
1631,0.306286
1632,0.0925071
1633,0.00994318
1634,0.0236151
1635,0.0363991
1636,0
1637,0.0628551
1638,0
1639,0
1640,0
1641,0
1642,0.034446
1643,0.0225497
1644,0.169389
1645,0.010831
1646,0
1647,0
1648,0
1649,0.0245028
1650,0.0111861
1651,0
1652,0.0101207
1653,0.0450994
1654,0.0474077
1655,0.0976562
1656,0
1657,0.0120739
1658,0
1659,0.0111861
1660,0.0504261
1661,0.0252131
1662,0
1663,0.136896
1664,0
1665,0
1666,0
1667,0
1668,0.0346236
1669,0.0285866
1670,0
1671,0
1672,0
1673,0.00568182
1674,0.00976562
1675,0.00976562
1676,0.0239702
1677,0
1678,0.00834517
1679,0.0159801
1680,0.00568182
1681,0.107422
1682,0.0559304
1683,0
1684,0.0126065
1685,0
1686,0.0122514
1687,0.0110085
1688,0.0449219
1689,0.017223
1690,0
1691,0.0110085
1692,0.0237926
1693,0.0648082
1694,0.0230824
1695,0
1696,0
1697,0
1698,0.0159801
1699,0.00816761
1700,0.0266335
1701,0.126243
1702,0
1703,0.0900213
1704,0.0262784
1705,0.053267
1706,0.0269886
1707,0
1708,0
1709,0.0261009
1710,0
1711,0.0930398
1712,0.0520241
1713,0
1714,0
1715,0.0285866
1716,0.00355114
1717,0.010831
1718,0.00799006
1719,0.0110085
1720,0.0159801
1721,0
1722,0.0174006
1723,0
1724,0.0397727
1725,0.0269886
1726,0
1727,0.0401278
1728,0.0537997
1729,0.073331
1730,0
1731,0
1732,0
1733,0.0403054
1734,0.0120739
1735,0.0316051
1736,0.0383523
1737,0.0415483
1738,0.0202415
1739,0
1740,0.0740412
1741,0.0174006
1742,0.0170455
1743,0.0330256
1744,0.0358665
1745,0.0221946
1746,0.0482955
1747,0.0367543
1748,0.0134943
1749,0.0314276
1750,0.128018
1751,0
1752,0
1753,0
1754,0
1755,0.0189986
1756,0.0154474
1757,0.0319602
1758,0.111328
1759,0.0988991
1760,0
1761,0.0392401
1762,0
1763,0
1764,0.00816761
1765,0.0683594
1766,0.0390625
1767,0.0474077
1768,0.0878906
1769,0.0569957
1770,0
1771,0
1772,0
1773,0.0559304
1774,0.0165128
1775,0.0102983
1776,0.0720881
1777,0.0424361
1778,0
1779,0
1780,0.0633878
1781,0.0664062
1782,0.0387074
1783,0.118608
1784,0
1785,0
1786,0
1787,0.0229048
1788,0.0310724
1789,0
1790,0.0729759
1791,0.0759943
1792,0.0282315
1793,0.0241477
1794,0.0795455
1795,0
1796,0.0475852
1797,0.00976562
1798,0.0736861
1799,0
1800,0
1801,0.024858
1802,0.0353338
1803,0.03125
1804,0
1805,0.037642
1806,0.0481179
1807,0.0104759
1808,0.100675
1809,0.0179332
1810,0.0323153
1811,0
1812,0.029652
1813,0.0278764
1814,0
1815,0.00976562
1816,0.0632102
1817,0
1818,0.0710227
1819,0.0307173
1820,0.0582386
1821,0.0855824
1822,0.0268111
1823,0.0209517
1824,0.0435014
1825,0
1826,0.0161577
1827,0.0243253
1828,0
1829,0.0804332
1830,0.00834517
1831,0.095348
1832,0
1833,0.0236151
1834,0.0466974
1835,0.0513139
1836,0.014027
1837,0.0456321
1838,0.0120739
1839,0.0426136
1840,0.00923295
1841,0.0142045
1842,0.0170455
1843,0.0340909
1844,0
1845,0
1846,0
1847,0.0266335
1848,0.0250355
1849,0.0397727
1850,0.0287642
1851,0.00763494
1852,0
1853,0.0497159
1854,0.0237926
1855,0
1856,0.0193537
1857,0
1858,0.067294
1859,0.0193537
1860,0
1861,0
1862,0.0443892
1863,0.0305398
1864,0.046875
1865,0.108487
1866,0.0282315
1867,0.0323153
1868,0.0246804
1869,0
1870,0.0113636
1871,0.0213068
1872,0.0143821
1873,0.0690696
1874,0.012429
1875,0.014027
1876,0.101385
1877,0
1878,0.00710227
1879,0
1880,0.0294744
1881,0
1882,0.0223722
1883,0.0385298
1884,0.00568182
1885,0
1886,0.170632
1887,0.495028
1888,0.501598
1889,0.514382
1890,0.496626
1891,0.500888
1892,0.503374
1893,0.488104
1894,0.5
1895,0.116477
1896,0.0129616
1897,0.0708452
1898,0.0259233
1899,0.203835
1900,0.00941051
1901,0
1902,0.015625
1903,0.0379972
1904,0.0268111
1905,0.0113636
1906,0.0262784
1907,0.0898438
1908,0.0790128
1909,0.0259233
1910,0.0191761
1911,0
1912,0.00710227
1913,0
1914,0.0454545
1915,0.0090554
1916,0.0170455
1917,0.0303622
1918,0.322443
1919,0
1920,0.0287642
1921,0.0475852
1922,0.0078125
1923,0.0559304
1924,0.000355114
1925,0.00639205
1926,0
1927,0.0053267
1928,0
1929,0.0090554
1930,0.106001
1931,0
1932,0
1933,0.0301847
1934,0.0825639
1935,0
1936,0.0102983
1937,0.0356889
1938,0.0078125
1939,0.00799006
1940,0.012429
1941,0.017223
1942,0.0685369
1943,0.0324929
1944,0
1945,0
1946,0.0435014
1947,0
1948,0.0106534
1949,0.0273438
1950,0.0253906
1951,0.0189986
1952,0.0181108
1953,0.0113636
1954,0.0262784
1955,0.0250355
1956,0.00727983
1957,0
1958,0.0839844
1959,0
1960,0
1961,0.0646307
1962,0.00550426
1963,0.0408381
1964,0.113281
1965,0.1163
1966,0.128729
1967,0
1968,0
1969,0
1970,0
1971,0
1972,0
1973,0.0207741
1974,0
1975,0.133345
1976,0.048473
1977,0.0158026
1978,0.012429
1979,0.261009
1980,0.0449219
1981,0.0225497
1982,0
1983,0.0262784
1984,0.0992543
1985,0.00639205
1986,0.0358665
1987,0.00834517
1988,0.0113636
1989,0.0186435
1990,0.074929
1991,0.0530895
1992,0.0353338
1993,0
1994,0.0308949
1995,0
1996,0.0181108
1997,0.0825639
1998,0.0321378
1999,0
2000,0.0704901
2001,0
2002,0.0408381
2003,0.0110085
2004,0.0431463
2005,0
2006,0.00443892
2007,0
2008,0.0253906
2009,0
2010,0.00461648
2011,0.020419
2012,0.00958807
2013,0.0159801
2014,0.0301847
2015,0
2016,0.00941051
2017,0.0449219
2018,0.0227273
2019,0
2020,0.0245028
2021,0.0133168
2022,0
2023,0
2024,0.117188
2025,0.0417259
2026,0.0594815
2027,0
2028,0.114524
2029,0
2030,0.0152699
2031,0.0211293
2032,0.0692472
2033,0.015625
2034,0
2035,0.036044
2036,0.0388849
2037,0.0429688
2038,0
2039,0.0616122
2040,0.0209517
2041,0
2042,0.0239702
2043,0.0115412
2044,0
2045,0.0266335
2046,0.0406605
2047,0.00870028
2048,0.0830966
2049,0.0213068
2050,0.0323153
2051,0.0575284
2052,0.0106534
2053,0.0623224
2054,0.0101207
2055,0.00958807
2056,0
2057,0.0710227
2058,0.0775923
2059,0.0163352
2060,0.0129616
2061,0.0456321
2062,0.00816761
2063,0
2064,0.0271662
2065,0
2066,0.00799006
2067,0
2068,0.0120739
2069,0.0303622
2070,0.128729
2071,0.0326705
2072,0.0799006
2073,0.0955256
2074,0
2075,0.0310724
2076,0
2077,0.0271662
2078,0.0234375
2079,0.0310724
2080,0
2081,0.0363991
2082,0.024858
2083,0.0149148
2084,0.00550426
2085,0.0330256
2086,0
2087,0
2088,0.0706676
2089,0.0907315
2090,0.0655185
2091,0
2092,0
2093,0
2094,0.0193537
2095,0.0282315
2096,0
2097,0.0664062
2098,0.0379972
2099,0
2100,0.0150923
2101,0.0493608
2102,0
2103,0.0243253
2104,0.00390625
2105,0.064098
2106,0.0349787
2107,0.0170455
2108,0.0159801
2109,0.13228
2110,0.147727
2111,0.0930398
2112,0.0818537
2113,0.0168679
2114,0
2115,0.0161577
2116,0.0213068
2117,0
2118,0.0145597
2119,0
2120,0
2121,0.0165128
2122,0.0133168
2123,0
2124,0.0145597
2125,0.0346236
2126,0.00568182
2127,0
2128,0.0170455
2129,0.0768821
2130,0.0843395
2131,0
2132,0.00816761
2133,0.0175781
2134,0.0925071
2135,0.0266335
2136,0.0149148
2137,0.500355
2138,0.490057
2139,0.501953
2140,0.494141
2141,0.485263
2142,0.506392
2143,0.506925
2144,0.496626
2145,0.495384
2146,0.498224
2147,0.0269886
2148,0.0285866
2149,0.0321378
2150,0
2151,0.0323153
2152,0.0346236
2153,0.015625
2154,0.0191761
2155,0.0241477
2156,0.0186435
2157,0
2158,0.0118963
2159,0.0253906
2160,0.0184659
2161,0.0435014
2162,0
2163,0.0772372
2164,0
2165,0.0213068
2166,0.00958807
2167,0.032848
2168,0
2169,0
2170,0
2171,0
2172,0
2173,0
2174,0.124112
2175,0.0619673
2176,0
2177,0.0433239
2178,0.00994318
2179,0.0102983
2180,0.115767
2181,0
2182,0.0268111
2183,0.160866
2184,0.0378196
2185,0.112393
2186,0.0257457
2187,0.0117188
2188,0.00870028
2189,0.0241477
2190,0.0385298
2191,0.0102983
2192,0.0170455
2193,0.0159801
2194,0
2195,0.0275213
2196,0.014027
2197,0.0117188
2198,0.142223
2199,0.0301847
2200,0.0598366
2201,0.0202415
2202,0.0223722
2203,0
2204,0
2205,0.0239702
2206,0
2207,0.0214844
2208,0.0284091
2209,0.0245028
2210,0.0497159
2211,0.136896
2212,0
2213,0.0122514
2214,0.0498935
2215,0.0687145
2216,0.018821
2217,0.088956
2218,0.0356889
2219,0.0303622
2220,0.0181108
2221,0.115945
2222,0.0545099
2223,0.0193537
2224,0.0316051
2225,0.0395952
2226,0.0356889
2227,0.0232599
2228,0.0651634
2229,0
2230,0
2231,0
2232,0.0177557
2233,0.00603693
2234,0.0372869
2235,0.00799006
2236,0
2237,0
2238,0
2239,0.0154474
2240,0.0335582
2241,0
2242,0.0580611
2243,0.0122514
2244,0.00585938
2245,0.00372869
2246,0.0237926
2247,0.0303622
2248,0.0429688
2249,0.0939276
2250,0.0553977
2251,0.0584162
2252,0.188743
2253,0.135298
2254,0
2255,0
2256,0.0465199
2257,0.0147372
2258,0.152166
2259,0.121982
2260,0
2261,0
2262,0.00816761
2263,0.00870028
2264,0
2265,0.135298
2266,0.029652
2267,0
2268,0.0168679
2269,0.00585938
2270,0.014027
2271,0.00461648
2272,0.0181108
2273,0
2274,0.00852273
2275,0.0078125
2276,0.0165128
2277,0.00674716
2278,0
2279,0.0939276
2280,0.0784801
2281,0.0355114
2282,0.179865
2283,0
2284,0.0935724
2285,0.0205966
2286,0.0843395
2287,0.00585938
2288,0
2289,0.0443892
2290,0.0165128
2291,0.0415483
2292,0.00941051
2293,0.0772372
2294,0.113281
2295,0.0126065
2296,0.012429
2297,0.0307173
2298,0.0163352
2299,0.0195312
2300,0.0182884
2301,0
2302,0.0601918
2303,0.101918
2304,0.0205966
2305,0.00639205
2306,0.0152699
2307,0
2308,0.176491
2309,0.115057
2310,0
2311,0.00230824
2312,0.00621449
2313,0.0186435
2314,0.0294744
2315,0.074929
2316,0
2317,0.0696023
2318,0
2319,0.0287642
2320,0.00710227
2321,0
2322,0
2323,0
2324,0.0269886
2325,0
2326,0.00958807
2327,0
2328,0.0143821
2329,0.0120739
2330,0
2331,0.00692472
2332,0.224787
2333,0.0276989
2334,0.064098
2335,0
2336,0.0316051
2337,0
2338,0.0720881
2339,0.0546875
2340,0.00870028
2341,0.0337358
2342,0.0205966
2343,0.0158026
2344,0.0756392
2345,0.0719105
2346,0.0472301
2347,0.0557528
2348,0.125533
2349,0.0356889
2350,0.00887784
2351,0.0422585
2352,0.145597
2353,0.017223
2354,0.00337358
2355,0.00355114
2356,0
2357,0.21946
2358,0.0129616
2359,0
2360,0.0209517
2361,0
2362,0.0126065
2363,0.0594815
2364,0.194602
2365,0.0314276
2366,0.0779474
2367,0
2368,0.0456321
2369,0.00763494
2370,0.195135
2371,0
2372,0.0520241
2373,0.0903764
2374,0.00799006
2375,0.0182884
2376,0
2377,0.0102983
2378,0.00887784
2379,0.0438565
2380,0.111683
2381,0.00870028
2382,0.00550426
2383,0.0101207
2384,0.0134943
2385,0
2386,0
2387,0.0131392
2388,0.0475852
2389,0.0333807
2390,0.0335582
2391,0.0198864
2392,0.0701349
2393,0.0392401
2394,0
2395,0.0601918
2396,0.161399
2397,0.130682
2398,0.0415483
2399,0.0136719
2400,0.00372869
2401,0.0763494
2402,0
2403,0.0388849
2404,0
2405,0
2406,0.104226
2407,0.012429
2408,0.0893111
2409,0.0113636
2410,0.179332
2411,0.113459
2412,0.059304
2413,0.0211293
2414,0
2415,0.0507812
2416,0.0987216
2417,0.026456
2418,0.0422585
2419,0.00816761
2420,0.0163352
2421,0.0115412
2422,0.0562855
2423,0.0314276
2424,0.0213068
2425,0.0321378
2426,0.129794
2427,0.0965909
2428,0.0541548
2429,0
2430,0
2431,0.0536222
2432,0
2433,0.113636
2434,0
2435,0.0539773
2436,0
2437,0.0429688
2438,0
2439,0
2440,0
2441,0.0213068
2442,0.11843
2443,0.0363991
2444,0.0186435
2445,0.0291193
2446,0.0191761
2447,0.0335582
2448,0.167259
2449,0.0300071
2450,0
2451,0.095348
2452,0.0115412
2453,0
2454,0.017223
2455,0
2456,0.0179332
2457,0.119851
2458,0.0385298
2459,0
2460,0
2461,0.0177557
2462,0.0179332
2463,0
2464,0.0234375
2465,0.11701
2466,0
2467,0.0118963
2468,0.0552202
2469,0.0104759
2470,0
2471,0.0241477
2472,0.0216619
2473,0.0901989
2474,0.022017
2475,0
2476,0
2477,0
2478,0
2479,0.0246804
2480,0.00799006
2481,0.0914418
2482,0.0294744
2483,0.0381747
2484,0.0442116
2485,0.0541548
2486,0.050071
2487,0.026456
2488,0
2489,0.0369318
2490,0.291016
2491,0.00834517
2492,0.0536222
2493,0.03125
2494,0
2495,0.0115412
2496,0.0106534
2497,0
2498,0.0214844
2499,0.0257457
2500,0.0807884
2501,0
2502,0.0857599
2503,0
2504,0
2505,0.285866
2506,0.00284091
2507,0.0866477
2508,0
2509,0.0671165
2510,0.0232599
2511,0.0569957
2512,0
2513,0.0355114
2514,0.0143821
2515,0
2516,0.154119
2517,0.0136719
2518,0
2519,0
2520,0.020419
2521,0.0326705
2522,0
2523,0
2524,0.043679
2525,0.0665838
2526,0
2527,0.0131392
2528,0.0278764
2529,0.0142045
2530,0.0189986
2531,0.0591264
2532,0.0117188
2533,0.0445668
2534,0.0758168
2535,0.0262784
2536,0
2537,0.028054
2538,0.00674716
2539,0.0193537
2540,0.0143821
2541,0
2542,0
2543,0.00834517
2544,0.0896662
2545,0.0610795
2546,0.00603693
2547,0.0626776
2548,0.0573509
2549,0.00923295
2550,0
2551,0.0237926
2552,0.0324929
2553,0.0216619
2554,0.170987
2555,0
2556,0
2557,0
2558,0
2559,0
2560,0.0466974
2561,0.125178
2562,0.0127841
2563,0
2564,0.0507812
2565,0.0284091
2566,0.00550426
2567,0.0411932
2568,0
2569,0.0459872
2570,0
2571,0.00745739
2572,0.0134943
2573,0.0330256
2574,0.0321378
2575,0.0184659
2576,0.00674716
2577,0.029652
2578,0.0301847
2579,0
2580,0
2581,0
2582,0.03125
2583,0
2584,0
2585,0.0115412
2586,0
2587,0.092152
2588,0.0374645
2589,0.0236151
2590,0.145419
2591,0.0243253
2592,0.00710227
2593,0.0628551
2594,0.0115412
2595,0
2596,0.043679
2597,0
2598,0.0406605
2599,0.0383523
2600,0.0174006
2601,0.0170455
2602,0.0408381
2603,0.0637429
2604,0
2605,0
2606,0
2607,0.0150923
2608,0.0053267
2609,0
2610,0.051669
2611,0
2612,0
2613,0.0230824
2614,0.0195312
2615,0.0301847
2616,0.138672
2617,0.0424361
2618,0.0133168
2619,0.0850497
2620,0.107777
2621,0
2622,0.057706
2623,0.028054
2624,0.0118963
2625,0.0458097
2626,0.0410156
2627,0
2628,0.0522017
2629,0.0504261
2630,0.0761719
2631,0.0894886
2632,0.0403054
2633,0.0543324
2634,0.0202415
2635,0.129439
2636,0
2637,0.010831
2638,0.185192
2639,0.0230824
2640,0
2641,0.0117188
2642,0
2643,0.0262784
2644,0.136541
2645,0.0197088
2646,0
2647,0
2648,0.0330256
2649,0.00568182
2650,0.0053267
2651,0.0371094
2652,0.0573509
2653,0.284801
2654,0
2655,0.0214844
2656,0
2657,0.0262784
2658,0
2659,0
2660,0.00994318
2661,0
2662,0.00763494
2663,0.0754616
2664,0.0669389
2665,0
2666,0.0321378
2667,0.0174006
2668,0.0266335
2669,0.121804
2670,0.0314276
2671,0.125533
2672,0.0200639
2673,0.0268111
2674,0.0479403
2675,0.00870028
2676,0.0163352
2677,0
2678,0
2679,0.00727983
2680,0.0101207
2681,0.0450994
2682,0.00763494
2683,0.0177557
2684,0
2685,0.0102983
2686,0.026456
2687,0.0181108
2688,0.024858
2689,0.0667614
2690,0.0324929
2691,0.0303622
2692,0.0184659
2693,0
2694,0
2695,0
2696,0
2697,0
2698,0
2699,0.034446
2700,0
2701,0.0317827
2702,0
2703,0
2704,0.00852273
2705,0.0692472
2706,0.0442116
2707,0
2708,0
2709,0.034446
2710,0.00745739
2711,0.0495384
2712,0
2713,0.0676491
2714,0.00337358
2715,0.0136719
2716,0.0910866
2717,0.0676491
2718,0.0110085
2719,0
2720,0.0200639
2721,0.0424361
2722,0.0509588
2723,0.00426136
2724,0.0154474
2725,0.0571733
2726,0
2727,0
2728,0.00923295
2729,0.0353338
2730,0.177912
2731,0.0138494
2732,0.0527344
2733,0.0637429
2734,0.0584162
2735,0
2736,0.0104759
2737,0.0300071
2738,0.0229048
2739,0.136364
2740,0.105646
2741,0
2742,0.00923295
2743,0.0411932
2744,0.0417259
2745,0.0101207
2746,0.0214844
2747,0.0550426
2748,0.0472301
2749,0.00852273
2750,0.088956
2751,0.040483
2752,0.0548651
2753,0.0488281
2754,0
2755,0.0229048
2756,0.0257457
2757,0
2758,0
2759,0.14098
2760,0
2761,0.0630327
2762,0.0179332
2763,0.024858
2764,0
2765,0
2766,0.0809659
2767,0.00852273
2768,0.00692472
2769,0.0349787
2770,0.00870028
2771,0.0285866
2772,0.0763494
2773,0.0649858
2774,0
2775,0
2776,0.0101207
2777,0
2778,0.0493608
2779,0
2780,0.00674716
2781,0.0603693
2782,0.0154474
2783,0.0301847
2784,0
2785,0.149858
2786,0
2787,0
2788,0
2789,0.0291193
2790,0.00745739
2791,0.0406605
2792,0.0449219
2793,0.012429
2794,0.0438565
2795,0.0323153
2796,0.0495384
2797,0.0143821
2798,0
2799,0.128729
2800,0
2801,0.0841619
2802,0.0166903
2803,0.0174006
2804,0.0465199
2805,0.0642756
2806,0
2807,0.0603693
2808,0.017223
2809,0
2810,0.0181108
2811,0
2812,0.0891335
2813,0.0110085
2814,0
2815,0.012429
2816,0.0387074
2817,0.00994318
2818,0.137251
2819,0.0118963
2820,0.111151
2821,0.00621449
2822,0.0216619
2823,0.0207741
2824,0
2825,0.0475852
2826,0.00727983
2827,0
2828,0.024858
2829,0.0392401
2830,0.00834517
2831,0.0269886
2832,0.0530895
2833,0
2834,0.0133168
2835,0.0633878
2836,0
2837,0.0356889
2838,0.153409
2839,0.00692472
2840,0.00941051
2841,0.00692472
2842,0.0349787
2843,0.00958807
2844,0.0136719
2845,0.0142045
2846,0.0250355
2847,0.120561
2848,0.0214844
2849,0.0901989
2850,0.0241477
2851,0
2852,0.0932173
2853,0.00727983
2854,0.0477628
2855,0.0174006
2856,0.0255682
2857,0
2858,0.0250355
2859,0.148615
2860,0.082919
2861,0
2862,0.0385298
2863,0.156783
2864,0.0628551
2865,0.0262784
2866,0.0713778
2867,0.0346236
2868,0
2869,0
2870,0.0507812
2871,0.0111861
2872,0
2873,0.015625
2874,0
2875,0.0871804
2876,0
2877,0.11044
2878,0
2879,0.0182884
2880,0.042081
2881,0.0498935
2882,0.0120739
2883,0.123047
2884,0.0170455
2885,0.0232599
2886,0.103516
2887,0.0298295
2888,0.105469
2889,0.0234375
2890,0.159979
2891,0.162287
2892,0.115234
2893,0.0134943
2894,0.0136719
2895,0.032848
2896,0.0600142
2897,0.0443892
2898,0.017223
2899,0.0651634
2900,0.0974787
2901,0
2902,0.0113636
2903,0.0166903
2904,0.0646307
2905,0.0133168
2906,0.0243253
2907,0
2908,0
2909,0.0681818
2910,0.0276989
2911,0
2912,0.0486506
2913,0.0724432
2914,0.00745739
2915,0.0340909
2916,0.0115412
2917,0
2918,0.0671165
2919,0.00603693
2920,0.0289418
2921,0.0310724
2922,0.0186435
2923,0
2924,0.0261009
2925,0.0090554
2926,0.0126065
2927,0.0193537
2928,0.0282315
2929,0
2930,0.0207741
2931,0.0463423
2932,0.0104759
2933,0.0729759
2934,0.00674716
2935,0.0243253
2936,0.0330256
2937,0.0431463
2938,0.00674716
2939,0.125178
2940,0.0708452
2941,0
2942,0.0488281
2943,0.0213068
2944,0.0301847
2945,0.114347
2946,0.0585938
2947,0.0303622
2948,0
2949,0
2950,0.0625
2951,0
2952,0
2953,0
2954,0.00870028
2955,0.00514915
2956,0.0253906
2957,0.128196
2958,0
2959,0.0646307
2960,0.0534446
2961,0.0232599
2962,0.037642
2963,0.0308949
2964,0
2965,0.0189986
2966,0.161932
2967,0
2968,0.0740412
2969,0.0273438
2970,0
2971,0.0122514
2972,0.0266335
2973,0.0118963
2974,0.0255682
2975,0.0800781
2976,0
2977,0.00568182
2978,0.03125
2979,0.0552202
2980,0
2981,0.0110085
2982,0.012429
2983,0
2984,0.0198864
2985,0.0181108
2986,0.0427912
2987,0.114347
2988,0.0349787
2989,0.0330256
2990,0.0537997
2991,0.028054
2992,0.0486506
2993,0
2994,0.0102983
2995,0.0102983
2996,0
2997,0.0168679
2998,0.196378
2999,0.056108
3000,0.0870028
3001,0
3002,0
3003,0.0229048
3004,0.0252131
3005,0
3006,0.0962358
3007,0.0195312
3008,0.0694247
3009,0
3010,0.0090554
3011,0
3012,0
3013,0.0166903
3014,0.0466974
3015,0.0227273
3016,0
3017,0.00568182
3018,0
3019,0
3020,0.0525568
3021,0
3022,0.0486506
3023,0.0292969
3024,0
3025,0
3026,0.0102983
3027,0
3028,0.0236151
3029,0.00923295
3030,0.0353338
3031,0
3032,0
3033,0.0330256
3034,0.0262784
3035,0.0639205
3036,0.00852273
3037,0.0239702
3038,0.00745739
3039,0.0301847
3040,0.0919744
3041,0.0129616
3042,0
3043,0.152699
3044,0.00745739
3045,0.0253906
3046,0.0115412
3047,0.0230824
3048,0.0566406
3049,0
3050,0
3051,0.0342685
3052,0.0385298
3053,0
3054,0.00745739
3055,0
3056,0
3057,0.147372
3058,0.0221946
3059,0.051669
3060,0.0498935
3061,0.0158026
3062,0.0243253
3063,0.0165128
3064,0.0191761
3065,0.0177557
3066,0.00994318
3067,0
3068,0.0877131
3069,0.105469
3070,0
3071,0.0245028
3072,0
3073,0.0841619
3074,0
3075,0
3076,0
3077,0.140092
3078,0.0110085
3079,0.0422585
3080,0.0221946
3081,0.0378196
3082,0.0454545
3083,0.0111861
3084,0
3085,0.0117188
3086,0
3087,0.0122514
3088,0.0195312
3089,0.0111861
3090,0
3091,0.0159801
3092,0.028054
3093,0.0245028
3094,0.00870028
3095,0.0316051
3096,0.0284091
3097,0
3098,0
3099,0.0252131
3100,0.0102983
3101,0.0591264
3102,0.0665838
3103,0
3104,0.0355114
3105,0.084517
3106,0.0301847
3107,0
3108,0.0575284
3109,0.0490057
3110,0.0191761
3111,0.0431463
3112,0.0308949
3113,0
3114,0.014027
3115,0
3116,0.043679
3117,0.0131392
3118,0.0241477
3119,0.302912
3120,0.0292969
3121,0.13956
3122,0.102983
3123,0.010831
3124,0
3125,0.065696
3126,0.0999645
3127,0.0154474
3128,0
3129,0.0117188
3130,0.192649
3131,0.079723
3132,0
3133,0.0846946
3134,0
3135,0.165128
3136,0.00727983
3137,0.0147372
3138,0.0166903
3139,0.0506037
3140,0
3141,0.00958807
3142,0.0282315
3143,0.0671165
3144,0.110085
3145,0.292791
3146,0.18022
3147,0
3148,0
3149,0.125533
3150,0
3151,0.159446
3152,0.0118963
3153,0.0287642
3154,0.0321378
3155,0.218217
3156,0.071733
3157,0.0126065
3158,0.0886009
3159,0.0269886
3160,0
3161,0
3162,0
3163,0
3164,0.0305398
3165,0.0213068
3166,0.111151
3167,0.00994318
3168,0.0195312
3169,0.034446
3170,0.147017
3171,0.0973011
3172,0.020419
3173,0.0147372
3174,0.0292969
3175,0
3176,0.0245028
3177,0
3178,0.096946
3179,0
3180,0.132457
3181,0.0314276
3182,0.00621449
3183,0.0159801
3184,0
3185,0.0332031
3186,0.00727983
3187,0.0598366
3188,0.00994318
3189,0.225675
3190,0.029652
3191,0.018821
3192,0.0543324
3193,0.0878906
3194,0.123757
3195,0.0181108
3196,0.0438565
3197,0
3198,0.059304
3199,0
3200,0.0118963
3201,0.120916
3202,0.182884
3203,0.0163352
3204,0
3205,0.123935
3206,0.0539773
3207,0.0424361
3208,0.0745739
3209,0.0363991
3210,0.129261
3211,0.0625
3212,0
3213,0.0310724
3214,0.0395952
3215,0.165838
3216,0
3217,0.0136719
3218,0.0470526
3219,0
3220,0
3221,0.0174006
3222,0.125
3223,0.172408
3224,0.10902
3225,0
3226,0.026456
3227,0
3228,0.059304
3229,0.162464
3230,0
3231,0.0177557
3232,0.151989
3233,0.0259233
3234,0.31978
3235,0.0378196
3236,0
3237,0
3238,0.143643
3239,0.0935724
3240,0.0110085
3241,0
3242,0.161399
3243,0
3244,0.0447443
3245,0.0358665
3246,0.0259233
3247,0.00923295
3248,0.0426136
3249,0.0189986
3250,0.0442116
3251,0
3252,0
3253,0.0246804
3254,0.150746
3255,0.0221946
3256,0
3257,0.029652
3258,0.0736861
3259,0.0372869
3260,0
3261,0.0433239
3262,0.0165128
3263,0.0202415
3264,0.0126065
3265,0.0506037
3266,0.235085
3267,0.0317827
3268,0
3269,0
3270,0.0207741
3271,0.0221946
3272,0.0252131
3273,0.0610795
3274,0.0509588
3275,0.0298295
3276,0.0491832
3277,0.294212
3278,0.00461648
3279,0
3280,0.0614347
3281,0.273082
3282,0.0399503
3283,0.0301847
3284,0.0339134
3285,0.0518466
3286,0.0142045
3287,0.0429688
3288,0.147372
3289,0.135298
3290,0
3291,0.0419034
3292,0.0401278
3293,0.0367543
3294,0.0704901
3295,0.0522017
3296,0.0488281
3297,0
3298,0.0179332
3299,0.0660511
3300,0.0367543
3301,0
3302,0.1163
3303,0.00692472
3304,0
3305,0
3306,0.201527
3307,0.0980114
3308,0.13228
3309,0
3310,0
3311,0.0514915
3312,0.0259233
3313,0
3314,0
3315,0
3316,0
3317,0.0408381
3318,0.0197088
3319,0.0261009
3320,0
3321,0.0514915
3322,0.0136719
3323,0.0223722
3324,0.0316051
3325,0.034446
3326,0.0207741
3327,0.0756392
3328,0.0419034
3329,0
3330,0.042081
3331,0
3332,0.0330256
3333,0.3212
3334,0.0557528
3335,0.0090554
3336,0.20419
3337,0
3338,0.199219
3339,0.0701349
3340,0.10902
3341,0.0255682
3342,0.0392401
3343,0
3344,0
3345,0
3346,0.017223
3347,0.0134943
3348,0.0758168
3349,0
3350,0.0653409
3351,0.0166903
3352,0
3353,0.0152699
3354,0.0522017
3355,0.0154474
3356,0.0163352
3357,0
3358,0.0321378
3359,0.102983
3360,0.00585938
3361,0.158558
3362,0.142756
3363,0.0470526
3364,0
3365,0.13956
3366,0
3367,0
3368,0
3369,0.0255682
3370,0.0543324
3371,0
3372,0.13228
3373,0.0261009
3374,0.0692472
3375,0.0163352
3376,0.139027
3377,0.0232599
3378,0.00941051
3379,0.010831
3380,0.0658736
3381,0.0255682
3382,0.00674716
3383,0.0285866
3384,0.0310724
3385,0.012429
3386,0.0960582
3387,0.00870028
3388,0.0543324
3389,0.0550426
3390,0.012429
3391,0
3392,0
3393,0
3394,0.0246804
3395,0.0211293
3396,0.0165128
3397,0.095348
3398,0
3399,0.00834517
3400,0.335405
3401,0
3402,0.313565
3403,0.0470526
3404,0.0129616
3405,0.024858
3406,0
3407,0.0131392
3408,0
3409,0.0174006
3410,0
3411,0.29794
3412,0.0255682
3413,0.00923295
3414,0.0205966
3415,0.0392401
3416,0.206499
3417,0
3418,0.0708452
3419,0
3420,0.032848
3421,0.0120739
3422,0.095348
3423,0
3424,0.0104759
3425,0.0262784
3426,0.0346236
3427,0.00745739
3428,0.29581
3429,0.074929
3430,0
3431,0
3432,0.0410156
3433,0
3434,0.229226
3435,0.014027
3436,0.00568182
3437,0
3438,0.0427912
3439,0.073331
3440,0.0292969
3441,0.0150923
3442,0.024858
3443,0.0415483
3444,0.188743
3445,0.0276989
3446,0.0381747
3447,0.0115412
3448,0.0321378
3449,0.0282315
3450,0.161932
3451,0
3452,0
3453,0.043679
3454,0.00284091
3455,0.0129616
3456,0.0104759
3457,0
3458,0.129972
3459,0
3460,0
3461,0.0690696
3462,0.0429688
3463,0.0919744
3464,0.0390625
3465,0.0237926
3466,0.102983
3467,0.104048
3468,0.00923295
3469,0
3470,0.00958807
3471,0.0415483
3472,0
3473,0.0216619
3474,0.0332031
3475,0
3476,0.0053267
3477,0.0415483
3478,0.151278
3479,0.0149148
3480,0.0110085
3481,0.129261
3482,0.0818537
3483,0.0229048
3484,0.125533
3485,0.122337
3486,0.0234375
3487,0
3488,0.0065696
3489,0
3490,0.158203
3491,0.0378196
3492,0.00692472
3493,0.0678267
3494,0.0339134
3495,0.0120739
3496,0.0216619
3497,0.0488281
3498,0.0990767
3499,0.0189986
3500,0.121982
3501,0
3502,0.0417259
3503,0.081321
3504,0.0330256
3505,0.111506
3506,0.018821
3507,0.034446
3508,0.198686
3509,0.045277
3510,0.00958807
3511,0
3512,0.00497159
3513,0.148615
3514,0.0197088
3515,0.0410156
3516,0
3517,0
3518,0.00799006
3519,0.0246804
3520,0.0166903
3521,0.0701349
3522,0.020419
3523,0
3524,0
3525,0.0339134
3526,0.0862926
3527,0
3528,0.0472301
3529,0
3530,0
3531,0.0553977
3532,0.130327
3533,0
3534,0.0777699
3535,0.0644531
3536,0
3537,0.00568182
3538,0
3539,0
3540,0
3541,0.10032
3542,0.0791903
3543,0.0184659
3544,0.00958807
3545,0.00994318
3546,0.00870028
3547,0.23402
3548,0.0317827
3549,0
3550,0.0261009
3551,0
3552,0
3553,0.119851
3554,0
3555,0
3556,0.0463423
3557,0.00639205
3558,0.0809659
3559,0
3560,0.0090554
3561,0.00834517
3562,0.00834517
3563,0
3564,0.0445668
3565,0
3566,0
3567,0.00745739
3568,0.0427912
3569,0
3570,0.0729759
3571,0.0639205
3572,0
3573,0
3574,0.0619673
3575,0.0207741
3576,0.0126065
3577,0.168679
3578,0
3579,0.0236151
3580,0.0351562
3581,0.148438
3582,0.00461648
3583,0.0273438
3584,0.0852273
3585,0.0200639
3586,0
3587,0.0541548
3588,0.165305
3589,0.100675
3590,0.0584162
3591,0.0104759
3592,0.0111861
3593,0.0648082
3594,0
3595,0
3596,0.0243253
3597,0
3598,0.0316051
3599,0.0110085
3600,0
3601,0.0387074
3602,0
3603,0.0642756
3604,0.00816761
3605,0.00994318
3606,0.00585938
3607,0.152876
3608,0.00727983
3609,0.0195312
3610,0.0340909
3611,0.110618
3612,0.015625
3613,0
3614,0.158381
3615,0.0230824
3616,0
3617,0.165661
3618,0.0917969
3619,0.010831
3620,0.0852273
3621,0.0971236
3622,0.00816761
3623,0
3624,0.0282315
3625,0.124822
3626,0
3627,0.0573509
3628,0.0568182
3629,0.0053267
3630,0.0491832
3631,0.0195312
3632,0.0527344
3633,0.0236151
3634,0.0129616
3635,0.0205966
3636,0.0410156
3637,0
3638,0.020419
3639,0.0223722
3640,0.014027
3641,0
3642,0.0319602
3643,0.179865
3644,0
3645,0.0227273
3646,0.024858
3647,0
3648,0
3649,0.0422585
3650,0.0182884
3651,0.0333807
3652,0.105646
3653,0
3654,0.0298295
3655,0
3656,0.0664062
3657,0.00834517
3658,0.0303622
3659,0
3660,0
3661,0.163175
3662,0
3663,0.057706
3664,0.0381747
3665,0
3666,0.137607
3667,0.0335582
3668,0
3669,0.0221946
3670,0.0465199
3671,0.106712
3672,0
3673,0
3674,0
3675,0.0710227
3676,0.00958807
3677,0.176314
3678,0
3679,0.128374
3680,0.0323153
3681,0.0189986
3682,0.0406605
3683,0
3684,0
3685,0.131392
3686,0.0241477
3687,0
3688,0
3689,0.0324929
3690,0
3691,0.0275213
3692,0.156072
3693,0
3694,0.0832741
3695,0.0783026
3696,0.0314276
3697,0.0340909
3698,0.0397727
3699,0.00834517
3700,0.0234375
3701,0.0687145
3702,0.088956
3703,0.144886
3704,0.0182884
3705,0.0143821
3706,0
3707,0
3708,0
3709,0.151456
3710,0
3711,0.00497159
3712,0.0310724
3713,0.0607244
3714,0.179332
3715,0
3716,0.0632102
3717,0.078125
3718,0.00745739
3719,0.0268111
3720,0.0383523
3721,0.0142045
3722,0
3723,0.0126065
3724,0.00461648
3725,0
3726,0
3727,0.0454545
3728,0.00550426
3729,0.0578835
3730,0.0241477
3731,0.0578835
3732,0.0928622
3733,0.0118963
3734,0.14098
3735,0
3736,0.132102
3737,0
3738,0
3739,0.146662
3740,0.00514915
3741,0
3742,0
3743,0
3744,0
3745,0.0266335
3746,0.0365767
3747,0.14169
3748,0.00816761
3749,0
3750,0.142756
3751,0.0495384
3752,0.0411932
3753,0.195312
3754,0.0727983
3755,0
3756,0
3757,0
3758,0.122337
3759,0.00887784
3760,0.0809659
3761,0.105291
3762,0.0909091
3763,0.0305398
3764,0.0165128
3765,0.0237926
3766,0.0239702
3767,0.0569957
3768,0.0207741
3769,0
3770,0.022017
3771,0.153587
3772,0
3773,0
3774,0
3775,0
3776,0
3777,0
3778,0.121449
3779,0.0179332
3780,0
3781,0.0154474
3782,0.0182884
3783,0.0454545
3784,0.0106534
3785,0.107777
3786,0.0174006
3787,0.199929
3788,0
3789,0.0287642
3790,0.150213
3791,0.0131392
3792,0.0307173
3793,0.00603693
3794,0.0101207
3795,0.0104759
3796,0.0584162
3797,0.0276989
3798,0.0431463
3799,0.0230824
3800,0.148793
3801,0.0078125
3802,0.0177557
3803,0.0158026
3804,0.0369318
3805,0.0101207
3806,0.00799006
3807,0.0594815
3808,0
3809,0
3810,0.0225497
3811,0.0308949
3812,0
3813,0.0394176
3814,0
3815,0.106357
3816,0.037642
3817,0
3818,0.0506037
3819,0.11843
3820,0.1163
3821,0
3822,0.0122514
3823,0.147372
3824,0.00372869
3825,0.167969
3826,0.0363991
3827,0
3828,0
3829,0.107422
3830,0.0278764
3831,0.0273438
3832,0
3833,0.0896662
3834,0.0136719
3835,0
3836,0.199751
3837,0.0236151
3838,0.15554
3839,0.0174006
3840,0
3841,0.00887784
3842,0.0131392
3843,0.020419
3844,0.0809659
3845,0.0298295
3846,0.0232599
3847,0.0310724
3848,0
3849,0.0454545
3850,0.0836293
3851,0.0120739
3852,0
3853,0.0852273
3854,0.0308949
3855,0.0358665
3856,0.0591264
3857,0.0131392
3858,0.00692472
3859,0
3860,0.00745739
3861,0.0715554
3862,0.0104759
3863,0.147372
3864,0.00585938
3865,0.0506037
3866,0.0310724
3867,0.137074
3868,0.0603693
3869,0.149503
3870,0
3871,0
3872,0
3873,0.024858
3874,0.00852273
3875,0
3876,0
3877,0.00958807
3878,0.0275213
3879,0.014027
3880,0.0154474
3881,0.0300071
3882,0.0241477
3883,0
3884,0.0374645
3885,0.124645
3886,0
3887,0.0118963
3888,0.0474077
3889,0.0525568
3890,0.0392401
3891,0.00763494
3892,0.142045
3893,0.130504
3894,0.067294
3895,0.180575
3896,0.00426136
3897,0.0181108
3898,0.00799006
3899,0.0214844
3900,0
3901,0.114347
3902,0.22603
3903,0.0106534
3904,0.0392401
3905,0.100497
3906,0
3907,0
3908,0.0701349
3909,0.11843
3910,0
3911,0.0667614
3912,0.131037
3913,0.0951705
3914,0.0245028
3915,0.00443892
3916,0.0282315
3917,0.0090554
3918,0.199929
3919,0.0830966
3920,0.0779474
3921,0.0239702
3922,0.146307
3923,0.0724432
3924,0
3925,0.0113636
3926,0.166903
3927,0
3928,0.0339134
3929,0.0703125
3930,0.14826
3931,0.175249
3932,0
3933,0.0310724
3934,0
3935,0.0276989
3936,0.0106534
3937,0.0465199
3938,0.00727983
3939,0.0447443
3940,0
3941,0.00834517
3942,0.0502486
3943,0.0633878
3944,0
3945,0
3946,0.00710227
3947,0
3948,0.0648082
3949,0
3950,0.139915
3951,0.0388849
3952,0.0127841
3953,0.0287642
3954,0.0543324
3955,0.0351562
3956,0
3957,0.0388849
3958,0.0381747
3959,0.0143821
3960,0.0550426
3961,0
3962,0.0298295
3963,0.0662287
3964,0.00816761
3965,0.0133168
3966,0.0122514
3967,0.0213068
3968,0.0158026
3969,0.0562855
3970,0
3971,0.00621449
3972,0.144886
3973,0.071733
3974,0.176136
3975,0.00372869
3976,0.0115412
3977,0.17951
3978,0
3979,0.0104759
3980,0.0731534
3981,0.149148
3982,0
3983,0.0348011
3984,0.165483
3985,0.00870028
3986,0
3987,0.0262784
3988,0.0165128
3989,0.00585938
3990,0
3991,0.00941051
3992,0.032848
3993,0.00976562
3994,0.0298295
3995,0.00923295
3996,0.0053267
3997,0.00745739
3998,0
3999,0.0127841
4000,0.153232
4001,0.0245028
4002,0.0346236
4003,0.182884
4004,0.00923295
4005,0
4006,0.037642
4007,0.0456321
4008,0.0926847
4009,0
4010,0
4011,0.0133168
4012,0.00852273
4013,0.1163
4014,0.0113636
4015,0
4016,0
4017,0
4018,0
4019,0
4020,0.0138494
4021,0
4022,0.0165128
4023,0.0143821
4024,0
4025,0.0291193
4026,0
4027,0
4028,0
4029,0.0118963
4030,0
4031,0.0282315
4032,0.0126065
4033,0.0690696
4034,0.0213068
4035,0.0372869
4036,0.219993
4037,0.0145597
4038,0
4039,0.0090554
4040,0
4041,0
4042,0.00585938
4043,0.00710227
4044,0.0619673
4045,0
4046,0.00603693
4047,0.00514915
4048,0.00958807
4049,0
4050,0.0266335
4051,0
4052,0.0371094
4053,0.012429
4054,0.0158026
4055,0
4056,0.0470526
4057,0.00852273
4058,0.112926
4059,0.0209517
4060,0.00852273
4061,0
4062,0.0161577
4063,0.120916
4064,0.00745739
4065,0.00497159
4066,0
4067,0.00639205
4068,0
4069,0.0667614
4070,0.00603693
4071,0.0710227
4072,0.0273438
4073,0.0310724
4074,0.0149148
4075,0.0181108
4076,0
4077,0.0154474
4078,0
4079,0
4080,0.0269886
4081,0
4082,0
4083,0
4084,0
4085,0
4086,0
4087,0.0330256
4088,0
4089,0.0202415
4090,0.0207741
4091,0.0150923
4092,0.0681818
4093,0.0447443
4094,0.0395952
4095,0.0236151
4096,0.00585938
4097,0.0919744
4098,0.00976562
4099,0.0273438
4100,0.00710227
4101,0.022017
4102,0
4103,0.0928622
4104,0.0168679
4105,0.0520241
4106,0.00887784
4107,0.106001
4108,0.028054
4109,0.0225497
4110,0.0965909
4111,0.0104759
4112,0.0111861
4113,0.0557528
4114,0.0507812
4115,0
4116,0.032848
4117,0.00745739
4118,0.034446
4119,0.0147372
4120,0
4121,0.00390625
4122,0.0239702
4123,0.053267
4124,0
4125,0
4126,0.0234375
4127,0.0477628
4128,0.165661
4129,0.0411932
4130,0.0752841
4131,0.0566406
4132,0
4133,0
4134,0.0102983
4135,0
4136,0.00408381
4137,0.0143821
4138,0.00479403
4139,0.161754
4140,0.0090554
4141,0.0182884
4142,0.0724432
4143,0.0495384
4144,0.00461648
4145,0.19478
4146,0
4147,0
4148,0
4149,0.0175781
4150,0.0255682
4151,0.0129616
4152,0.00727983
4153,0.0479403
4154,0.0712003
4155,0
4156,0
4157,0.0207741
4158,0.0298295
4159,0.101385
4160,0.010831
4161,0.0182884
4162,0.0159801
4163,0.0596591
4164,0
4165,0.0127841
4166,0.0259233
4167,0
4168,0.0142045
4169,0.0346236
4170,0.0126065
4171,0.00834517
4172,0.00710227
4173,0.0301847
4174,0
4175,0.040483
4176,0
4177,0.0221946
4178,0
4179,0.0859375
4180,0.0189986
4181,0.0131392
4182,0
4183,0.0392401
4184,0.081321
4185,0.00923295
4186,0
4187,0.0078125
4188,0.0395952
4189,0.0459872
4190,0.064098
4191,0.0134943
4192,0
4193,0.014027
4194,0
4195,0.142401
4196,0.110085
4197,0
4198,0.0403054
4199,0.0394176
4200,0
4201,0.0394176
4202,0.0090554
4203,0
4204,0
4205,0
4206,0.0138494
4207,0.0090554
4208,0.0150923
4209,0.00834517
4210,0.0399503
4211,0
4212,0.0078125
4213,0
4214,0.113991
4215,0.0390625
4216,0.142933
4217,0
4218,0
4219,0
4220,0.0211293
4221,0.0106534
4222,0.010831
4223,0.0916193
4224,0.00852273
4225,0.103693
4226,0.0106534
4227,0.00621449
4228,0
4229,0.0278764
4230,0.040483
4231,0
4232,0.0348011
4233,0
4234,0.0181108
4235,0.0422585
4236,0.0310724
4237,0.0145597
4238,0
4239,0.00852273
4240,0.0506037
4241,0
4242,0.0234375
4243,0.0127841
4244,0.00852273
4245,0.00337358
4246,0.107244
4247,0
4248,0.0234375
4249,0.0111861
4250,0.0289418
4251,0.0683594
4252,0
4253,0.03125
4254,0
4255,0
4256,0.0617898
4257,0.0498935
4258,0.0662287
4259,0
4260,0.0706676
4261,0.0568182
4262,0.014027
4263,0
4264,0.000355114
4265,0.0078125
4266,0.0278764
4267,0.0704901
4268,0.0136719
4269,0
4270,0.0257457
4271,0.0316051
4272,0.00870028
4273,0.111683
4274,0
4275,0
4276,0.0445668
4277,0
4278,0.0369318
4279,0.00372869
4280,0.012429
4281,0
4282,0.0239702
4283,0.00692472
4284,0.0276989
4285,0.065696
4286,0.0479403
4287,0.0078125
4288,0.0133168
4289,0.0113636
4290,0.0305398
4291,0
4292,0.0241477
4293,0.0401278
4294,0.0111861
4295,0
4296,0.0278764
4297,0.00887784
4298,0.0397727
4299,0.0653409
4300,0
4301,0.180753
4302,0.201349
4303,0.0191761
4304,0
4305,0.018821
4306,0.036044
4307,0
4308,0
4309,0.0770597
4310,0
4311,0.0142045
4312,0
4313,0.00443892
4314,0.138139
4315,0
4316,0.0403054
4317,0.0383523
4318,0
4319,0
4320,0.0292969
4321,0.0106534
4322,0
4323,0.0230824
4324,0.0543324
4325,0.123047
4326,0.0168679
4327,0.0355114
4328,0.00692472
4329,0
4330,0.0158026
4331,0.00887784
4332,0.00834517
4333,0.0118963
4334,0.0488281
4335,0.000355114
4336,0
4337,0.120916
4338,0.325107
4339,0.0106534
4340,0
4341,0
4342,0.0106534
4343,0
4344,0.00727983
4345,0.00870028
4346,0.0106534
4347,0.0106534
4348,0
4349,0.00994318
4350,0.122159
4351,0
4352,0.00639205
4353,0
4354,0.0078125
4355,0.00763494
4356,0.175959
4357,0.00852273
4358,0.0525568
4359,0.112038
4360,0.0795455
4361,0
4362,0.0660511
4363,0.0333807
4364,0.0355114
4365,0.0330256
4366,0.0090554
4367,0
4368,0.0406605
4369,0.0495384
4370,0.0534446
4371,0.090554
4372,0
4373,0.0205966
4374,0.0349787
4375,0.00994318
4376,0
4377,0.0110085
4378,0.00923295
4379,0.0216619
4380,0.0394176
4381,0.00727983
4382,0.0419034
4383,0.00514915
4384,0.0239702
4385,0.00887784
4386,0.0617898
4387,0
4388,0.0241477
4389,0
4390,0.0974787
4391,0.0159801
4392,0.0289418
4393,0.0065696
4394,0.0142045
4395,0.00674716
4396,0.0120739
4397,0.0415483
4398,0.00745739
4399,0.0243253
4400,0.00727983
4401,0
4402,0.00958807
4403,0.0335582
4404,0.00674716
4405,0.0207741
4406,0
4407,0
4408,0.0246804
4409,0.012429
4410,0.0603693
4411,0.0136719
4412,0.0152699
4413,0.0552202
4414,0
4415,0.0266335
4416,0.0213068
4417,0.0221946
4418,0.0664062
4419,0
4420,0.0387074
4421,0.00958807
4422,0
4423,0.33576
4424,0.0182884
4425,0.00692472
4426,0.00603693
4427,0
4428,0.0323153
4429,0
4430,0
4431,0.0111861
4432,0.092152
4433,0
4434,0
4435,0.0394176
4436,0.0326705
4437,0
4438,0.0635653
4439,0.0111861
4440,0
4441,0.0479403
4442,0.0205966
4443,0
4444,0.0392401
4445,0.0179332
4446,0.0419034
4447,0.00461648
4448,0
4449,0.0426136
4450,0
4451,0.0261009
4452,0
4453,0
4454,0.0154474
4455,0.0335582
4456,0.0090554
4457,0.0175781
4458,0.0158026
4459,0.0106534
4460,0
4461,0
4462,0.0207741
4463,0.0120739
4464,0.174183
4465,0.108487
4466,0.00763494
4467,0.0276989
4468,0.0422585
4469,0.082919
4470,0.0159801
4471,0.0411932
4472,0.154652
4473,0.0303622
4474,0.0692472
4475,0.0870028
4476,0.043679
4477,0
4478,0.0154474
4479,0.0268111
4480,0.0564631
4481,0.0179332
4482,0.0314276
4483,0.0825639
4484,0.0445668
4485,0.0706676
4486,0.0117188
4487,0
4488,0.0289418
4489,0.0150923
4490,0
4491,0.0610795
4492,0.0195312
4493,0.0683594
4494,0
4495,0
4496,0.127663
4497,0.0649858
4498,0
4499,0.0916193
4500,0.0433239
4501,0.0571733
4502,0.0610795
4503,0
4504,0.0197088
4505,0.0823864
4506,0.0202415
4507,0
4508,0
4509,0
4510,0.0651634
4511,0.0161577
4512,0.0729759
4513,0.0195312
4514,0.010831
4515,0.0626776
4516,0.022017
4517,0.00461648
4518,0.0427912
4519,0.018821
4520,0.0223722
4521,0.0166903
4522,0.00994318
4523,0.0110085
4524,0.197088
4525,0
4526,0.00550426
4527,0.0323153
4528,0
4529,0.0292969
4530,0.00514915
4531,0.0784801
4532,0
4533,0.0129616
4534,0.0170455
4535,0
4536,0.0115412
4537,0.0138494
4538,0.0115412
4539,0.0632102
4540,0.0111861
4541,0.012429
4542,0
4543,0.0111861
4544,0.0346236
4545,0.0442116
4546,0.0126065
4547,0.0090554
4548,0.0250355
4549,0.29794
4550,0
4551,0.0358665
4552,0.022017
4553,0
4554,0
4555,0
4556,0
4557,0.0110085
4558,0.0298295
4559,0.0175781
4560,0
4561,0.0207741
4562,0.0397727
4563,0.00852273
4564,0.00745739
4565,0.00479403
4566,0
4567,0.0349787
4568,0
4569,0.0600142
4570,0.00408381
4571,0.00568182
4572,0
4573,0.010831
4574,0.0662287
4575,0.00568182
4576,0
4577,0.279474
4578,0
4579,0
4580,0
4581,0.0435014
4582,0.048473
4583,0.27397
4584,0.0090554
4585,0.0411932
4586,0.0216619
4587,0.0971236
4588,0.0713778
4589,0.0358665
4590,0.0632102
4591,0.0610795
4592,0
4593,0
4594,0
4595,0.0909091
4596,0.0356889
4597,0.00763494
4598,0
4599,0.0261009
4600,0
4601,0.0111861
4602,0.0138494
4603,0.0397727
4604,0.0339134
4605,0.0223722
4606,0.00745739
4607,0.00514915
4608,0.0800781
4609,0.0363991
4610,0.0569957
4611,0.00923295
4612,0.00834517
4613,0.0214844
4614,0.0236151
4615,0.0610795
4616,0
4617,0.0271662
4618,0.0101207
4619,0.0122514
4620,0.0509588
4621,0.161754
4622,0.0120739
4623,0.0252131
4624,0.0131392
4625,0
4626,0.0150923
4627,0.0118963
4628,0
4629,0.0285866
4630,0.0198864
4631,0.0118963
4632,0.050071
4633,0.017223
4634,0.0122514
4635,0.0115412
4636,0
4637,0.0321378
4638,0.0569957
4639,0.119673
4640,0.0363991
4641,0
4642,0
4643,0.0619673
4644,0
4645,0
4646,0.182351
4647,0.0216619
4648,0.0159801
4649,0.0614347
4650,0.0255682
4651,0
4652,0.0401278
4653,0
4654,0.026456
4655,0.0294744
4656,0.0365767
4657,0.0646307
4658,0
4659,0.0431463
4660,0.0825639
4661,0.0438565
4662,0.0763494
4663,0.0145597
4664,0.158558
4665,0.0158026
4666,0.0253906
4667,0.139915
4668,0.0255682
4669,0
4670,0
4671,0
4672,0.0841619
4673,0.0335582
4674,0.0660511
4675,0.0502486
4676,0.0189986
4677,0.0122514
4678,0.0276989
4679,0.0221946
4680,0
4681,0.0147372
4682,0
4683,0.010831
4684,0.0113636
4685,0
4686,0.0186435
4687,0.00887784
4688,0.0120739
4689,0.0241477
4690,0
4691,0.118253
4692,0.00266335
4693,0.0346236
4694,0.0065696
4695,0.0163352
4696,0
4697,0.0276989
4698,0.0422585
4699,0.00674716
4700,0
4701,0.157848
4702,0
4703,0.00958807
4704,0.00621449
4705,0.0427912
4706,0
4707,0.0113636
4708,0.0065696
4709,0.0395952
4710,0.289595
4711,0.17294
4712,0.0459872
4713,0.0200639
4714,0.0466974
4715,0
4716,0.0536222
4717,0
4718,0
4719,0
4720,0.018821
4721,0.0424361
4722,0
4723,0
4724,0.0429688
4725,0.286044
4726,0.0110085
4727,0
4728,0.0527344
4729,0.0443892
4730,0
4731,0
4732,0
4733,0.0475852
4734,0
4735,0.0987216
4736,0.0111861
4737,0.0186435
4738,0.102095
4739,0.0253906
4740,0.00994318
4741,0.0143821
4742,0.0763494
4743,0.0395952
4744,0.0589489
4745,0
4746,0.0546875
4747,0.00621449
4748,0.119318
4749,0.0605469
4750,0.0166903
4751,0.0218395
4752,0.112926
4753,0
4754,0
4755,0.0514915
4756,0
4757,0.171875
4758,0.0110085
4759,0.0756392
4760,0.119141
4761,0.0118963
4762,0
4763,0.0300071
4764,0.193182
4765,0.0255682
4766,0
4767,0.0445668
4768,0
4769,0.0481179
4770,0
4771,0.0997869
4772,0
4773,0.00639205
4774,0
4775,0.0282315
4776,0.0348011
4777,0.00834517
4778,0.0170455
4779,0.0145597
4780,0
4781,0.00816761
4782,0
4783,0.0316051
4784,0
4785,0.176669
4786,0.00834517
4787,0.0649858
4788,0
4789,0.0626776
4790,0
4791,0.0806108
4792,0.0768821
4793,0.100852
4794,0
4795,0.00550426
4796,0
4797,0
4798,0
4799,0.0330256
4800,0.0216619
4801,0.0330256
4802,0.0166903
4803,0.0221946
4804,0.0221946
4805,0
4806,0.0348011
4807,0
4808,0.0545099
4809,0
4810,0.0648082
4811,0
4812,0.0218395
4813,0.00834517
4814,0
4815,0.0234375
4816,0
4817,0
4818,0.0635653
4819,0.022017
4820,0.0209517
4821,0.0381747
4822,0.0967685
4823,0.0783026
4824,0
4825,0
4826,0
4827,0.0149148
4828,0.0307173
4829,0.0539773
4830,0.0118963
4831,0.29652
4832,0.0255682
4833,0.0539773
4834,0.034446
4835,0
4836,0.0694247
4837,0.0378196
4838,0.0355114
4839,0
4840,0.0158026
4841,0.160511
4842,0.0136719
4843,0.00621449
4844,0.0491832
4845,0.0507812
4846,0.0379972
4847,0.360618
4848,0.116477
4849,0.0308949
4850,0.0839844
4851,0.174006
4852,0.00585938
4853,0.135831
4854,0
4855,0
4856,0.0182884
4857,0.0090554
4858,0.0200639
4859,0.0413707
4860,0.045277
4861,0.00195312
4862,0.0273438
4863,0.037642
4864,0.0520241
4865,0.0308949
4866,0.301314
4867,0
4868,0
4869,0.0181108
4870,0
4871,0.0676491
4872,0.00301847
4873,0.0104759
4874,0.0342685
4875,0
4876,0
4877,0
4878,0.0545099
4879,0.0131392
4880,0.00994318
4881,0.136896
4882,0.00674716
4883,0.0181108
4884,0
4885,0.0353338
4886,0.0243253
4887,0
4888,0.233842
4889,0.0229048
4890,0.0488281
4891,0
4892,0.0898438
4893,0.0330256
4894,0.00958807
4895,0.0129616
4896,0.00799006
4897,0.324041
4898,0
4899,0.00834517
4900,0.100852
4901,0.0106534
4902,0
4903,0
4904,0.0198864
4905,0.00887784
4906,0.0198864
4907,0
4908,0.0136719
4909,0.0117188
4910,0
4911,0.0184659
4912,0.00603693
4913,0.0134943
4914,0.0633878
4915,0.0433239
4916,0
4917,0.03125
4918,0.0513139
4919,0.0479403
4920,0.0101207
4921,0.00852273
4922,0.0932173
4923,0.0332031
4924,0
4925,0.0184659
4926,0.0777699
4927,0.0126065
4928,0
4929,0.0232599
4930,0.00923295
4931,0
4932,0.0053267
4933,0.014027
4934,0.0371094
4935,0.0159801
4936,0.059304
4937,0
4938,0.0951705
4939,0.0150923
4940,0.0894886
4941,0.00710227
4942,0
4943,0.00461648
4944,0.0507812
4945,0.314453
4946,0.0289418
4947,0.00994318
4948,0.078125
4949,0
4950,0.00603693
4951,0.0399503
4952,0
4953,0.0262784
4954,0.148793
4955,0
4956,0.010831
4957,0.0600142
4958,0
4959,0.00692472
4960,0.0648082
4961,0.0392401
4962,0.0367543
4963,0.00355114
4964,0
4965,0
4966,0.0158026
4967,0.0456321
4968,0.0783026
4969,0.00550426
4970,0.0891335
4971,0.015625
4972,0
4973,0.0610795
4974,0.043679
4975,0
4976,0.0300071
4977,0.0177557
4978,0.00674716
4979,0.0275213
4980,0
4981,0
4982,0
4983,0.0127841
4984,0.0422585
4985,0.022017
4986,0
4987,0.0648082
4988,0
4989,0
4990,0
4991,0.0104759
4992,0
4993,0.00355114
4994,0.00887784
4995,0.0882457
4996,0.0243253
4997,0.00958807
4998,0.010831
4999,0.0227273
5000,0.00834517
5001,0.0197088
5002,0
5003,0.0527344
5004,0.0555753
5005,0.0150923
5006,0.0411932
5007,0.0591264
5008,0.0625
5009,0
5010,0.0104759
5011,0.00834517
5012,0.0630327
5013,0
5014,0.0118963
5015,0
5016,0.0712003
5017,0
5018,0.071733
5019,0.0397727
5020,0.0285866
5021,0
5022,0.0340909
5023,0
5024,0
5025,0.0225497
5026,0.0152699
5027,0.0170455
5028,0.00852273
5029,0.0154474
5030,0
5031,0.034446
5032,0.00870028
5033,0.0301847
5034,0.00887784
5035,0
5036,0.0424361
5037,0.0514915
5038,0.00958807
5039,0
5040,0.0163352
5041,0.00568182
5042,0.0965909
5043,0.0227273
5044,0.0147372
5045,0.0928622
5046,0
5047,0.0182884
5048,0.0369318
5049,0.0078125
5050,0.0197088
5051,0.0179332
5052,0
5053,0.0917969
5054,0.157315
5055,0
5056,0.0262784
5057,0.0530895
5058,0.0628551
5059,0.0291193
5060,0.330433
5061,0.010831
5062,0
5063,0.0541548
5064,0.053267
5065,0.029652
5066,0.00727983
5067,0.0708452
5068,0.252663
5069,0.0536222
5070,0.00976562
5071,0.00461648
5072,0.0415483
5073,0.0868253
5074,0.043679
5075,0.00870028
5076,0.0403054
5077,0.0245028
5078,0.0225497
5079,0.0170455
5080,0.0234375
5081,0.0133168
5082,0.0912642
5083,0
5084,0.143466
5085,0.0175781
5086,0.0658736
5087,0.0408381
5088,0.00870028
5089,0
5090,0.0147372
5091,0.0621449
5092,0.130682
5093,0.0111861
5094,0
5095,0.0642756
5096,0.10245
5097,0.00852273
5098,0.0175781
5099,0.0211293
5100,0.0232599
5101,0.0667614
5102,0
5103,0.0269886
5104,0.0491832
5105,0.00195312
5106,0
5107,0.0410156
5108,0.00621449
5109,0
5110,0.0126065
5111,0
5112,0.104403
5113,0
5114,0.0351562
5115,0.0335582
5116,0.0321378
5117,0.00727983
5118,0.0149148
5119,0
5120,0.0166903
5121,0
5122,0.00870028
5123,0.0346236
5124,0.048473
5125,0
5126,0.0564631
5127,0
5128,0
5129,0.014027
5130,0
5131,0.0585938
5132,0.0218395
5133,0.0745739
5134,0.0102983
5135,0.0168679
5136,0.0303622
5137,0.0525568
5138,0
5139,0.106534
5140,0
5141,0.0339134
5142,0.10174
5143,0.0353338
5144,0.159268
5145,0.00834517
5146,0
5147,0
5148,0.0282315
5149,0
5150,0
5151,0
5152,0.010831
5153,0.00852273
5154,0.0143821
5155,0.022017
5156,0.00852273
5157,0
5158,0.00852273
5159,0
5160,0
5161,0.00727983
5162,0.018821
5163,0.0466974
5164,0.0900213
5165,0.00692472
5166,0
5167,0.0184659
5168,0.0836293
5169,0.0127841
5170,0.0291193
5171,0.0736861
5172,0.0182884
5173,0.0221946
5174,0.0213068
5175,0.0795455
5176,0.00870028
5177,0
5178,0.0536222
5179,0.03125
5180,0.0133168
5181,0.129261
5182,0.0378196
5183,0.00745739
5184,0
5185,0.105469
5186,0.0110085
5187,0.00710227
5188,0.0218395
5189,0
5190,0
5191,0
5192,0.0301847
5193,0.010831
5194,0.0218395
5195,0
5196,0.0129616
5197,0.00870028
5198,0
5199,0
5200,0.0346236
5201,0
5202,0.210582
5203,0.0197088
5204,0.115767
5205,0.0388849
5206,0
5207,0.0241477
5208,0.0502486
5209,0.0106534
5210,0.0145597
5211,0
5212,0.0078125
5213,0
5214,0.0319602
5215,0
5216,0
5217,0.0355114
5218,0.00674716
5219,0.0129616
5220,0.0445668
5221,0.179865
5222,0.0209517
5223,0.0117188
5224,0
5225,0
5226,0
5227,0.015625
5228,0.0133168
5229,0.0346236
5230,0.0118963
5231,0.0378196
5232,0
5233,0.324751
5234,0.0117188
5235,0.0102983
5236,0.130682
5237,0.0962358
5238,0.0665838
5239,0.0253906
5240,0.010831
5241,0
5242,0.0697798
5243,0.0276989
5244,0
5245,0.0143821
5246,0
5247,0.0158026
5248,0.0923295
5249,0.0818537
5250,0.0259233
5251,0.029652
5252,0.0214844
5253,0.0855824
5254,0.00585938
5255,0.0509588
5256,0.131925
5257,0
5258,0.0170455
5259,0
5260,0
5261,0.0742188
5262,0
5263,0.045277
5264,0
5265,0.0671165
5266,0.0316051
5267,0.17152
5268,0.0665838
5269,0.053267
5270,0.0122514
5271,0.0582386
5272,0.0225497
5273,0.071733
5274,0.0800781
5275,0.0106534
5276,0.00887784
5277,0.0110085
5278,0.0383523
5279,0
5280,0.015625
5281,0.143466
5282,0.0239702
5283,0.015625
5284,0.00639205
5285,0.00603693
5286,0.0159801
5287,0
5288,0.0403054
5289,0.0390625
5290,0.045277
5291,0.00710227
5292,0
5293,0
5294,0.0498935
5295,0.0454545
5296,0.00745739
5297,0
5298,0.101562
5299,0
5300,0.0261009
5301,0
5302,0
5303,0.0232599
5304,0.0174006
5305,0
5306,0.00514915
5307,0
5308,0.0253906
5309,0.0578835
5310,0
5311,0.0340909
5312,0.0275213
5313,0.0179332
5314,0.0145597
5315,0.11044
5316,0.0440341
5317,0.00799006
5318,0.0177557
5319,0.0724432
5320,0.0129616
5321,0.0227273
5322,0.0342685
5323,0.0626776
5324,0.123935
5325,0.0232599
5326,0
5327,0.060902
5328,0.0529119
5329,0.0243253
5330,0
5331,0
5332,0
5333,0.0232599
5334,0.00852273
5335,0.0118963
5336,0.0255682
5337,0.0303622
5338,0.324751
5339,0
5340,0.149503
5341,0
5342,0.0122514
5343,0
5344,0
5345,0
5346,0
5347,0
5348,0
5349,0
5350,0
5351,0
5352,0.0102983
5353,0.0110085
5354,0.00994318
5355,0.0163352
5356,0.358487
5357,0.0353338
5358,0.0152699
5359,0.0767045
5360,0.0078125
5361,0.129972
5362,0
5363,0.0612571
5364,0.0358665
5365,0.0472301
5366,0.181818
5367,0.0413707
5368,0.0894886
5369,0.0630327
5370,0.122514
5371,0.0799006
5372,0
5373,0
5374,0.176669
5375,0.362571
5376,0
5377,0.0186435
5378,0.0218395
5379,0.036044
5380,0
5381,0.0539773
5382,0
5383,0.0470526
5384,0.179688
5385,0.0568182
5386,0
5387,0.0110085
5388,0
5389,0.0159801
5390,0.193537
5391,0.115234
5392,0.0202415
5393,0
5394,0.0353338
5395,0.0110085
5396,0.277521
5397,0.048473
5398,0
5399,0.30451
5400,0
5401,0
5402,0.319957
5403,0.0394176
5404,0.0458097
5405,0.0353338
5406,0.0379972
5407,0.0152699
5408,0.0179332
5409,0.0783026
5410,0.0406605
5411,0.0253906
5412,0
5413,0.0129616
5414,0.191584
5415,0.324396
5416,0.0461648
5417,0.0193537
5418,0.0110085
5419,0.1163
5420,0.0399503
5421,0
5422,0.0257457
5423,0
5424,0
5425,0.0307173
5426,0.0211293
5427,0.00816761
5428,0.0301847
5429,0.0207741
5430,0.140803
5431,0.0214844
5432,0
5433,0
5434,0.0504261
5435,0.0223722
5436,0.0399503
5437,0.0348011
5438,0.0303622
5439,0.0348011
5440,0.0246804
5441,0.014027
5442,0
5443,0.0518466
5444,0.126598
5445,0.00887784
5446,0.0763494
5447,0
5448,0.0225497
5449,0.0181108
5450,0.0870028
5451,0.00763494
5452,0.0177557
5453,0
5454,0.0129616
5455,0.0175781
5456,0.0941051
5457,0.25799
5458,0.00053267
5459,0
5460,0.0372869
5461,0.123047
5462,0.0459872
5463,0.00639205
5464,0
5465,0.0710227
5466,0
5467,0.0065696
5468,0.0390625
5469,0
5470,0
5471,0
5472,0
5473,0.00674716
5474,0.0314276
5475,0.174716
5476,0
5477,0.00816761
5478,0.0276989
5479,0.277876
5480,0.0678267
5481,0.0413707
5482,0.0502486
5483,0.0193537
5484,0
5485,0.0411932
5486,0.0356889
5487,0
5488,0.297408
5489,0.107777
5490,0
5491,0.00923295
5492,0
5493,0.018821
5494,0.0113636
5495,0.0115412
5496,0
5497,0.00692472
5498,0.0818537
5499,0
5500,0.0138494
5501,0.0816761
5502,0.0090554
5503,0
5504,0.0282315
5505,0.0195312
5506,0
5507,0.0458097
5508,0.0696023
5509,0.202237
5510,0
5511,0.0369318
5512,0.0165128
5513,0.0603693
5514,0
5515,0
5516,0.0253906
5517,0.0239702
5518,0
5519,0.167614
5520,0
5521,0
5522,0
5523,0.0118963
5524,0.0261009
5525,0.00763494
5526,0.0356889
5527,0.0122514
5528,0
5529,0
5530,0.00976562
5531,0
5532,0.329013
5533,0
5534,0.0703125
5535,0.0578835
5536,0.0447443
5537,0
5538,0.00763494
5539,0.123935
5540,0.15696
5541,0
5542,0.034446
5543,0
5544,0.0324929
5545,0.324041
5546,0.000355114
5547,0.0770597
5548,0.0340909
5549,0.00870028
5550,0.032848
5551,0.0877131
5552,0.0170455
5553,0.0497159
5554,0.00799006
5555,0.010831
5556,0.0324929
5557,0
5558,0.0253906
5559,0
5560,0.111328
5561,0.0122514
5562,0.032848
5563,0.0152699
5564,0.057706
5565,0.280362
5566,0.0625
5567,0
5568,0.0236151
5569,0
5570,0.0152699
5571,0.0207741
5572,0.0974787
5573,0
5574,0.0996094
5575,0
5576,0.171697
5577,0.201172
5578,0.0150923
5579,0.136896
5580,0.0429688
5581,0.175781
5582,0.040483
5583,0.201705
5584,0
5585,0
5586,0.0133168
5587,0
5588,0.00603693
5589,0
5590,0.103161
5591,0
5592,0.0839844
5593,0
5594,0.0852273
5595,0.115412
5596,0
5597,0
5598,0.00994318
5599,0.0958807
5600,0.330966
5601,0.0880682
5602,0.00834517
5603,0.00958807
5604,0
5605,0
5606,0.237926
5607,0.00727983
5608,0.0115412
5609,0.384766
5610,0.00870028
5611,0.0300071
5612,0.0811435
5613,0.0170455
5614,0
5615,0
5616,0.178089
5617,0.0348011
5618,0.0495384
5619,0.0379972
5620,0.0369318
5621,0.0143821
5622,0.0102983
5623,0.0323153
5624,0.00692472
5625,0.0134943
5626,0.014027
5627,0.0536222
5628,0.0197088
5629,0.0232599
5630,0.0571733
5631,0.00727983
5632,0.026456
5633,0
5634,0.0147372
5635,0.0145597
5636,0
5637,0
5638,0.166193
5639,0.0102983
5640,0.00870028
5641,0.0131392
5642,0.0470526
5643,0.00337358
5644,0
5645,0
5646,0
5647,0.00923295
5648,0
5649,0.0486506
5650,0.0229048
5651,0.0236151
5652,0.13299
5653,0.0129616
5654,0.0791903
5655,0.0090554
5656,0.0774148
5657,0.0127841
5658,0.278942
5659,0
5660,0
5661,0
5662,0
5663,0.0651634
5664,0.0319602
5665,0.018821
5666,0
5667,0.0546875
5668,0
5669,0.0152699
5670,0
5671,0.0621449
5672,0.0333807
5673,0
5674,0
5675,0
5676,0
5677,0.0189986
5678,0.0355114
5679,0.0871804
5680,0.014027
5681,0.0335582
5682,0.00852273
5683,0.0463423
5684,0.0388849
5685,0.0269886
5686,0.00958807
5687,0.0392401
5688,0.040483
5689,0.0783026
5690,0
5691,0.322621
5692,0
5693,0
5694,0
5695,0.0358665
5696,0.0136719
5697,0.0411932
5698,0.0090554
5699,0
5700,0
5701,0.0690696
5702,0
5703,0.114169
5704,0.0756392
5705,0.00727983
5706,0.0259233
5707,0
5708,0
5709,0
5710,0.0230824
5711,0.0053267
5712,0.130682
5713,0.0236151
5714,0
5715,0
5716,0.0369318
5717,0.0174006
5718,0.0582386
5719,0.0131392
5720,0.315696
5721,0.0307173
5722,0.0605469
5723,0.172763
5724,0.0106534
5725,0.0529119
5726,0.00355114
5727,0.0424361
5728,0
5729,0
5730,0.0580611
5731,0.0142045
5732,0.18821
5733,0.00639205
5734,0.0262784
5735,0.0237926
5736,0
5737,0
5738,0.11701
5739,0.026456
5740,0.00887784
5741,0.0649858
5742,0.286754
5743,0
5744,0
5745,0
5746,0.106179
5747,0.0525568
5748,0.0245028
5749,0.00958807
5750,0.0587713
5751,0
5752,0
5753,0.0245028
5754,0
5755,0.375355
5756,0
5757,0.017223
5758,0.194247
5759,0.0387074
5760,0.0102983
5761,0.0868253
5762,0.0209517
5763,0.00355114
5764,0.33647
5765,0.0200639
5766,0
5767,0
5768,0
5769,0.0170455
5770,0
5771,0.0131392
5772,0.0209517
5773,0
5774,0
5775,0.340554
5776,0.0301847
5777,0.0102983
5778,0.0268111
5779,0.0371094
5780,0
5781,0.0743963
5782,0.068892
5783,0.0101207
5784,0
5785,0.00621449
5786,0.0111861
5787,0.299716
5788,0.0143821
5789,0.343395
5790,0
5791,0
5792,0.0974787
5793,0
5794,0.0303622
5795,0
5796,0.020419
5797,0.0337358
5798,0
5799,0.0506037
5800,0.020419
5801,0.053267
5802,0.279297
5803,0.0804332
5804,0.0497159
5805,0.0523793
5806,0.0408381
5807,0.00621449
5808,0.0351562
5809,0.0131392
5810,0.0255682
5811,0.0241477
5812,0.00568182
5813,0
5814,0.0193537
5815,0
5816,0.0406605
5817,0.0537997
5818,0.0562855
5819,0
5820,0.0466974
5821,0
5822,0.0992543
5823,0.00976562
5824,0
5825,0.0126065
5826,0.326172
5827,0
5828,0.323153
5829,0.299538
5830,0.340909
5831,0.00941051
5832,0.020419
5833,0.0168679
5834,0.0385298
5835,0.0825639
5836,0
5837,0.00710227
5838,0.0678267
5839,0.00710227
5840,0.0324929
5841,0.325462
5842,0.00834517
5843,0.0676491
5844,0.0111861
5845,0.00887784
5846,0.0566406
5847,0.0111861
5848,0.251065
5849,0
5850,0.271662
5851,0.0511364
5852,0.065696
5853,0.0065696
5854,0.310369
5855,0.0175781
5856,0
5857,0
5858,0.0349787
5859,0.0846946
5860,0.0372869
5861,0
5862,0.0273438
5863,0.0410156
5864,0.00799006
5865,0.156783
5866,0.288175
5867,0.0213068
5868,0.0379972
5869,0.00941051
5870,0.060902
5871,0
5872,0.133523
5873,0
5874,0.042081
5875,0.0983665
5876,0.0596591
5877,0.0346236
5878,0.0186435
5879,0.0166903
5880,0.0346236
5881,0
5882,0.0665838
5883,0.0417259
5884,0.00426136
5885,0
5886,0.0241477
5887,0.318537
5888,0.048473
5889,0
5890,0.0113636
5891,0.0358665
5892,0.0324929
5893,0.0289418
5894,0.0275213
5895,0.0216619
5896,0
5897,0.0090554
5898,0.010831
5899,0.0307173
5900,0
5901,0.0772372
5902,0.0472301
5903,0
5904,0.0307173
5905,0
5906,0.0369318
5907,0
5908,0.0127841
5909,0.00941051
5910,0.0809659
5911,0.0102983
5912,0
5913,0.0118963
5914,0.0399503
5915,0.0278764
5916,0.0424361
5917,0
5918,0.0202415
5919,0
5920,0
5921,0
5922,0.0106534
5923,0.0399503
5924,0.0174006
5925,0.00887784
5926,0
5927,0.0232599
5928,0
5929,0.0964134
5930,0
5931,0.0566406
5932,0.0145597
5933,0.029652
5934,0.130327
5935,0
5936,0.0646307
5937,0.0573509
5938,0.00372869
5939,0.0355114
5940,0.258878
5941,0.0143821
5942,0.0454545
5943,0.0949929
5944,0.0271662
5945,0
5946,0
5947,0
5948,0.00372869
5949,0
5950,0.0289418
5951,0.0292969
5952,0.0438565
5953,0.0262784
5954,0.0271662
5955,0
5956,0.0793679
5957,0
5958,0
5959,0.0301847
5960,0.0118963
5961,0
5962,0.0363991
5963,0.022017
5964,0
5965,0.0104759
5966,0.050071
5967,0.0284091
5968,0.0330256
5969,0.257812
5970,0.0548651
5971,0.079723
5972,0.110795
5973,0
5974,0
5975,0.0246804
5976,0.0110085
5977,0
5978,0
5979,0.0823864
5980,0
5981,0
5982,0
5983,0.0553977
5984,0
5985,0.0129616
5986,0.0408381
5987,0.00852273
5988,0.0261009
5989,0.0603693
5990,0
5991,0
5992,0.0117188
5993,0
5994,0.0568182
5995,0.00514915
5996,0.151278
5997,0.0278764
5998,0.0408381
5999,0.132102
6000,0.0381747
6001,0.0143821
6002,0
6003,0
6004,0.0145597
6005,0
6006,0.0372869
6007,0.0445668
6008,0.0415483
6009,0.036044
6010,0.0110085
6011,0.136719
6012,0.0278764
6013,0.0378196
6014,0.0131392
6015,0.00727983
6016,0.0458097
6017,0.0326705
6018,0.0182884
6019,0.0090554
6020,0.115234
6021,0
6022,0.0431463
6023,0.012429
6024,0.0243253
6025,0.0367543
6026,0
6027,0.0374645
6028,0.0541548
6029,0.0710227
6030,0
6031,0.0163352
6032,0
6033,0.010831
6034,0.0166903
6035,0.067294
6036,0.059304
6037,0.0712003
6038,0
6039,0
6040,0.00763494
6041,0.0925071
6042,0
6043,0
6044,0.0090554
6045,0
6046,0
6047,0
6048,0.0909091
6049,0
6050,0.0120739
6051,0.0456321
6052,0.0447443
6053,0.0161577
6054,0.0854048
6055,0.00710227
6056,0.0763494
6057,0.00923295
6058,0.0859375
6059,0.0498935
6060,0.0182884
6061,0.0182884
6062,0.0928622
6063,0.0253906
6064,0
6065,0.010831
6066,0.0392401
6067,0.0158026
6068,0.122337
6069,0.0115412
6070,0.0369318
6071,0
6072,0.0472301
6073,0.00710227
6074,0.00674716
6075,0.0181108
6076,0.050071
6077,0.0268111
6078,0.00550426
6079,0.0653409
6080,0.0195312
6081,0.0113636
6082,0.0261009
6083,0
6084,0.0115412
6085,0
6086,0.0303622
6087,0.0115412
6088,0.0090554
6089,0.0257457
6090,0.00994318
6091,0.145241
6092,0
6093,0
6094,0.120028
6095,0
6096,0.0600142
6097,0.0200639
6098,0.00994318
6099,0.0261009
6100,0
6101,0.134233
6102,0.00514915
6103,0.0268111
6104,0.0147372
6105,0
6106,0
6107,0
6108,0.130327
6109,0.0168679
6110,0
6111,0.0466974
6112,0.0136719
6113,0.0358665
6114,0
6115,0.106889
6116,0.020419
6117,0.0166903
6118,0
6119,0.0214844
6120,0.00994318
6121,0.0150923
6122,0.139027
6123,0
6124,0.00408381
6125,0
6126,0
6127,0.0158026
6128,0.0550426
6129,0.00355114
6130,0.0225497
6131,0.0111861
6132,0
6133,0
6134,0.0225497
6135,0.0474077
6136,0
6137,0.0078125
6138,0.0111861
6139,0.0340909
6140,0.0136719
6141,0.0722656
6142,0.197443
6143,0.0458097
6144,0.0555753
6145,0.0713778
6146,0.0482955
6147,0.0424361
6148,0
6149,0.00799006
6150,0.00941051
6151,0.00514915
6152,0.186612
6153,0.0333807
6154,0
6155,0.042081
6156,0
6157,0
6158,0.116122
6159,0.0479403
6160,0
6161,0.0671165
6162,0.0355114
6163,0.0225497
6164,0.00834517
6165,0.0102983
6166,0.105291
6167,0
6168,0.00941051
6169,0.0218395
6170,0.0142045
6171,0.0115412
6172,0.0149148
6173,0.00923295
6174,0.0651634
6175,0.0118963
6176,0.0294744
6177,0.115767
6178,0.0367543
6179,0.0101207
6180,0.0871804
6181,0.160866
6182,0.0182884
6183,0
6184,0.0253906
6185,0.107599
6186,0.0147372
6187,0.0381747
6188,0.0138494
6189,0.0237926
6190,0.0642756
6191,0
6192,0.00941051
6193,0.090554
6194,0.00568182
6195,0
6196,0.0374645
6197,0.0115412
6198,0.18093
6199,0.0202415
6200,0.0294744
6201,0
6202,0.0149148
6203,0
6204,0
6205,0.0232599
6206,0
6207,0.034446
6208,0.00550426
6209,0.0731534
6210,0.0903764
6211,0.0411932
6212,0.00799006
6213,0.0948153
6214,0
6215,0.0142045
6216,0.028054
6217,0
6218,0.0759943
6219,0
6220,0.0221946
6221,0.0257457
6222,0
6223,0.0273438
6224,0.0131392
6225,0.0308949
6226,0.0243253
6227,0.0715554
6228,0.0218395
6229,0.0335582
6230,0.0882457
6231,0
6232,0.0387074
6233,0.0266335
6234,0.0259233
6235,0.0438565
6236,0.0292969
6237,0.0175781
6238,0.161754
6239,0.29581
6240,0.0189986
6241,0.0154474
6242,0.332209
6243,0.0078125
6244,0.0518466
6245,0.00372869
6246,0
6247,0.0520241
6248,0.0177557
6249,0.107955
6250,0
6251,0.00585938
6252,0.0470526
6253,0.0316051
6254,0.0177557
6255,0.0735085
6256,0.00568182
6257,0
6258,0
6259,0.0110085
6260,0
6261,0.0603693
6262,0.0578835
6263,0.0186435
6264,0.0271662
6265,0.00692472
6266,0.0101207
6267,0.12429
6268,0
6269,0.0268111
6270,0
6271,0.0250355
6272,0
6273,0.0690696
6274,0
6275,0
6276,0
6277,0.00870028
6278,0.0337358
6279,0.117898
6280,0.0090554
6281,0
6282,0.0150923
6283,0.00550426
6284,0
6285,0
6286,0.00710227
6287,0.00568182
6288,0.0674716
6289,0
6290,0.0465199
6291,0.0273438
6292,0.0232599
6293,0.318537
6294,0.00941051
6295,0.104226
6296,0.0383523
6297,0.084517
6298,0.0285866
6299,0.0681818
6300,0.026456
6301,0.0133168
6302,0.0390625
6303,0.0273438
6304,0.0369318
6305,0.0301847
6306,0.0117188
6307,0.0919744
6308,0.0143821
6309,0.0493608
6310,0.0511364
6311,0.0255682
6312,0
6313,0.0197088
6314,0.0101207
6315,0.112393
6316,0
6317,0
6318,0.00923295
6319,0
6320,0.185014
6321,0.0424361
6322,0.00550426
6323,0.0385298
6324,0
6325,0
6326,0
6327,0.0585938
6328,0.0193537
6329,0.0200639
6330,0.102805
6331,0.010831
6332,0.0163352
6333,0
6334,0
6335,0.115234
6336,0.0078125
6337,0.0877131
6338,0.0530895
6339,0.0337358
6340,0.0342685
6341,0.00834517
6342,0.0864702
6343,0
6344,0.0811435
6345,0.129794
6346,0.0285866
6347,0.017223
6348,0.185014
6349,0.0200639
6350,0
6351,0.0603693
6352,0.0179332
6353,0.0285866
6354,0
6355,0.0687145
6356,0.0198864
6357,0.0880682
6358,0.0742188
6359,0.0198864
6360,0.00923295
6361,0.00692472
6362,0.0104759
6363,0.03125
6364,0.00497159
6365,0.00870028
6366,0.0126065
6367,0.0319602
6368,0.00550426
6369,0
6370,0.0110085
6371,0
6372,0
6373,0.0232599
6374,0
6375,0.158381
6376,0.0268111
6377,0.0820312
6378,0.0202415
6379,0.042081
6380,0
6381,0
6382,0.0486506
6383,0
6384,0.0932173
6385,0.0117188
6386,0.0179332
6387,0
6388,0.00585938
6389,0
6390,0.0229048
6391,0.0687145
6392,0.0159801
6393,0.0122514
6394,0.0234375
6395,0.00887784
6396,0.0221946
6397,0.164595
6398,0.0101207
6399,0.306996
6400,0.0110085
6401,0.0385298
6402,0.0111861
6403,0.126953
6404,0.0362216
6405,0.0406605
6406,0.0131392
6407,0.0419034
6408,0.026456
6409,0.0126065
6410,0
6411,0.017223
6412,0.024858
6413,0.0443892
6414,0
6415,0
6416,0.00727983
6417,0
6418,0.14169
6419,0.0166903
6420,0.051669
6421,0
6422,0
6423,0.018821
6424,0
6425,0.136719
6426,0.101385
6427,0.0104759
6428,0.139737
6429,0.331854
6430,0.0569957
6431,0.018821
6432,0
6433,0.0163352
6434,0
6435,0.065696
6436,0.0186435
6437,0
6438,0.0337358
6439,0.0786577
6440,0
6441,0.0411932
6442,0
6443,0.00941051
6444,0.309659
6445,0.00674716
6446,0.0339134
6447,0.0587713
6448,0.00923295
6449,0.020419
6450,0.032848
6451,0.0255682
6452,0
6453,0.0117188
6454,0
6455,0.0768821
6456,0
6457,0.0527344
6458,0
6459,0.114702
6460,0.0337358
6461,0
6462,0.0619673
6463,0.0946378
6464,0
6465,0
6466,0
6467,0.0696023
6468,0.0276989
6469,0
6470,0
6471,0.00621449
6472,0.00443892
6473,0.0466974
6474,0.0234375
6475,0.0147372
6476,0.0761719
6477,0
6478,0.0111861
6479,0.0411932
6480,0.0459872
6481,0.0269886
6482,0
6483,0.00692472
6484,0
6485,0.00426136
6486,0.00994318
6487,0
6488,0.0342685
6489,0
6490,0.0243253
6491,0
6492,0
6493,0.0184659
6494,0.0301847
6495,0
6496,0.0142045
6497,0.00674716
6498,0.0193537
6499,0.0784801
6500,0.0520241
6501,0
6502,0.0255682
6503,0
6504,0.0447443
6505,0
6506,0
6507,0
6508,0.014027
6509,0.00763494
6510,0
6511,0.00621449
6512,0.0324929
6513,0.068892
6514,0
6515,0.0118963
6516,0.0181108
6517,0.0122514
6518,0.0191761
6519,0
6520,0.0374645
6521,0
6522,0.0159801
6523,0.064098
6524,0.0078125
6525,0.010831
6526,0.00514915
6527,0
6528,0.0214844
6529,0.0607244
6530,0
6531,0.0712003
6532,0.00727983
6533,0.155362
6534,0.0612571
6535,0.0520241
6536,0.0658736
6537,0.158026
6538,0.0110085
6539,0.0266335
6540,0
6541,0.0941051
6542,0.127486
6543,0.0559304
6544,0.0417259
6545,0.0113636
6546,0.0775923
6547,0.0229048
6548,0
6549,0.0537997
6550,0.0113636
6551,0
6552,0.0262784
6553,0.0166903
6554,0.129972
6555,0.0138494
6556,0
6557,0
6558,0.00745739
6559,0
6560,0.0793679
6561,0.0633878
6562,0.00497159
6563,0.0406605
6564,0.0269886
6565,0
6566,0.0300071
6567,0.137251
6568,0
6569,0.015625
6570,0.0308949
6571,0
6572,0
6573,0.051669
6574,0.00337358
6575,0.0158026
6576,0.00799006
6577,0
6578,0.0158026
6579,0
6580,0.0134943
6581,0.0339134
6582,0.00710227
6583,0.0111861
6584,0
6585,0.078125
6586,0
6587,0
6588,0
6589,0.0708452
6590,0.0472301
6591,0.00461648
6592,0.0282315
6593,0.00585938
6594,0
6595,0.0166903
6596,0.177912
6597,0.0189986
6598,0.0193537
6599,0.0630327
6600,0.0591264
6601,0
6602,0.0246804
6603,0
6604,0.0209517
6605,0
6606,0.0262784
6607,0.00816761
6608,0
6609,0.0529119
6610,0
6611,0.0854048
6612,0.0165128
6613,0
6614,0.0113636
6615,0.0877131
6616,0.056108
6617,0
6618,0.00692472
6619,0.0268111
6620,0.0722656
6621,0.014027
6622,0
6623,0.0241477
6624,0
6625,0.00994318
6626,0.00603693
6627,0
6628,0
6629,0.0403054
6630,0.0110085
6631,0
6632,0.014027
6633,0.0149148
6634,0.0186435
6635,0
6636,0.014027
6637,0.0472301
6638,0.022017
6639,0
6640,0.0662287
6641,0.00923295
6642,0.00994318
6643,0.0266335
6644,0.0152699
6645,0.0474077
6646,0.0227273
6647,0
6648,0.0133168
6649,0.0245028
6650,0.0573509
6651,0
6652,0.0129616
6653,0
6654,0.032848
6655,0.0726207
6656,0.108132
6657,0
6658,0.0078125
6659,0
6660,0.0198864
6661,0.0909091
6662,0.0397727
6663,0.0633878
6664,0.0537997
6665,0.0653409
6666,0.0102983
6667,0.09375
6668,0.0104759
6669,0
6670,0.0282315
6671,0.0143821
6672,0.0447443
6673,0.0726207
6674,0.022017
6675,0.0234375
6676,0
6677,0.0504261
6678,0.0978338
6679,0.0122514
6680,0.0486506
6681,0
6682,0.0665838
6683,0.00994318
6684,0.0731534
6685,0.046875
6686,0.0477628
6687,0.0104759
6688,0.120561
6689,0.00941051
6690,0.112749
6691,0.0197088
6692,0.00763494
6693,0.0193537
6694,0.050071
6695,0.0355114
6696,0.00745739
6697,0.0131392
6698,0.0527344
6699,0.00941051
6700,0
6701,0
6702,0.0363991
6703,0.0916193
6704,0
6705,0
6706,0.255859
6707,0
6708,0
6709,0.0326705
6710,0
6711,0.0065696
6712,0.0186435
6713,0.00710227
6714,0.0779474
6715,0.048473
6716,0.0314276
6717,0.0332031
6718,0.00994318
6719,0.0642756
6720,0.0142045
6721,0.0317827
6722,0
6723,0.0138494
6724,0.0120739
6725,0
6726,0.0486506
6727,0.18679
6728,0.0110085
6729,0.0138494
6730,0.0731534
6731,0
6732,0.133878
6733,0.0442116
6734,0
6735,0
6736,0.0149148
6737,0.0388849
6738,0.0117188
6739,0.0552202
6740,0.0182884
6741,0.117543
6742,0.0237926
6743,0.0126065
6744,0.00870028
6745,0.0165128
6746,0.115057
6747,0
6748,0.0104759
6749,0
6750,0
6751,0.0166903
6752,0.0426136
6753,0
6754,0.014027
6755,0.0078125
6756,0.00976562
6757,0.03125
6758,0.0147372
6759,0.00816761
6760,0
6761,0
6762,0.0229048
6763,0.0321378
6764,0.00408381
6765,0.010831
6766,0
6767,0.307173
6768,0
6769,0.0106534
6770,0.014027
6771,0.020419
6772,0
6773,0.0475852
6774,0.0149148
6775,0.0118963
6776,0.0836293
6777,0
6778,0.0122514
6779,0
6780,0.0246804
6781,0.0394176
6782,0.0136719
6783,0
6784,0.00390625
6785,0.0497159
6786,0
6787,0.0472301
6788,0.0339134
6789,0
6790,0.0488281
6791,0.0211293
6792,0.0291193
6793,0.0200639
6794,0
6795,0.00816761
6796,0.0332031
6797,0.00799006
6798,0.0371094
6799,0.114169
6800,0.020419
6801,0
6802,0.112749
6803,0.0211293
6804,0.00994318
6805,0.017223
6806,0.0342685
6807,0
6808,0.0482955
6809,0.0477628
6810,0
6811,0.0307173
6812,0.0316051
6813,0.068892
6814,0.0916193
6815,0.00887784
6816,0.0207741
6817,0.0292969
6818,0
6819,0.00799006
6820,0.0326705
6821,0.0564631
6822,0
6823,0
6824,0
6825,0
6826,0
6827,0
6828,0.0102983
6829,0.0200639
6830,0.0230824
6831,0.176314
6832,0.0735085
6833,0
6834,0.00727983
6835,0
6836,0.00887784
6837,0.0854048
6838,0.00479403
6839,0
6840,0.0273438
6841,0.0529119
6842,0
6843,0.0261009
6844,0.0784801
6845,0.0912642
6846,0
6847,0
6848,0.135298
6849,0.0111861
6850,0.0106534
6851,0.0152699
6852,0.0514915
6853,0.0623224
6854,0.0211293
6855,0
6856,0.0078125
6857,0.0090554
6858,0.076527
6859,0.03125
6860,0.00941051
6861,0.00550426
6862,0.00568182
6863,0
6864,0
6865,0.10245
6866,0.0291193
6867,0
6868,0
6869,0.0198864
6870,0.0138494
6871,0.076527
6872,0
6873,0.0740412
6874,0
6875,0
6876,0
6877,0
6878,0.0843395
6879,0.00852273
6880,0.33576
6881,0.0674716
6882,0.0147372
6883,0.0507812
6884,0.020419
6885,0.0282315
6886,0.0145597
6887,0
6888,0
6889,0.0284091
6890,0.046875
6891,0.0262784
6892,0.0195312
6893,0.00479403
6894,0.0110085
6895,0.0269886
6896,0
6897,0.0371094
6898,0
6899,0.0198864
6900,0.0298295
6901,0.0221946
6902,0.014027
6903,0.0179332
6904,0.0189986
6905,0.0065696
6906,0.0161577
6907,0
6908,0.048473
6909,0
6910,0
6911,0.00497159
6912,0
6913,0.00639205
6914,0.28782
6915,0.0438565
6916,0.0417259
6917,0.0799006
6918,0.00639205
6919,0.0369318
6920,0.0065696
6921,0.0147372
6922,0.167259
6923,0.0379972
6924,0.0138494
6925,0
6926,0.0401278
6927,0.0298295
6928,0.00941051
6929,0
6930,0
6931,0.0221946
6932,0.13299
6933,0.0101207
6934,0.0134943
6935,0.0214844
6936,0.0255682
6937,0.0511364
6938,0.0227273
6939,0.0454545
6940,0.0625
6941,0.0133168
6942,0
6943,0.0369318
6944,0.0268111
6945,0.0832741
6946,0.0472301
6947,0.0626776
6948,0.0351562
6949,0
6950,0
6951,0
6952,0.0197088
6953,0.0276989
6954,0.0150923
6955,0.050071
6956,0.0129616
6957,0.0715554
6958,0.0520241
6959,0.309304
6960,0
6961,0.0255682
6962,0
6963,0.020419
6964,0
6965,0.0514915
6966,0.0143821
6967,0.0221946
6968,0
6969,0.00976562
6970,0.0395952
6971,0.0207741
6972,0.0403054
6973,0
6974,0.0348011
6975,0
6976,0
6977,0.0150923
6978,0.0236151
6979,0
6980,0
6981,0.125533
6982,0.0612571
6983,0.0834517
6984,0.00994318
6985,0.0490057
6986,0.081321
6987,0.00763494
6988,0.285511
6989,0.0152699
6990,0.0287642
6991,0.106179
6992,0
6993,0.015625
6994,0.0326705
6995,0.0111861
6996,0.0623224
6997,0.0197088
6998,0.0104759
6999,0.0738636
7000,0.0534446
7001,0.0351562
7002,0
7003,0.0332031
7004,0.00497159
7005,0.0126065
7006,0.28782
7007,0.0342685
7008,0.0571733
7009,0.0303622
7010,0.0117188
7011,0
7012,0.00514915
7013,0.178089
7014,0.0784801
7015,0.0225497
7016,0.0321378
7017,0.0159801
7018,0.0596591
7019,0.029652
7020,0
7021,0.0520241
7022,0.0142045
7023,0.0683594
7024,0.0170455
7025,0.0202415
7026,0.0138494
7027,0.0090554
7028,0
7029,0.00887784
7030,0.0216619
7031,0
7032,0
7033,0
7034,0.0626776
7035,0
7036,0
7037,0.0333807
7038,0
7039,0.0488281
7040,0.0142045
7041,0.0685369
7042,0
7043,0
7044,0.0387074
7045,0.00727983
7046,0.0145597
7047,0.0413707
7048,0.0159801
7049,0.0378196
7050,0
7051,0
7052,0.0104759
7053,0.13299
7054,0.355291
7055,0.110795
7056,0
7057,0
7058,0.00799006
7059,0.0522017
7060,0
7061,0.0692472
7062,0
7063,0.0262784
7064,0.00799006
7065,0.00550426
7066,0.0115412
7067,0.00568182
7068,0.0339134
7069,0.0154474
7070,0.0207741
7071,0
7072,0.029652
7073,0.0381747
7074,0
7075,0
7076,0.0189986
7077,0.0133168
7078,0.0195312
7079,0
7080,0.00639205
7081,0
7082,0.331143
7083,0.0193537
7084,0
7085,0.0211293
7086,0.0261009
7087,0.00923295
7088,0
7089,0
7090,0
7091,0.0681818
7092,0.0591264
7093,0.0213068
7094,0
7095,0.0193537
7096,0.0115412
7097,0.0791903
7098,0
7099,0.00568182
7100,0
7101,0
7102,0
7103,0.0221946
7104,0.10831
7105,0
7106,0.0337358
7107,0.0779474
7108,0.303977
7109,0.0363991
7110,0.0158026
7111,0.0449219
7112,0
7113,0.040483
7114,0.0557528
7115,0.036044
7116,0.00834517
7117,0.0193537
7118,0.0253906
7119,0.307884
7120,0.014027
7121,0.084517
7122,0.0372869
7123,0
7124,0.0232599
7125,0
7126,0.0335582
7127,0.0120739
7128,0
7129,0
7130,0
7131,0.00870028
7132,0.010831
7133,0.0477628
7134,0.0704901
7135,0
7136,0
7137,0.0053267
7138,0
7139,0.0275213
7140,0.329368
7141,0
7142,0.0472301
7143,0.0823864
7144,0.0152699
7145,0
7146,0
7147,0.00745739
7148,0.0385298
7149,0.0948153
7150,0.00692472
7151,0.0276989
7152,0.0065696
7153,0.0271662
7154,0
7155,0.0303622
7156,0.0211293
7157,0.0065696
7158,0.124112
7159,0.10032
7160,0.00994318
7161,0.00692472
7162,0.0126065
7163,0.0740412
7164,0.0369318
7165,0
7166,0.0818537
7167,0.0348011
7168,0.0191761
7169,0
7170,0
7171,0
7172,0
7173,0.0115412
7174,0.0562855
7175,0
7176,0.0481179
7177,0.0166903
7178,0.0131392
7179,0.09375
7180,0.0834517
7181,0
7182,0.0230824
7183,0
7184,0
7185,0.0168679
7186,0.0291193
7187,0
7188,0.00301847
7189,0
7190,0
7191,0.0131392
7192,0.0980114
7193,0.0149148
7194,0.0189986
7195,0.0230824
7196,0.177557
7197,0.0241477
7198,0.010831
7199,0.050071
7200,0.0699574
7201,0.18892
7202,0.0319602
7203,0
7204,0.0184659
7205,0.0575284
7206,0
7207,0.335227
7208,0
7209,0.014027
7210,0.0175781
7211,0
7212,0.0166903
7213,0.0385298
7214,0
7215,0
7216,0
7217,0.0241477
7218,0.00603693
7219,0.0305398
7220,0.0363991
7221,0.0191761
7222,0.0117188
7223,0.00763494
7224,0.00834517
7225,0.00994318
7226,0
7227,0.0763494
7228,0.0150923
7229,0
7230,0.0225497
7231,0.171697
7232,0.0639205
7233,0.0287642
7234,0.280185
7235,0.0261009
7236,0.00568182
7237,0.0291193
7238,0
7239,0
7240,0.0321378
7241,0
7242,0.223189
7243,0.0747514
7244,0
7245,0.0102983
7246,0.0522017
