0,2.47784
1,2.67671
2,2.7233
3,0
4,0
5,0
6,0
7,0
8,2.57309
9,2.92736
10,0
11,0
12,0
13,0
14,0
15,0
16,0
17,2.55042
18,2.48416
19,0
20,0
21,2.76177
22,0
23,0
24,0
25,0
26,0
27,0
28,2.81222
29,0
30,0
31,0
32,2.27416
33,0
34,2.65354
35,0
36,0
37,0
38,2.50751
39,2.90934
40,0
41,2.25616
42,0
43,0
44,0
45,2.10556
46,2.25917
47,2.86212
48,2.87652
49,0
50,0
51,0
52,2.52049
53,0
54,2.72821
55,0
56,0
57,0
58,2.5834
59,0
60,0
61,2.3322
62,0
63,0
64,2.9152
65,0
66,2.3265
67,0
68,0
69,0
70,0
71,3.0482
72,0
73,0
74,3.21311
75,0
76,0
77,2.75882
78,0
79,0
80,2.25479
81,2.67435
82,0
83,0
84,0
85,0
86,0
87,2.79093
88,0
89,0
90,0
91,0
92,0
93,3.05517
94,0
95,0
96,2.60317
97,2.57332
98,2.12506
99,2.90486
100,0
101,2.64807
102,0
103,0
104,0
105,0
106,2.55068
107,0
108,0
109,2.25565
110,0
111,2.1836
112,0
113,0
114,0
115,0
116,2.66113
117,0
118,0
119,0
120,2.68586
121,2.88678
122,1.87568
123,2.49023
124,0
125,0
126,28.553
127,0
128,0
129,0
130,0
131,28.6611
132,0
133,0
134,28.6158
135,0
136,0
137,0
138,0
139,0
140,0
141,0
142,0
143,0
144,0
145,0
146,0
147,29.0174
148,0
149,0
150,0
151,28.2683
152,28.3665
153,0
154,0
155,28.78
156,0
157,0
158,28.3095
159,0
160,0
161,0
162,0
163,28.5499
164,0
165,28.8593
166,0
167,0
168,28.5859
169,28.9614
170,0
171,0
172,29.0705
173,0
174,0
175,28.6738
176,0
177,28.7758
178,0
179,28.8768
180,28.4421
181,28.4596
182,0
183,28.8057
184,0
185,0
186,28.6649
187,0
188,0
189,0
190,28.2405
191,0
192,28.5888
193,0
194,0
195,0
196,0
197,0
198,0
199,28.9748
200,28.8251
201,27.8505
202,0
203,0
204,0
205,29.099
206,29.3172
207,0
208,0
209,0
210,28.8951
211,0
212,29.3592
213,0
214,0
215,28.7109
216,0
217,28.6734
218,0
219,0
220,0
221,0
222,0
223,27.9631
224,29.1177
225,0
226,0
227,29.1416
228,0
229,0
230,0
231,0
232,28.3768
233,0
234,0
235,0
236,28.6471
237,28.3482
238,0
239,28.1975
240,0
241,28.2506
242,0
243,28.7175
244,28.7095
245,0
246,28.5143
247,28.8129
248,0
249,0
250,29.8241
251,28.6393
252,0
253,0
254,0
255,28.4475
256,0
257,0
258,0
259,0
260,28.3882
261,0
262,28.5031
263,0
264,27.9842
265,29.8023
266,0
267,0
268,29.3044
269,0
270,0
271,28.5463
272,28.371
273,0
274,28.6652
275,0
276,0
277,0
278,0
279,0
280,29.1952
281,0
282,0
283,0
284,29.1211
285,28.422
286,0
287,29.0769
288,28.5189
289,28.3245
290,0
291,28.3837
292,0
293,0
294,0
295,0
296,0
297,0
298,29.0957
299,0
300,0
301,29.0185
302,0
303,29.2376
304,28.589
305,29.4282
306,0
307,0
308,0
309,0
310,0
311,28.9181
312,28.6445
313,0
314,0
315,0
316,28.3689
317,29.1449
318,0
319,0
320,0
321,28.6004
322,0
323,28.8283
324,0
325,0
326,29.0987
327,0
328,0
329,0
330,0
331,0
332,0
333,28.3185
334,0
335,0
336,0
337,0
338,0
339,0
340,0
341,0
342,28.6079
343,28.654
344,0
345,0
346,0
347,28.5667
348,0
349,0
350,0
351,0
352,28.9278
353,0
354,0
355,0
356,0
357,0
358,28.3731
359,0
360,0
361,0
362,0
363,0
364,0
365,28.8427
366,0
367,0
368,28.9576
369,29.3172
370,0
371,0
372,0
373,28.3984
374,0
375,0
376,29.1944
377,0
378,0
379,0
380,0
381,0
382,0
383,0
384,0
385,28.8388
386,28.7335
387,28.6548
388,0
389,0
390,0
391,0
392,0
393,0
394,0
395,0
396,29.313
397,0
398,0
399,0
400,0
401,0
402,28.2664
403,0
404,0
405,0
406,0
407,0
408,0
409,0
410,0
411,28.9329
412,0
413,28.7746
414,0
415,28.6251
416,0
417,28.521
418,0
419,28.5791
420,0
421,0
422,0
423,0
424,28.6563
425,0
426,0
427,0
428,0
429,28.7319
430,0
431,28.4884
432,0
433,0
434,28.3442
435,0
436,0
437,0
438,0
439,0
440,29.1086
441,28.9245
442,0
443,0
444,0
445,0
446,28.9488
447,0
448,0
449,28.9861
450,0
451,28.8054
452,0
453,0
454,0
455,28.4914
456,28.9615
457,0
458,28.8794
459,28.3275
460,28.8371
461,0
462,0
463,0
464,28.6692
465,28.9913
466,0
467,0
468,0
469,0
470,0
471,28.7357
472,0
473,29.174
474,28.7639
475,0
476,0
477,28.2447
478,0
479,28.4129
480,28.6924
481,0
482,28.2025
483,0
484,0
485,0
486,28.9527
487,0
488,28.5729
489,0
490,0
491,28.3235
492,0
493,0
494,0
495,0
496,28.2614
497,28.7473
498,0
499,0
500,29.3366
501,28.7211
502,0
503,0
504,28.3419
505,0
506,0
507,0
508,0
509,0
510,0
511,0
512,0
513,0
514,0
515,29.0202
516,29.2811
517,0
518,0
519,0
520,0
521,0
522,0
523,28.4826
524,28.5516
525,0
526,0
527,0
528,28.2994
529,0
530,0
531,0
532,0
533,0
534,0
535,0
536,0
537,28.9931
538,0
539,0
540,0
541,0
542,28.306
543,0
544,0
545,0
546,0
547,0
548,28.9596
549,0
550,0
551,29.6991
552,0
553,0
554,0
555,0
556,0
557,28.9974
558,28.7861
559,0
560,0
561,28.4105
562,29.6485
563,0
564,0
565,0
566,0
567,0
568,0
569,0
570,28.0234
571,28.4886
572,28.9029
573,0
574,0
575,29.151
576,0
577,28.6687
578,0
579,0
580,29.7888
581,0
582,0
583,0
584,0
585,28.8307
586,0
587,0
588,0
589,28.8861
590,0
591,0
592,28.2702
593,0
594,0
595,0
596,0
597,0
598,0
599,0
600,0
601,29.1501
602,0
603,29.0296
604,0
605,0
606,0
607,0
608,0
609,0
610,0
611,29.0184
612,0
613,0
614,28.356
615,0
616,28.467
617,28.5864
618,0
619,0
620,0
621,28.2529
622,0
623,0
624,0
625,0
626,28.7742
627,28.522
628,0
629,29.0898
630,0
631,0
632,0
633,28.6574
634,0
635,28.7461
636,28.9601
637,28.8413
638,29.2496
639,27.9086
640,28.0813
641,28.6216
642,28.3811
643,28.5621
644,0
645,29.3306
646,28.5575
647,28.9727
648,29.1269
649,0
650,0
651,28.92
652,0
653,29.0754
654,28.4568
655,28.4628
656,28.76
657,0
658,28.3988
659,28.7966
660,28.5211
661,28.6312
662,29.1021
663,28.3322
664,28.7968
665,28.2888
666,0
667,28.5918
668,28.6048
669,28.529
670,0
671,0
672,28.1321
673,28.1944
674,28.5931
675,28.6924
676,0
677,28.1819
678,0
679,28.4774
680,28.6672
681,28.4842
682,29.3497
683,0
684,28.4795
685,29.3483
686,0
687,28.7166
688,28.6744
689,28.5519
690,28.7991
691,28.6011
692,28.8872
693,29.0592
694,28.7397
695,0
696,29.03
697,28.7849
698,28.8427
699,28.4659
700,0
701,28.6798
702,28.0493
703,0
704,28.4843
705,28.8301
706,0
707,28.6936
708,28.9286
709,28.8304
710,28.6911
711,28.4621
712,29.0706
713,0
714,0
715,29.4873
716,29.3767
717,0
718,0
719,28.6726
720,28.9866
721,28.8944
722,28.4804
723,28.7118
724,28.443
725,28.2495
726,28.7976
727,0
728,28.6528
729,0
730,28.8093
731,0
732,29.1718
733,28.5999
734,28.4444
735,28.93
736,29.4219
737,29.4222
738,29.418
739,28.5499
740,0
741,28.5361
742,28.2786
743,28.728
744,0
745,0
746,28.6767
747,28.3653
748,28.9269
749,0
750,28.6937
751,28.5526
752,0
753,28.6107
754,29.2399
755,0
756,28.5188
757,28.811
758,28.5933
759,28.4608
760,28.7966
761,28.2169
762,28.6477
763,0
764,0
765,28.7664
766,29.252
767,28.4286
768,28.9695
769,28.8043
770,0
771,29.4753
772,0
773,29.1132
774,28.778
775,29.097
776,28.8294
777,28.7754
778,28.6175
779,29.2262
780,28.8953
781,0
782,28.2293
783,28.7576
784,28.4525
785,28.7626
786,28.4624
787,0
788,28.4738
789,28.9634
790,29.1339
791,28.0976
792,28.8673
793,28.2841
794,0
795,28.5289
796,0
797,29.6317
798,0
799,28.9366
800,28.7208
801,29.3558
802,0
803,29.1197
804,29.2392
805,28.8726
806,29.0777
807,0
808,28.1522
809,28.7794
810,28.4837
811,29.0173
812,28.5188
813,28.352
814,28.548
815,29.2584
816,28.3546
817,28.9824
818,0
819,0
820,29.1054
821,28.3025
822,28.7845
823,28.625
824,0
825,28.9035
826,28.8585
827,0
828,28.6698
829,28.9407
830,29.099
831,28.7485
832,0
833,28.4715
834,28.302
835,0
836,0
837,29.1513
838,28.5636
839,28.182
840,28.2185
841,0
842,28.8738
843,28.4967
844,0
845,0
846,0
847,0
848,29.2798
849,29.767
850,28.7374
851,28.7577
852,0
853,0
854,0
855,0
856,0
857,29.1727
858,0
859,28.212
860,0
861,28.7524
862,28.6163
863,0
864,28.7872
865,0
866,0
867,0
868,0
869,0
870,28.6376
871,28.1742
872,0
873,28.7021
874,0
875,0
876,0
877,0
878,28.2443
879,0
880,29.1134
881,0
882,28.9814
883,0
884,28.6376
885,28.5683
886,0
887,0
888,0
889,0
890,0
891,28.3245
892,28.8439
893,0
894,0
895,28.5198
896,0
897,0
898,29.1375
899,28.9668
900,28.7326
901,0
902,28.1474
903,0
904,0
905,0
906,0
907,28.9958
908,29.0266
909,28.5863
910,0
911,0
912,0
913,0
914,0
915,0
916,29.0646
917,28.8538
918,0
919,0
920,0
921,28.4734
922,28.752
923,0
924,0
925,0
926,0
927,0
928,0
929,28.3275
930,0
931,0
932,0
933,28.9768
934,0
935,28.7208
936,0
937,28.6731
938,0
939,0
940,28.9056
941,0
942,0
943,0
944,29.152
945,0
946,0
947,0
948,0
949,28.4256
950,0
951,0
952,29.7589
953,28.7087
954,0
955,0
956,0
957,0
958,0
959,28.5315
960,28.8328
961,0
962,0
963,0
964,28.7757
965,29.5152
966,0
967,29.57
968,29.1644
969,28.7806
970,27.9811
971,0
972,0
973,0
974,28.9444
975,0
976,0
977,0
978,0
979,28.7915
980,0
981,0
982,0
983,0
984,28.9266
985,28.1664
986,0
987,28.8512
988,27.9469
989,28.7534
990,0
991,0
992,0
993,28.6138
994,28.5534
995,0
996,0
997,0
998,28.7292
999,28.4506
1000,0
1001,0
1002,0
1003,0
1004,28.8394
1005,0
1006,0
1007,0
1008,0
1009,28.7092
1010,0
1011,0
1012,28.3105
1013,0
1014,0
1015,0
1016,29.2607
1017,0
1018,0
1019,0
1020,0
1021,0
1022,0
1023,28.741
1024,0
1025,27.991
1026,0
1027,0
1028,0
1029,29.0542
1030,0
1031,28.9029
1032,0
1033,0
1034,0
1035,29.2137
1036,0
1037,28.6661
1038,0
1039,0
1040,0
1041,0
1042,28.5621
1043,0
1044,0
1045,28.8533
1046,0
1047,29.5036
1048,29.036
1049,0
1050,0
1051,0
1052,0
1053,28.7307
1054,28.33
1055,0
1056,0
1057,0
1058,28.6835
1059,0
1060,0
1061,0
1062,28.6638
1063,0
1064,0
1065,28.3847
1066,0
1067,0
1068,0
1069,29.1436
1070,0
1071,0
1072,28.5451
1073,0
1074,28.5216
1075,0
1076,0
1077,0
1078,0
1079,28.8128
1080,28.3904
1081,28.8717
1082,0
1083,0
1084,0
1085,0
1086,0
1087,0
1088,28.869
1089,29.0719
1090,28.7694
1091,0
1092,0
1093,28.7831
1094,0
1095,0
1096,28.9832
1097,29.042
1098,0
1099,28.4239
1100,0
1101,0
1102,28.7972
1103,0
1104,0
1105,0
1106,0
1107,0
1108,0
1109,28.3969
1110,28.9488
1111,0
1112,28.3048
1113,28.6432
1114,0
1115,0
1116,0
1117,0
1118,28.324
1119,28.829
1120,0
1121,28.9141
1122,0
1123,0
1124,0
1125,28.4218
1126,0
1127,0
1128,28.911
1129,0
1130,0
1131,0
1132,28.4639
1133,28.547
1134,28.3485
1135,0
1136,0
1137,0
1138,28.7234
1139,0
1140,0
1141,28.572
1142,29.0684
1143,0
1144,0
1145,29.0471
1146,0
1147,0
1148,0
1149,0
1150,28.4449
1151,0
1152,29.0693
1153,0
1154,0
1155,0
1156,28.9432
1157,28.8458
1158,0
1159,0
1160,0
1161,28.4149
1162,0
1163,0
1164,0
1165,28.4298
1166,29.288
1167,0
1168,28.7503
1169,0
1170,0
1171,0
1172,0
1173,29.165
1174,0
1175,0
1176,0
1177,0
1178,0
1179,0
1180,28.9465
1181,0
1182,0
1183,0
1184,28.8051
1185,28.3622
1186,0
1187,0
1188,0
1189,0
1190,0
1191,0
1192,28.8843
1193,28.4731
1194,0
1195,0
1196,0
1197,28.4751
1198,0
1199,28.9281
1200,0
1201,0
1202,0
1203,28.8321
1204,28.5603
1205,29.1742
1206,0
1207,0
1208,0
1209,29.0049
1210,29.088
1211,0
1212,0
1213,28.416
1214,0
1215,28.3828
1216,0
1217,0
1218,0
1219,28.9866
1220,0
1221,0
1222,0
1223,0
1224,0
1225,0
1226,0
1227,0
1228,29.1213
1229,0
1230,0
1231,0
1232,0
1233,0
1234,0
1235,28.758
1236,0
1237,28.6007
1238,28.7475
1239,0
1240,0
1241,28.7776
1242,28.8602
1243,0
1244,0
1245,28.2044
1246,0
1247,28.4544
1248,0
1249,0
1250,0
1251,28.7791
1252,0
1253,0
1254,0
1255,28.16
1256,28.745
1257,28.3946
1258,0
1259,0
1260,28.4148
1261,0
1262,28.4412
1263,0
1264,28.8264
1265,0
1266,29.178
1267,0
1268,0
1269,0
1270,0
1271,28.5493
1272,0
1273,0
1274,0
1275,28.1634
1276,0
1277,28.6523
1278,28.7881
1279,29.4625
1280,0
1281,28.731
1282,0
1283,0
1284,0
1285,0
1286,0
1287,28.8884
1288,0
1289,0
1290,0
1291,27.9847
1292,29.2798
1293,0
1294,0
1295,0
1296,0
1297,0
1298,0
1299,28.758
1300,0
1301,0
1302,0
1303,0
1304,0
1305,28.918
1306,0
1307,28.7368
1308,0
1309,0
1310,28.6774
1311,28.6757
1312,28.5819
1313,0
1314,0
1315,28.0418
1316,0
1317,0
1318,0
1319,0
1320,0
1321,28.2511
1322,0
1323,0
1324,0
1325,0
1326,28.9334
1327,0
1328,0
1329,28.8452
1330,0
1331,0
1332,0
1333,28.6413
1334,0
1335,28.1293
1336,29.136
1337,0
1338,28.8268
1339,0
1340,0
1341,28.2114
1342,28.611
1343,28.0609
1344,29.0407
1345,0
1346,0
1347,28.7583
1348,0
1349,0
1350,0
1351,0
1352,0
1353,0
1354,0
1355,0
1356,0
1357,0
1358,29.4304
1359,0
1360,0
1361,28.9925
1362,28.9005
1363,28.4146
1364,28.7891
1365,29.1127
1366,0
1367,29.0258
1368,0
1369,28.3458
1370,0
1371,0
1372,28.5786
1373,28.7176
1374,0
1375,28.0807
1376,29.4548
1377,0
1378,0
1379,28.7008
1380,0
1381,0
1382,0
1383,27.9413
1384,0
1385,0
1386,0
1387,28.6204
1388,0
1389,28.3412
1390,0
1391,0
1392,0
1393,0
1394,29.1111
1395,28.2539
1396,28.6659
1397,28.4636
1398,0
1399,0
1400,0
1401,29.5636
1402,0
1403,28.4838
1404,28.1843
1405,28.6668
1406,0
1407,28.692
1408,0
1409,28.4921
1410,0
1411,0
1412,28.4151
1413,0
1414,0
1415,28.7218
1416,0
1417,0
1418,29.0245
1419,0
1420,28.4461
1421,28.7782
1422,0
1423,29.0482
1424,0
1425,0
1426,0
1427,0
1428,0
1429,28.0516
1430,0
1431,29.3017
1432,0
1433,28.7319
1434,0
1435,28.7655
1436,0
1437,29.2182
1438,0
1439,28.6186
1440,0
1441,28.7722
1442,0
1443,0
1444,0
1445,29.1538
1446,0
1447,28.2407
1448,0
1449,0
1450,0
1451,0
1452,0
1453,28.5798
1454,0
1455,28.9804
1456,0
1457,0
1458,0
1459,0
1460,0
1461,28.8978
1462,0
1463,0
1464,28.8033
1465,0
1466,29.1133
1467,0
1468,0
1469,28.4878
1470,0
1471,0
1472,0
1473,0
1474,28.6824
1475,29.1316
1476,0
1477,28.7964
1478,0
1479,28.4087
1480,0
1481,0
1482,0
1483,0
1484,28.8579
1485,0
1486,0
1487,0
1488,28.5889
1489,0
1490,0
1491,0
1492,0
1493,0
1494,0
1495,0
1496,0
1497,0
1498,0
1499,28.4852
1500,0
1501,0
1502,29.1161
1503,0
1504,0
1505,0
1506,0
1507,0
1508,28.5891
1509,0
1510,0
1511,28.8269
1512,28.7625
1513,0
1514,0
1515,0
1516,0
1517,28.9128
1518,0
1519,27.9887
1520,0
1521,0
1522,0
1523,0
1524,0
1525,0
1526,0
1527,0
1528,0
1529,0
1530,0
1531,0
1532,0
1533,0
1534,0
1535,0
1536,28.6216
1537,28.405
1538,28.8048
1539,0
1540,0
1541,28.1635
1542,29.2008
1543,28.9215
1544,0
1545,29.6023
1546,0
1547,0
1548,0
1549,28.7027
1550,0
1551,28.8748
1552,0
1553,0
1554,0
1555,0
1556,28.5309
1557,0
1558,28.9679
1559,0
1560,0
1561,0
1562,0
1563,0
1564,28.4832
1565,0
1566,29.3051
1567,0
1568,0
1569,0
1570,0
1571,0
1572,29.0869
1573,0
1574,0
1575,0
1576,28.5166
1577,0
1578,28.9235
1579,28.9934
1580,0
1581,0
1582,0
1583,0
1584,0
1585,0
1586,28.2631
1587,0
1588,0
1589,28.929
1590,0
1591,0
1592,0
1593,0
1594,28.7741
1595,28.9573
1596,0
1597,0
1598,0
1599,0
1600,28.8006
1601,28.7414
1602,0
1603,28.8231
1604,0
1605,0
1606,28.5699
1607,0
1608,0
1609,0
1610,0
1611,0
1612,29.3193
1613,28.9518
1614,0
1615,0
1616,0
1617,28.9102
1618,27.9651
1619,28.8202
1620,0
1621,0
1622,0
1623,28.1205
1624,0
1625,28.36
1626,0
1627,0
1628,0
1629,28.3613
1630,28.1653
1631,0
1632,0
1633,28.1342
1634,29.3083
1635,0
1636,0
1637,0
1638,0
1639,0
1640,29.2307
1641,0
1642,0
1643,28.5294
1644,28.5519
1645,0
1646,0
1647,0
1648,0
1649,0
1650,0
1651,0
1652,0
1653,0
1654,29.0217
1655,29.1563
1656,28.567
1657,28.9722
1658,28.8614
1659,0
1660,0
1661,0
1662,28.8718
1663,0
1664,0
1665,0
1666,28.5741
1667,0
1668,0
1669,28.6384
1670,0
1671,0
1672,0
1673,0
1674,28.5997
1675,0
1676,0
1677,0
1678,28.5429
1679,0
1680,0
1681,0
1682,0
1683,0
1684,0
1685,0
1686,0
1687,28.0456
1688,0
1689,28.4558
1690,0
1691,0
1692,0
1693,0
1694,0
1695,0
1696,0
1697,28.7367
1698,0
1699,0
1700,0
1701,0
1702,0
1703,0
1704,28.1792
1705,28.5258
1706,29.116
1707,28.9392
1708,29.4181
1709,28.827
1710,0
1711,28.9252
1712,29.0543
1713,28.2867
1714,0
1715,28.6316
1716,0
1717,28.8197
1718,0
1719,0
1720,29.1333
1721,28.8188
1722,0
1723,28.4071
1724,28.6468
1725,0
1726,0
1727,29.8227
1728,28.3765
1729,0
1730,0
1731,0
1732,0
1733,28.5645
1734,0
1735,0
1736,0
1737,28.4075
1738,0
1739,29.0957
1740,0
1741,28.6097
1742,0
1743,0
1744,0
1745,28.5955
1746,0
1747,0
1748,0
1749,0
1750,0
1751,28.7444
1752,0
1753,0
1754,0
1755,28.9941
1756,0
1757,0
1758,0
1759,0
1760,0
1761,0
1762,28.8918
1763,0
1764,0
1765,0
1766,0
1767,28.5434
1768,28.8104
1769,0
1770,0
1771,28.9394
1772,0
1773,0
1774,28.6167
1775,28.6504
1776,0
1777,0
1778,0
1779,0
1780,0
1781,28.8178
1782,0
1783,27.9552
1784,0
1785,0
1786,0
1787,0
1788,0
1789,0
1790,0
1791,29.1357
1792,0
1793,28.1974
1794,0
1795,29.1263
1796,0
1797,28.6972
1798,0
1799,28.9331
1800,0
1801,0
1802,0
1803,0
1804,0
1805,28.3705
1806,0
1807,28.5426
1808,28.5378
1809,28.6151
1810,0
1811,0
1812,0
1813,0
1814,0
1815,28.9854
1816,0
1817,0
1818,27.8546
1819,28.4016
1820,0
1821,28.3797
1822,0
1823,28.4637
1824,0
1825,0
1826,0
1827,28.4636
1828,0
1829,0
1830,0
1831,0
1832,0
1833,0
1834,0
1835,28.7772
1836,0
1837,0
1838,0
1839,0
1840,28.3251
1841,28.3367
1842,0
1843,29.3807
1844,28.7947
1845,28.5665
1846,28.4495
1847,0
1848,28.5769
1849,0
1850,28.6709
1851,0
1852,0
1853,28.8922
1854,0
1855,0
1856,0
1857,0
1858,0
1859,28.6377
1860,0
1861,0
1862,0
1863,0
1864,0
1865,0
1866,0
1867,0
1868,0
1869,0
1870,0
1871,29.4331
1872,0
1873,0
1874,0
1875,29.3497
1876,28.2445
1877,0
1878,0
1879,0
1880,29.0155
1881,0
1882,0
1883,0
1884,0
1885,0
1886,29.3186
1887,28.2612
1888,0
1889,0
1890,0
1891,0
1892,0
1893,0
1894,0
1895,29.1231
1896,0
1897,0
1898,0
1899,0
1900,0
1901,0
1902,28.9519
1903,0
1904,28.5795
1905,0
1906,0
1907,0
1908,0
1909,0
1910,29.0272
1911,29.3692
1912,0
1913,0
1914,28.8938
1915,0
1916,0
1917,29.0277
1918,28.3172
1919,0
1920,0
1921,28.573
1922,0
1923,0
1924,0
1925,0
1926,0
1927,0
1928,0
1929,0
1930,29.1415
1931,28.8483
1932,28.9938
1933,0
1934,0
1935,0
1936,28.6456
1937,0
1938,29.078
1939,0
1940,28.9428
1941,0
1942,28.4525
1943,28.9469
1944,0
1945,28.5497
1946,0
1947,0
1948,28.7172
1949,28.4867
1950,28.835
1951,29.0025
1952,0
1953,0
1954,0
1955,28.5331
1956,0
1957,0
1958,0
1959,0
1960,0
1961,0
1962,0
1963,28.0215
1964,0
1965,0
1966,0
1967,0
1968,0
1969,0
1970,0
1971,0
1972,0
1973,28.5644
1974,28.4859
1975,0
1976,0
1977,0
1978,0
1979,0
1980,28.6804
1981,28.3926
1982,28.5319
1983,0
1984,28.625
1985,0
1986,0
1987,0
1988,0
1989,28.8502
1990,0
1991,0
1992,0
1993,0
1994,28.5361
1995,29.3208
1996,0
1997,28.3311
1998,0
1999,0
2000,28.8828
2001,29.0389
2002,28.4144
2003,29.2436
2004,28.7582
2005,28.4867
2006,29.1136
2007,28.7206
2008,29.0313
2009,28.6069
2010,28.8853
2011,28.9496
2012,28.3795
2013,28.2712
2014,29.0928
2015,28.4028
2016,28.8865
2017,29.2571
2018,29.2333
2019,29.2115
2020,29.4387
2021,29.2255
2022,29.4707
2023,28.8174
2024,28.3501
2025,29.2629
2026,29.2383
2027,28.744
2028,28.7609
2029,29.1122
2030,29.2776
2031,29.3267
2032,0
2033,28.9131
2034,28.3358
2035,28.6637
2036,28.8859
2037,28.3287
2038,28.4667
2039,28.6849
2040,28.6369
2041,28.8125
2042,28.4736
2043,29.0015
2044,28.7458
2045,0
2046,28.5765
2047,28.4624
2048,28.6114
2049,28.0093
2050,28.3948
2051,28.5555
2052,28.5861
2053,28.1457
2054,29.4581
2055,28.5853
2056,0
2057,29.009
2058,28.5826
2059,28.9042
2060,28.8764
2061,28.3439
2062,28.8382
2063,28.5595
2064,28.2641
2065,28.7895
2066,28.3023
2067,28.8134
2068,28.793
2069,28.6674
2070,28.9905
2071,28.8992
2072,28.6495
2073,29.5621
2074,28.9887
2075,28.7559
2076,29.6252
2077,28.2899
2078,29.2845
2079,28.504
2080,28.6975
2081,28.5255
2082,28.6602
2083,28.1935
2084,28.629
2085,28.884
2086,28.4891
2087,28.0448
2088,28.3177
2089,28.1432
2090,28.9436
2091,28.8583
2092,28.6691
2093,29.0328
2094,28.5093
2095,29.1428
2096,28.9392
2097,28.6354
2098,28.7797
2099,28.3058
2100,27.9242
2101,28.7623
2102,28.5772
2103,28.8261
2104,28.9402
2105,28.2464
2106,28.6169
2107,27.9957
2108,28.9848
2109,29.84
2110,28.5793
2111,28.5608
2112,28.7947
2113,28.8889
2114,28.5139
2115,28.4098
2116,28.1076
2117,28.8443
2118,29.014
2119,28.8146
2120,28.3666
2121,28.8304
2122,27.9297
2123,29.0093
2124,29.4428
2125,28.5859
2126,28.8816
2127,28.7741
2128,28.2463
2129,28.1189
2130,28.793
2131,29.0058
2132,28.6091
2133,28.574
2134,28.8759
2135,28.4766
2136,28.048
2137,28.3869
2138,28.5255
2139,28.6577
2140,28.2077
2141,28.0004
2142,29.024
2143,29.031
2144,28.2893
2145,28.639
2146,28.5793
2147,28.7569
2148,28.6609
2149,29.2321
2150,28.7627
2151,28.179
2152,29.0564
2153,28.6916
2154,28.5075
2155,28.5132
2156,28.606
2157,28.8281
2158,28.9837
2159,28.4307
2160,29.304
2161,29.2076
2162,28.606
2163,28.3477
2164,29.5387
2165,28.5165
2166,28.7073
2167,29.2334
2168,29.0961
2169,28.9503
2170,28.8182
2171,28.9656
2172,28.4465
2173,28.6895
2174,28.692
2175,28.3082
2176,29.4139
2177,28.7284
2178,28.9727
2179,28.329
2180,29.0158
2181,28.508
2182,29.7015
2183,29.0053
2184,28.515
2185,0
2186,28.7878
2187,29.0318
2188,28.8219
2189,28.34
2190,28.7634
2191,28.7381
2192,29.1854
2193,28.1954
2194,28.0933
2195,28.5031
2196,28.4334
2197,29.0641
2198,28.6782
2199,28.7916
2200,28.9949
2201,28.1811
2202,28.843
2203,28.6057
2204,28.3411
2205,0
2206,0
2207,0
2208,0
2209,0
2210,28.7113
2211,0
2212,28.8419
2213,0
2214,0
2215,0
2216,0
2217,0
2218,28.7372
2219,0
2220,29.5537
2221,0
2222,0
2223,0
2224,0
2225,0
2226,0
2227,28.6738
2228,0
2229,0
2230,0
2231,29.1974
2232,0
2233,0
2234,0
2235,0
2236,0
2237,0
2238,0
2239,28.7002
2240,28.726
2241,28.6374
2242,0
2243,0
2244,28.7529
2245,0
2246,28.4142
2247,0
2248,28.3718
2249,0
2250,0
2251,0
2252,0
2253,0
2254,0
2255,0
2256,0
2257,0
2258,0
2259,28.5198
2260,0
2261,0
2262,0
2263,0
2264,0
2265,0
2266,28.465
2267,0
2268,0
2269,28.8516
2270,0
2271,29.3004
2272,0
2273,0
2274,28.8632
2275,28.5354
2276,29.1656
2277,0
2278,0
2279,0
2280,0
2281,28.7152
2282,0
2283,29.1647
2284,28.4595
2285,28.2687
2286,0
2287,28.9466
2288,0
2289,0
2290,28.5926
2291,0
2292,0
2293,0
2294,0
2295,0
2296,0
2297,0
2298,28.3028
2299,0
2300,28.6754
2301,0
2302,0
2303,28.5463
2304,28.5732
2305,28.4207
2306,0
2307,28.8371
2308,0
2309,0
2310,0
2311,0
2312,28.9291
2313,29.1181
2314,0
2315,0
2316,0
2317,0
2318,0
2319,0
2320,0
2321,28.8609
2322,27.7921
2323,0
2324,0
2325,28.6205
2326,0
2327,0
2328,0
2329,28.384
2330,0
2331,0
2332,0
2333,28.8137
2334,0
2335,0
2336,28.912
2337,0
2338,0
2339,28.5333
2340,28.4595
2341,28.9467
2342,28.4658
2343,28.6663
2344,28.7139
2345,0
2346,28.8116
2347,28.9624
2348,0
2349,0
2350,0
2351,28.7158
2352,0
2353,28.1244
2354,0
2355,0
2356,0
2357,0
2358,28.7982
2359,0
2360,0
2361,28.2455
2362,0
2363,0
2364,0
2365,28.1576
2366,0
2367,0
2368,29.3819
2369,0
2370,28.9319
2371,0
2372,0
2373,28.8533
2374,0
2375,27.9879
2376,0
2377,0
2378,0
2379,0
2380,0
2381,0
2382,0
2383,28.6666
2384,0
2385,0
2386,0
2387,0
2388,0
2389,0
2390,0
2391,28.4871
2392,0
2393,28.4409
2394,0
2395,28.3136
2396,0
2397,28.3375
2398,28.4383
2399,28.4614
2400,0
2401,0
2402,29.1832
2403,0
2404,29.0424
2405,0
2406,28.4443
2407,28.7685
2408,0
2409,0
2410,0
2411,28.751
2412,0
2413,28.6101
2414,0
2415,0
2416,0
2417,0
2418,0
2419,0
2420,28.7906
2421,0
2422,0
2423,0
2424,0
2425,0
2426,28.686
2427,0
2428,28.6363
2429,0
2430,0
2431,0
2432,28.8424
2433,0
2434,28.7426
2435,0
2436,0
2437,0
2438,28.8345
2439,28.929
2440,28.3956
2441,0
2442,28.1832
2443,29.5406
2444,28.2079
2445,0
2446,0
2447,28.3439
2448,0
2449,0
2450,0
2451,28.721
2452,0
2453,28.3705
2454,0
2455,0
2456,0
2457,0
2458,0
2459,0
2460,28.4601
2461,0
2462,0
2463,0
2464,0
2465,0
2466,0
2467,28.3599
2468,27.9331
2469,0
2470,28.9678
2471,0
2472,28.8618
2473,28.4253
2474,0
2475,0
2476,0
2477,0
2478,0
2479,0
2480,0
2481,0
2482,0
2483,0
2484,0
2485,28.5539
2486,28.7758
2487,0
2488,0
2489,28.7854
2490,28.8799
2491,0
2492,0
2493,0
2494,0
2495,0
2496,28.7908
2497,0
2498,0
2499,0
2500,28.8795
2501,28.9959
2502,0
2503,29.3045
2504,0
2505,28.4548
2506,0
2507,0
2508,29.1383
2509,0
2510,0
2511,28.4026
2512,0
2513,0
2514,0
2515,0
2516,0
2517,0
2518,0
2519,28.2671
2520,28.653
2521,0
2522,0
2523,0
2524,28.7607
2525,28.5959
2526,0
2527,0
2528,0
2529,0
2530,28.7973
2531,0
2532,0
2533,28.9638
2534,0
2535,0
2536,0
2537,28.7401
2538,0
2539,0
2540,28.5115
2541,29.6295
2542,29.1509
2543,0
2544,29.2419
2545,28.8475
2546,0
2547,28.7366
2548,28.8279
2549,28.5858
2550,28.0894
2551,0
2552,0
2553,0
2554,28.7985
2555,0
2556,0
2557,0
2558,28.5747
2559,0
2560,0
2561,0
2562,28.2138
2563,29.1859
2564,28.7294
2565,28.9152
2566,28.0094
2567,0
2568,0
2569,0
2570,0
2571,0
2572,0
2573,28.8531
2574,0
2575,28.5327
2576,28.9331
2577,0
2578,29.2142
2579,0
2580,0
2581,0
2582,0
2583,0
2584,0
2585,0
2586,0
2587,0
2588,0
2589,0
2590,0
2591,28.7902
2592,0
2593,28.8502
2594,0
2595,28.1267
2596,0
2597,0
2598,0
2599,0
2600,0
2601,0
2602,0
2603,0
2604,0
2605,0
2606,29.3285
2607,0
2608,0
2609,28.5273
2610,0
2611,28.8335
2612,28.8213
2613,0
2614,28.2836
2615,0
2616,0
2617,0
2618,0
2619,28.5667
2620,0
2621,28.5165
2622,28.3273
2623,28.9292
2624,0
2625,28.7802
2626,0
2627,0
2628,0
2629,0
2630,0
2631,0
2632,0
2633,0
2634,0
2635,29.466
2636,28.6175
2637,0
2638,0
2639,28.4463
2640,0
2641,0
2642,28.9053
2643,0
2644,0
2645,28.6704
2646,28.2002
2647,0
2648,0
2649,0
2650,28.5961
2651,0
2652,0
2653,28.6754
2654,0
2655,0
2656,29.017
2657,0
2658,29.0106
2659,0
2660,0
2661,0
2662,0
2663,0
2664,28.7434
2665,0
2666,0
2667,28.7392
2668,0
2669,0
2670,0
2671,28.6814
2672,0
2673,0
2674,0
2675,0
2676,28.8352
2677,29.6117
2678,0
2679,0
2680,0
2681,0
2682,29.2995
2683,0
2684,0
2685,0
2686,0
2687,0
2688,0
2689,29.0911
2690,28.4596
2691,0
2692,0
2693,0
2694,0
2695,0
2696,0
2697,0
2698,0
2699,0
2700,0
2701,0
2702,0
2703,29.3183
2704,29.4242
2705,0
2706,0
2707,0
2708,0
2709,0
2710,0
2711,0
2712,0
2713,28.8673
2714,0
2715,28.681
2716,0
2717,0
2718,0
2719,28.1175
2720,0
2721,0
2722,0
2723,0
2724,0
2725,28.8867
2726,28.8936
2727,0
2728,0
2729,0
2730,0
2731,28.8751
2732,0
2733,29.44
2734,0
2735,0
2736,0
2737,0
2738,0
2739,0
2740,0
2741,0
2742,0
2743,0
2744,0
2745,0
2746,28.202
2747,0
2748,28.7232
2749,0
2750,0
2751,0
2752,0
2753,0
2754,0
2755,0
2756,0
2757,28.6814
2758,0
2759,28.1176
2760,0
2761,28.5276
2762,29.1143
2763,0
2764,0
2765,0
2766,0
2767,0
2768,0
2769,29.2896
2770,0
2771,0
2772,28.6566
2773,0
2774,0
2775,28.7999
2776,28.7291
2777,28.8341
2778,28.5699
2779,0
2780,0
2781,0
2782,0
2783,28.4961
2784,28.3991
2785,0
2786,0
2787,0
2788,0
2789,0
2790,0
2791,0
2792,0
2793,0
2794,28.7202
2795,0
2796,29.2171
2797,29.3584
2798,0
2799,0
2800,0
2801,0
2802,0
2803,28.038
2804,28.7809
2805,0
2806,0
2807,0
2808,0
2809,0
2810,28.5675
2811,0
2812,0
2813,28.5645
2814,0
2815,28.0853
2816,29.0988
2817,29.1503
2818,0
2819,0
2820,28.2096
2821,0
2822,0
2823,29.1153
2824,0
2825,0
2826,0
2827,0
2828,0
2829,28.7485
2830,28.661
2831,29.0022
2832,28.973
2833,28.3751
2834,0
2835,0
2836,29.0254
2837,0
2838,0
2839,0
2840,0
2841,29.0147
2842,0
2843,0
2844,0
2845,28.4859
2846,0
2847,0
2848,28.7957
2849,28.8855
2850,0
2851,28.5122
2852,0
2853,28.8802
2854,0
2855,0
2856,28.7095
2857,0
2858,28.3944
2859,0
2860,0
2861,0
2862,0
2863,28.9426
2864,0
2865,0
2866,29.3567
2867,0
2868,0
2869,0
2870,0
2871,0
2872,0
2873,0
2874,28.5361
2875,29.1735
2876,0
2877,27.804
2878,28.3588
2879,0
2880,0
2881,0
2882,28.3148
2883,0
2884,28.4708
2885,0
2886,0
2887,0
2888,29.0899
2889,0
2890,0
2891,0
2892,0
2893,28.7278
2894,0
2895,0
2896,0
2897,0
2898,29.2117
2899,0
2900,0
2901,0
2902,0
2903,0
2904,0
2905,0
2906,0
2907,0
2908,0
2909,0
2910,0
2911,0
2912,0
2913,28.7011
2914,0
2915,0
2916,28.1243
2917,28.3064
2918,29.5156
2919,0
2920,0
2921,0
2922,0
2923,0
2924,28.8859
2925,28.9838
2926,0
2927,0
2928,0
2929,28.6042
2930,0
2931,28.9434
2932,28.4812
2933,29.2239
2934,28.7708
2935,0
2936,0
2937,0
2938,0
2939,0
2940,29.1739
2941,0
2942,0
2943,0
2944,29.0456
2945,0
2946,0
2947,0
2948,28.7694
2949,0
2950,27.9342
2951,0
2952,29.0698
2953,0
2954,28.7028
2955,29.1088
2956,0
2957,28.6473
2958,28.4548
2959,0
2960,0
2961,28.1879
2962,0
2963,28.7407
2964,0
2965,0
2966,28.162
2967,28.2849
2968,0
2969,0
2970,0
2971,0
2972,0
2973,0
2974,0
2975,0
2976,29.2989
2977,29.1037
2978,0
2979,28.7849
2980,28.0892
2981,28.8493
2982,28.2834
2983,0
2984,29.4681
2985,0
2986,0
2987,28.7142
2988,0
2989,0
2990,28.9215
2991,0
2992,0
2993,0
2994,28.949
2995,0
2996,0
2997,0
2998,28.4355
2999,0
3000,0
3001,28.6618
3002,28.5771
3003,29.0996
3004,0
3005,28.6948
3006,0
3007,29.0011
3008,0
3009,0
3010,0
3011,0
3012,29.1004
3013,28.1312
3014,0
3015,0
3016,0
3017,28.1518
3018,29.8636
3019,0
3020,0
3021,0
3022,0
3023,0
3024,0
3025,27.869
3026,0
3027,0
3028,0
3029,0
3030,28.7432
3031,0
3032,28.7355
3033,0
3034,0
3035,0
3036,0
3037,29.6268
3038,0
3039,0
3040,0
3041,0
3042,28.941
3043,0
3044,0
3045,0
3046,0
3047,0
3048,0
3049,0
3050,0
3051,0
3052,0
3053,0
3054,0
3055,0
3056,0
3057,29.34
3058,28.8163
3059,0
3060,0
3061,28.7395
3062,0
3063,0
3064,28.5686
3065,0
3066,0
3067,0
3068,0
3069,0
3070,28.6817
3071,0
3072,28.9153
3073,29.0729
3074,0
3075,0
3076,0
3077,0
3078,0
3079,29.2065
3080,0
3081,0
3082,0
3083,0
3084,0
3085,0
3086,0
3087,0
3088,0
3089,29.392
3090,0
3091,29.3447
3092,0
3093,28.7352
3094,28.551
3095,28.7877
3096,0
3097,0
3098,0
3099,0
3100,28.8716
3101,28.4804
3102,0
3103,0
3104,0
3105,0
3106,0
3107,28.6622
3108,28.9597
3109,0
3110,0
3111,28.1776
3112,28.2881
3113,29.0279
3114,0
3115,0
3116,0
3117,0
3118,0
3119,0
3120,0
3121,0
3122,29.2175
3123,0
3124,0
3125,28.4116
3126,0
3127,0
3128,28.9329
3129,0
3130,0
3131,29.3703
3132,0
3133,28.8958
3134,0
3135,0
3136,0
3137,0
3138,0
3139,29.3636
3140,0
3141,0
3142,0
3143,0
3144,0
3145,0
3146,0
3147,28.3832
3148,28.4744
3149,0
3150,0
3151,29.0767
3152,28.9674
3153,0
3154,0
3155,0
3156,0
3157,0
3158,0
3159,0
3160,0
3161,0
3162,0
3163,28.9218
3164,28.0098
3165,28.7271
3166,28.73
3167,28.3872
3168,28.7969
3169,0
3170,0
3171,0
3172,0
3173,0
3174,0
3175,0
3176,28.4687
3177,0
3178,0
3179,0
3180,0
3181,0
3182,0
3183,0
3184,0
3185,0
3186,0
3187,0
3188,28.6992
3189,28.5407
3190,28.4995
3191,0
3192,28.4931
3193,0
3194,29.7324
3195,28.6377
3196,28.6896
3197,28.5947
3198,0
3199,0
3200,0
3201,0
3202,0
3203,0
3204,28.0491
3205,0
3206,0
3207,28.8849
3208,0
3209,28.5769
3210,0
3211,0
3212,0
3213,0
3214,0
3215,0
3216,28.9746
3217,0
3218,0
3219,0
3220,0
3221,0
3222,0
3223,28.4129
3224,0
3225,29.0155
3226,0
3227,0
3228,0
3229,0
3230,0
3231,0
3232,0
3233,0
3234,0
3235,28.8748
3236,0
3237,0
3238,0
3239,0
3240,28.4531
3241,0
3242,0
3243,0
3244,28.7598
3245,0
3246,0
3247,27.9094
3248,0
3249,0
3250,0
3251,0
3252,0
3253,0
3254,0
3255,28.8593
3256,0
3257,29.3122
3258,28.4863
3259,0
3260,28.447
3261,0
3262,0
3263,0
3264,28.2
3265,0
3266,0
3267,0
3268,0
3269,0
3270,0
3271,0
3272,29.3551
3273,0
3274,29.3327
3275,28.7373
3276,28.5203
3277,0
3278,0
3279,0
3280,0
3281,0
3282,28.4056
3283,0
3284,0
3285,0
3286,28.4293
3287,0
3288,28.3191
3289,28.0357
3290,0
3291,0
3292,28.3932
3293,28.2601
3294,28.1763
3295,28.8575
3296,28.4416
3297,28.591
3298,0
3299,0
3300,0
3301,29.0395
3302,28.6907
3303,28.8309
3304,28.9548
3305,0
3306,0
3307,0
3308,0
3309,0
3310,0
3311,29.3509
3312,0
3313,0
3314,0
3315,0
3316,0
3317,28.7044
3318,0
3319,0
3320,0
3321,28.6
3322,28.8297
3323,0
3324,28.7428
3325,0
3326,0
3327,0
3328,0
3329,0
3330,28.9478
3331,0
3332,0
3333,0
3334,0
3335,0
3336,0
3337,0
3338,0
3339,0
3340,0
3341,0
3342,0
3343,0
3344,0
3345,0
3346,0
3347,0
3348,28.5946
3349,0
3350,0
3351,28.9699
3352,0
3353,0
3354,29.1303
3355,0
3356,0
3357,28.43
3358,0
3359,0
3360,28.6954
3361,0
3362,0
3363,0
3364,0
3365,0
3366,0
3367,29.0046
3368,28.6427
3369,0
3370,0
3371,28.8669
3372,0
3373,28.4314
3374,0
3375,0
3376,0
3377,0
3378,0
3379,28.7048
3380,0
3381,28.9252
3382,0
3383,0
3384,29.0265
3385,0
3386,29.0418
3387,28.258
3388,0
3389,0
3390,0
3391,0
3392,0
3393,28.5973
3394,0
3395,28.0012
3396,0
3397,28.4117
3398,0
3399,0
3400,29.1822
3401,0
3402,0
3403,28.7233
3404,28.5496
3405,0
3406,28.4888
3407,0
3408,0
3409,0
3410,0
3411,0
3412,0
3413,0
3414,28.8845
3415,0
3416,29.0879
3417,0
3418,28.4107
3419,28.7454
3420,0
3421,0
3422,0
3423,0
3424,28.4714
3425,28.7848
3426,29.6544
3427,28.9102
3428,0
3429,0
3430,28.6496
3431,0
3432,28.6687
3433,0
3434,0
3435,0
3436,0
3437,0
3438,28.1796
3439,0
3440,0
3441,28.5835
3442,28.864
3443,29.0794
3444,0
3445,0
3446,28.6301
3447,0
3448,28.6851
3449,0
3450,28.8975
3451,28.6338
3452,28.8074
3453,0
3454,0
3455,28.642
3456,28.3894
3457,28.6684
3458,0
3459,0
3460,0
3461,0
3462,0
3463,28.8544
3464,0
3465,0
3466,0
3467,0
3468,0
3469,0
3470,29.1151
3471,28.5887
3472,0
3473,0
3474,0
3475,0
3476,0
3477,0
3478,29.4497
3479,28.2799
3480,28.9423
3481,0
3482,0
3483,0
3484,0
3485,0
3486,0
3487,0
3488,0
3489,29.1281
3490,28.4569
3491,0
3492,0
3493,0
3494,0
3495,28.6115
3496,28.4985
3497,0
3498,0
3499,0
3500,28.7878
3501,0
3502,28.4791
3503,29.2803
3504,0
3505,0
3506,0
3507,0
3508,0
3509,28.8227
3510,28.1694
3511,29.1335
3512,0
3513,0
3514,0
3515,0
3516,0
3517,0
3518,28.7535
3519,0
3520,0
3521,0
3522,0
3523,0
3524,28.6551
3525,0
3526,28.7185
3527,28.1966
3528,0
3529,0
3530,28.2211
3531,28.8355
3532,0
3533,0
3534,0
3535,0
3536,0
3537,0
3538,28.4395
3539,28.4727
3540,0
3541,28.9304
3542,0
3543,0
3544,28.8598
3545,0
3546,28.9232
3547,0
3548,0
3549,0
3550,0
3551,0
3552,0
3553,0
3554,0
3555,0
3556,0
3557,0
3558,0
3559,0
3560,0
3561,0
3562,0
3563,0
3564,0
3565,29.5492
3566,29.4857
3567,28.4326
3568,0
3569,0
3570,28.6362
3571,28.784
3572,28.6302
3573,29.4382
3574,29.3617
3575,0
3576,28.2949
3577,0
3578,0
3579,0
3580,0
3581,28.2142
3582,0
3583,0
3584,28.6754
3585,28.9211
3586,0
3587,0
3588,0
3589,0
3590,0
3591,0
3592,0
3593,29.3999
3594,28.8313
3595,0
3596,0
3597,0
3598,0
3599,28.3164
3600,0
3601,28.6109
3602,0
3603,0
3604,0
3605,0
3606,0
3607,0
3608,28.3961
3609,28.2452
3610,28.844
3611,0
3612,0
3613,28.801
3614,0
3615,0
3616,0
3617,29.17
3618,0
3619,0
3620,0
3621,0
3622,0
3623,0
3624,28.2661
3625,0
3626,29.4067
3627,28.7482
3628,0
3629,28.3417
3630,0
3631,28.2986
3632,27.9362
3633,0
3634,0
3635,0
3636,0
3637,0
3638,28.5801
3639,28.7026
3640,28.161
3641,0
3642,0
3643,28.3683
3644,0
3645,28.6338
3646,28.8064
3647,0
3648,29.2787
3649,0
3650,0
3651,28.9201
3652,0
3653,28.6005
3654,28.892
3655,0
3656,28.6598
3657,0
3658,28.6172
3659,0
3660,0
3661,0
3662,0
3663,0
3664,0
3665,29.4696
3666,29.2667
3667,0
3668,28.2812
3669,0
3670,0
3671,28.4686
3672,0
3673,0
3674,0
3675,28.8568
3676,0
3677,0
3678,0
3679,0
3680,0
3681,0
3682,0
3683,0
3684,0
3685,0
3686,0
3687,0
3688,28.5192
3689,29.2233
3690,0
3691,0
3692,0
3693,0
3694,0
3695,0
3696,0
3697,0
3698,0
3699,29.2858
3700,28.6319
3701,0
3702,0
3703,0
3704,0
3705,0
3706,0
3707,0
3708,0
3709,28.5372
3710,28.5843
3711,29.0373
3712,28.6574
3713,0
3714,28.7669
3715,0
3716,28.935
3717,0
3718,29.0433
3719,28.7321
3720,0
3721,28.8107
3722,28.7628
3723,0
3724,0
3725,0
3726,0
3727,0
3728,29.1513
3729,0
3730,0
3731,0
3732,0
3733,28.2281
3734,0
3735,0
3736,0
3737,0
3738,0
3739,0
3740,0
3741,0
3742,28.6662
3743,28.8701
3744,0
3745,0
3746,0
3747,0
3748,0
3749,0
3750,29.0508
3751,28.2764
3752,29.3001
3753,0
3754,0
3755,0
3756,0
3757,0
3758,28.7958
3759,28.0859
3760,0
3761,28.6493
3762,0
3763,0
3764,0
3765,0
3766,0
3767,28.588
3768,0
3769,0
3770,28.8711
3771,28.5693
3772,28.4514
3773,28.8303
3774,28.5761
3775,0
3776,29.2563
3777,0
3778,29.4066
3779,0
3780,0
3781,28.7699
3782,28.9877
3783,0
3784,28.7373
3785,0
3786,0
3787,0
3788,0
3789,0
3790,0
3791,0
3792,0
3793,29.2801
3794,0
3795,0
3796,28.1
3797,0
3798,0
3799,29.131
3800,28.7757
3801,29.1062
3802,0
3803,0
3804,0
3805,28.4008
3806,0
3807,0
3808,28.753
3809,0
3810,28.8112
3811,28.7039
3812,0
3813,0
3814,28.398
3815,0
3816,0
3817,27.9292
3818,0
3819,28.9379
3820,28.3306
3821,0
3822,0
3823,0
3824,0
3825,0
3826,0
3827,0
3828,0
3829,0
3830,28.0989
3831,28.9671
3832,28.5896
3833,0
3834,0
3835,0
3836,0
3837,0
3838,28.3406
3839,0
3840,0
3841,0
3842,0
3843,29.2594
3844,29.3765
3845,0
3846,28.8735
3847,29.1968
3848,0
3849,28.7759
3850,28.4517
3851,28.8879
3852,0
3853,0
3854,0
3855,0
3856,28.7416
3857,0
3858,28.6961
3859,0
3860,0
3861,28.8332
3862,0
3863,0
3864,0
3865,28.8611
3866,0
3867,0
3868,0
3869,0
3870,0
3871,0
3872,29.3376
3873,0
3874,0
3875,0
3876,0
3877,0
3878,28.6419
3879,28.6763
3880,0
3881,0
3882,28.7325
3883,0
3884,0
3885,0
3886,28.5965
3887,0
3888,0
3889,0
3890,28.7388
3891,28.78
3892,28.3479
3893,0
3894,0
3895,0
3896,0
3897,29.4711
3898,0
3899,0
3900,28.655
3901,0
3902,0
3903,28.9952
3904,0
3905,0
3906,0
3907,0
3908,28.9617
3909,28.9236
3910,0
3911,0
3912,29.0818
3913,0
3914,28.6573
3915,28.6915
3916,28.5395
3917,0
3918,29.1112
3919,0
3920,0
3921,28.6785
3922,27.9199
3923,0
3924,0
3925,0
3926,28.9918
3927,28.8764
3928,0
3929,0
3930,0
3931,28.1646
3932,0
3933,0
3934,29.1169
3935,0
3936,0
3937,0
3938,0
3939,0
3940,0
3941,29.2356
3942,0
3943,28.6362
3944,29.0249
3945,0
3946,0
3947,0
3948,28.6704
3949,0
3950,28.7385
3951,29.0459
3952,0
3953,0
3954,0
3955,0
3956,0
3957,28.0844
3958,0
3959,0
3960,0
3961,28.7493
3962,0
3963,29.0277
3964,28.8963
3965,28.4588
3966,0
3967,28.1936
3968,0
3969,28.6027
3970,0
3971,28.4751
3972,28.8752
3973,28.3468
3974,0
3975,0
3976,28.7033
3977,0
3978,28.2939
3979,28.5535
3980,29.1671
3981,0
3982,28.9543
3983,28.7667
3984,0
3985,29.0484
3986,28.5242
3987,28.4799
3988,0
3989,0
3990,28.9204
3991,0
3992,28.8317
3993,0
3994,0
3995,28.8312
3996,0
3997,0
3998,0
3999,0
4000,28.8544
4001,2.67671
4002,2.7233
4003,28.2348
4004,2.42957
4005,2.2368
4006,2.03262
4007,1.98545
4008,2.57309
4009,2.92736
4010,28.977
4011,28.8631
4012,2.45128
4013,29.1837
4014,2.48541
4015,2.58985
4016,2.7631
4017,2.55042
4018,2.48416
4019,3.03891
4020,2.33033
4021,2.76177
4022,2.62776
4023,28.7397
4024,29.4435
4025,2.61085
4026,28.1415
4027,2.0572
4028,2.81222
4029,2.99202
4030,2.92161
4031,2.88334
4032,2.27416
4033,3.76487
4034,2.65354
4035,2.84597
4036,2.01256
4037,2.74218
4038,2.95118
4039,2.90934
4040,2.28703
4041,2.25616
4042,28.4296
4043,2.90045
4044,28.5
4045,29.5221
4046,28.1427
4047,2.86212
4048,2.87652
4049,2.10431
4050,28.5565
4051,28.0461
4052,2.52049
4053,2.64678
4054,28.6907
4055,28.3591
4056,2.85283
4057,1.80345
4058,2.5834
4059,29.229
4060,29.3265
4061,2.3322
4062,2.88014
4063,28.3878
4064,2.9152
4065,28.6761
4066,2.3265
4067,28.7323
4068,2.64778
4069,28.3498
4070,28.5052
4071,3.0482
4072,2.89678
4073,2.17812
4074,3.21311
4075,2.04885
4076,1.56418
4077,28.8275
4078,28.8879
4079,29.102
4080,28.2549
4081,29.0151
4082,2.79397
4083,2.50095
4084,2.53326
4085,28.6799
4086,29.4984
4087,29.2363
4088,28.3689
4089,2.27895
4090,1.90985
4091,2.25155
4092,2.37575
4093,3.05517
4094,2.24319
4095,3.02754
4096,28.4067
4097,28.6043
4098,2.12506
4099,28.7707
4100,2.64519
4101,29.0019
4102,28.507
4103,2.28638
4104,28.4988
4105,2.83177
4106,2.55068
4107,2.28954
4108,2.92036
4109,28.9074
4110,28.8132
4111,2.1836
4112,2.33368
4113,2.50826
4114,2.72457
4115,28.9715
4116,2.66113
4117,28.7174
4118,3.3387
4119,2.43908
4120,2.68586
4121,28.681
4122,1.87568
4123,2.49023
4124,1.00884
4125,29.4288
4126,28.6102
4127,27.3773
4128,29.5382
4129,28.8919
4130,28.5174
4131,29.068
4132,28.4666
4133,28.6034
4134,28.5031
4135,28.6013
4136,28.371
4137,27.9484
4138,29.1574
4139,28.5746
4140,28.2611
4141,28.9036
4142,28.6256
4143,28.6145
4144,28.3276
4145,28.1274
4146,29.3169
4147,29.0174
4148,29.232
4149,28.9927
4150,28.6456
4151,28.2683
4152,28.3665
4153,29.3678
4154,28.6332
4155,28.78
4156,29.1717
4157,28.6579
4158,28.235
4159,29.1942
4160,29.6079
4161,29.1165
4162,28.729
4163,28.5499
4164,28.7605
4165,28.9501
4166,28.416
4167,28.5467
4168,28.5859
4169,28.9614
4170,29.3282
4171,28.8867
4172,28.3628
4173,28.4063
4174,29.1988
4175,28.6738
4176,28.8591
4177,28.7758
4178,28.5506
4179,28.5637
4180,28.4421
4181,28.4596
4182,29.0871
4183,28.8057
4184,28.9369
4185,28.56
4186,28.6649
4187,29.1805
4188,29.4809
4189,28.3446
4190,28.2405
4191,28.5076
4192,28.2521
4193,29.0355
4194,28.9556
4195,28.426
4196,29.1452
4197,28.5642
4198,28.4627
4199,28.9748
4200,28.8069
4201,28.3801
4202,28.8106
4203,28.8852
4204,28.8702
4205,29.1841
4206,29.3172
4207,28.3356
4208,28.7259
4209,29.0459
4210,28.8951
4211,28.6351
4212,29.3592
4213,28.5089
4214,29.2521
4215,28.7109
4216,28.6882
4217,28.6734
4218,29.0653
4219,28.6054
4220,28.153
4221,28.4014
4222,28.65
4223,27.9631
4224,29.2241
4225,28.574
4226,28.9616
4227,29.1416
4228,28.3858
4229,28.8729
4230,29.0999
4231,28.4588
4232,28.3768
4233,28.8072
4234,29.439
4235,28.9886
4236,29.232
4237,28.3482
4238,28.9737
4239,29.168
4240,28.5269
4241,28.2506
4242,28.4115
4243,28.7175
4244,28.7095
4245,29.0566
4246,28.5143
4247,28.8129
4248,28.5765
4249,28.6386
4250,29.8241
4251,28.8322
4252,28.726
4253,28.9247
4254,28.8266
4255,28.4475
4256,29.3635
4257,28.9159
4258,28.7633
4259,28.5674
4260,28.9149
4261,28.591
4262,29.1285
4263,28.5135
4264,27.9842
4265,28.9214
4266,28.437
4267,28.5838
4268,28.4459
4269,28.3405
4270,28.5352
4271,28.6048
4272,28.371
4273,29.0666
4274,28.6652
4275,29.225
4276,28.4186
4277,28.6297
4278,29.3526
4279,28.5548
4280,29.1952
4281,29.2165
4282,28.8229
4283,28.6349
4284,28.3176
4285,28.422
4286,28.4157
4287,29.0769
4288,28.5189
4289,28.3245
4290,28.9982
4291,28.6413
4292,29.1348
4293,28.3974
4294,28.7221
4295,28.4247
4296,29.0466
4297,28.7274
4298,29.1934
4299,28.7483
4300,27.8902
4301,29.0185
4302,29.0943
4303,29.2376
4304,28.589
4305,29.4282
4306,28.5618
4307,29.2212
4308,28.9837
4309,28.865
4310,28.8713
4311,28.9181
4312,28.846
4313,28.839
4314,28.5139
4315,28.5621
4316,29.0799
4317,29.1449
4318,28.7186
4319,28.945
4320,29.4353
4321,28.6004
4322,28.4865
4323,28.5911
4324,28.7738
4325,29.1421
4326,29.0987
4327,28.7167
4328,29.2053
4329,28.8862
4330,29.8488
4331,28.3433
4332,28.9439
4333,28.3185
4334,28.9399
4335,28.4586
4336,28.5181
4337,28.9094
4338,29.4054
4339,28.4903
4340,28.5088
4341,28.1299
4342,28.6079
4343,28.8527
4344,28.8514
4345,28.777
4346,29.1625
4347,28.5667
4348,28.7638
4349,28.9939
4350,28.4594
4351,28.6009
4352,28.6635
4353,28.3057
4354,28.9291
4355,28.6739
4356,28.5758
4357,29.1406
4358,28.3731
4359,28.9139
4360,28.8253
4361,28.1606
4362,28.501
4363,28.8899
4364,28.5727
4365,28.7273
4366,28.7233
4367,28.844
4368,28.9576
4369,29.3172
4370,28.2524
4371,29.6196
4372,29.6422
4373,28.3984
4374,29.1643
4375,27.9586
4376,29.1944
4377,28.8596
4378,28.3907
4379,28.1623
4380,29.5136
4381,28.8554
4382,28.0613
4383,28.1836
4384,28.621
4385,28.8388
4386,28.8999
4387,28.6548
4388,28.7682
4389,28.9888
4390,28.8138
4391,29.2653
4392,28.6923
4393,29.2449
4394,28.7371
4395,28.5364
4396,29.313
4397,28.9398
4398,28.599
4399,28.2486
4400,28.1211
4401,28.6828
4402,28.2664
4403,28.7547
4404,29.0017
4405,28.2865
4406,28.9346
4407,28.9354
4408,29.682
4409,28.594
4410,28.7436
4411,28.9329
4412,28.873
4413,28.7746
4414,29.008
4415,28.6251
4416,28.4246
4417,29.1365
4418,28.6389
4419,28.5791
4420,29.0602
4421,28.436
4422,28.4607
4423,28.8942
4424,28.6132
4425,28.9622
4426,28.4445
4427,28.9966
4428,29.4925
4429,28.7319
4430,28.7958
4431,28.4884
4432,28.6204
4433,29.2293
4434,28.3442
4435,28.8307
4436,29.154
4437,28.8424
4438,29.128
4439,28.3211
4440,29.1086
4441,28.777
4442,28.5904
4443,27.9368
4444,28.628
4445,28.4227
4446,28.9488
4447,29.0212
4448,28.2964
4449,28.9861
4450,29.0944
4451,28.8054
4452,28.2587
4453,28.0845
4454,28.6728
4455,28.4914
4456,28.7396
4457,28.7874
4458,28.1912
4459,28.3275
4460,28.8371
4461,29.2362
4462,29.1985
4463,29.1856
4464,28.6692
4465,28.9913
4466,28.8205
4467,27.8495
4468,28.9954
4469,28.8971
4470,28.6109
4471,28.2909
4472,28.5629
4473,29.174
4474,28.7639
4475,28.6529
4476,28.6118
4477,28.2447
4478,29.0558
4479,28.4129
4480,28.6924
4481,29.0429
4482,28.2025
4483,29.0982
4484,28.7008
4485,28.3922
4486,28.9527
4487,28.4941
4488,29.1434
4489,28.2925
4490,28.522
4491,28.7596
4492,28.9911
4493,28.1059
4494,29.1375
4495,29.3009
4496,28.2614
4497,28.7473
4498,28.6671
4499,28.8906
4500,29.3366
4501,28.7211
4502,28.5689
4503,27.9366
4504,28.3419
4505,28.9544
4506,28.7066
4507,28.3245
4508,29.432
4509,28.5754
4510,28.885
4511,28.6207
4512,28.2106
4513,29.11
4514,29.1934
4515,29.0202
4516,29.2811
4517,27.927
4518,28.7186
4519,28.9329
4520,28.8497
4521,28.5741
4522,28.4871
4523,28.6759
4524,27.9606
4525,28.7228
4526,28.3254
4527,28.455
4528,28.2994
4529,29.119
4530,28.4611
4531,29.0163
4532,28.5994
4533,28.7583
4534,28.4857
4535,28.4253
4536,28.8062
4537,29.0141
4538,29.1187
4539,28.5025
4540,28.9922
4541,29.5091
4542,28.9501
4543,28.5727
4544,29.4582
4545,28.3951
4546,28.9926
4547,28.6077
4548,28.9596
4549,28.7635
4550,28.2522
4551,29.2487
4552,28.0519
4553,28.7169
4554,28.9768
4555,28.7411
4556,28.1628
4557,28.9974
4558,28.7861
4559,28.8623
4560,29.0956
4561,28.4105
4562,29.6485
4563,28.4102
4564,29.1162
4565,28.8291
4566,28.6373
4567,29.0482
4568,29.2235
4569,28.6654
4570,28.0234
4571,28.4886
4572,28.9029
4573,28.5608
4574,28.1465
4575,29.151
4576,28.7977
4577,28.6649
4578,29.0971
4579,28.7007
4580,28.6481
4581,28.9255
4582,28.3253
4583,29.1509
4584,28.801
4585,28.8307
4586,28.5009
4587,28.878
4588,29.0308
4589,28.8354
4590,29
4591,28.4387
4592,28.2702
4593,28.8317
4594,28.5653
4595,28.4174
4596,29.1116
4597,28.5868
4598,28.8843
4599,28.6112
4600,28.9289
4601,29.1501
4602,28.7171
4603,29.0296
4604,29.2332
4605,28.5224
4606,28.8764
4607,29.1489
4608,28.7018
4609,28.8027
4610,28.2837
4611,28.7795
4612,29.1648
4613,28.1693
4614,28.356
4615,28.9553
4616,28.467
4617,28.5864
4618,28.8071
4619,28.9018
4620,29.1978
4621,28.2529
4622,29.5072
4623,28.8215
4624,28.053
4625,29.0894
4626,28.1628
4627,28.522
4628,29.489
4629,29.0898
4630,28.9453
4631,28.1843
4632,28.5934
4633,28.6574
4634,28.5638
4635,28.7461
4636,28.9601
4637,28.8413
4638,29.2496
4639,28.4874
4640,28.0813
4641,28.6216
4642,28.3811
4643,28.5621
4644,28.5824
4645,28.5815
4646,28.5575
4647,28.9727
4648,29.1269
4649,28.7561
4650,28.8532
4651,28.5635
4652,29.6334
4653,29.0754
4654,28.4568
4655,28.4628
4656,28.76
4657,28.3008
4658,28.3988
4659,28.7966
4660,28.5211
4661,28.6312
4662,28.3273
4663,28.3322
4664,28.7968
4665,28.2888
4666,28.2898
4667,28.5918
4668,28.6048
4669,28.529
4670,29.1351
4671,29.0891
4672,28.1321
4673,28.9537
4674,28.5931
4675,28.6924
4676,28.7414
4677,28.1819
4678,28.9557
4679,28.4923
4680,28.6672
4681,28.4842
4682,28.5729
4683,28.5066
4684,28.4795
4685,29.3483
4686,28.7365
4687,28.7166
4688,28.6744
4689,28.5519
4690,28.7991
4691,28.6011
4692,28.8872
4693,29.0592
4694,28.7397
4695,28.848
4696,29.03
4697,28.0983
4698,28.8427
4699,28.4659
4700,28.4314
4701,28.6798
4702,29.3317
4703,29.0515
4704,28.4843
4705,28.8301
4706,28.555
4707,28.6936
4708,28.9286
4709,28.8304
4710,28.5587
4711,28.4621
4712,29.0706
4713,28.8324
4714,29.3498
4715,29.4873
4716,29.3767
4717,28.1193
4718,28.7654
4719,28.6726
4720,28.5709
4721,28.8944
4722,28.4804
4723,28.7118
4724,28.443
4725,28.2495
4726,28.3559
4727,28.2985
4728,28.6528
4729,28.238
4730,28.8093
4731,27.9649
4732,29.1718
4733,28.5999
4734,28.4444
4735,28.93
4736,29.4219
4737,29.4222
4738,29.418
4739,28.5499
4740,29.6651
4741,28.5361
4742,28.6623
4743,28.728
4744,28.3566
4745,28.6268
4746,28.9875
4747,28.3653
4748,28.9269
4749,28.5764
4750,28.6937
4751,28.5526
4752,28.8239
4753,28.6107
4754,29.2399
4755,28.5365
4756,28.5188
4757,28.811
4758,28.5933
4759,28.4608
4760,29.1102
4761,28.2169
4762,28.6477
4763,29.1986
4764,28.844
4765,28.7664
4766,29.252
4767,28.4286
4768,28.9695
4769,28.8043
4770,29.0122
4771,29.4753
4772,28.6125
4773,29.1132
4774,28.778
4775,28.5669
4776,28.8294
4777,28.7754
4778,28.6175
4779,29.2262
4780,28.8953
4781,28.9246
4782,28.2293
4783,28.7576
4784,28.4525
4785,28.7626
4786,28.4624
4787,28.4713
4788,28.4738
4789,28.9634
4790,29.1339
4791,28.0976
4792,28.8673
4793,29.0184
4794,28.4641
4795,28.5289
4796,29.1248
4797,29.6317
4798,28.7677
4799,28.9366
4800,28.4812
4801,28.9941
4802,28.4932
4803,29.1197
4804,29.2392
4805,28.8726
4806,29.0777
4807,29.5916
4808,28.1522
4809,28.6457
4810,28.4969
4811,29.0173
4812,29.0919
4813,28.352
4814,28.5813
4815,29.2584
4816,28.3546
4817,28.9824
4818,28.3609
4819,28.885
4820,29.1054
4821,28.5561
4822,28.7845
4823,29.3173
4824,29.0031
4825,28.5523
4826,28.8585
4827,29.5664
4828,28.6698
4829,28.9407
4830,29.099
4831,28.7485
4832,28.7668
4833,28.4715
4834,28.302
4835,28.4657
4836,28.9022
4837,29.1513
4838,28.5636
4839,28.182
4840,28.2185
4841,28.4755
4842,29.538
4843,28.2242
4844,28.3263
4845,28.8971
4846,28.9085
4847,28.9258
4848,29.2798
4849,29.767
4850,28.7374
4851,28.7577
4852,29.0392
4853,28.8783
4854,28.604
4855,29.4393
4856,29.381
4857,29.1727
4858,28.831
4859,28.212
4860,28.864
4861,28.6316
4862,28.6163
4863,28.8439
4864,28.7872
4865,28.486
4866,29.4646
4867,28.9904
4868,28.8315
4869,28.6915
4870,28.3758
4871,28.1742
4872,29.1174
4873,28.7021
4874,28.8635
4875,28.5918
4876,28.7171
4877,28.7685
4878,28.2443
4879,28.5784
4880,29.1134
4881,28.8346
4882,28.5702
4883,28.859
4884,28.6376
4885,28.5683
4886,29.1545
4887,28.5385
4888,28.646
4889,28.2259
4890,28.9222
4891,28.3245
4892,28.8439
4893,28.3107
4894,28.6232
4895,28.5714
4896,28.0652
4897,28.805
4898,29.1375
4899,28.9668
4900,28.6027
4901,28.3344
4902,28.1474
4903,28.8662
4904,28.3109
4905,28.6862
4906,29.1176
4907,28.5036
4908,28.9261
4909,28.5863
4910,28.7892
4911,28.5155
4912,28.8367
4913,28.573
4914,28.8059
4915,28.4474
4916,29.0646
4917,28.8538
4918,29.0242
4919,28.7014
4920,28.932
4921,28.4734
4922,28.752
4923,28.7981
4924,29.3356
4925,28.8102
4926,28.7088
4927,28.273
4928,28.9242
4929,28.3275
4930,28.4105
4931,29.1176
4932,28.962
4933,28.9768
4934,29.3479
4935,28.6022
4936,28.5311
4937,28.6731
4938,29.0524
4939,29.0156
4940,29.2845
4941,28.4543
4942,29.1879
4943,28.5259
4944,29.152
4945,28.5021
4946,29.0316
4947,28.7595
4948,29.2441
4949,28.4256
4950,28.4897
4951,28.9906
4952,29.7589
4953,28.7087
4954,28.5698
4955,28.063
4956,28.8441
4957,29.5016
4958,29.142
4959,28.4894
4960,28.8328
4961,27.9618
4962,28.4727
4963,28.8907
4964,28.7757
4965,29.5152
4966,29.6473
4967,29.57
4968,29.1644
4969,29.0367
4970,28.5428
4971,28.543
4972,29.0115
4973,29.3139
4974,28.9011
4975,28.8275
4976,28.9911
4977,28.461
4978,28.341
4979,28.7915
4980,28.8488
4981,28.9228
4982,29.0547
4983,28.8674
4984,28.9266
4985,28.1664
4986,28.6269
4987,28.8512
4988,27.9469
4989,28.7534
4990,28.6745
4991,28.3334
4992,28.6282
4993,28.6138
4994,28.5534
4995,28.9594
4996,28.6014
4997,28.6365
4998,28.7292
4999,28.4506
5000,28.7396
5001,28.9579
5002,29.5436
5003,28.4416
5004,28.8394
5005,28.3601
5006,28.4151
5007,28.7454
5008,28.7384
5009,28.7092
5010,28.4029
5011,28.4696
5012,28.3105
5013,29.1738
5014,29.1793
5015,28.9736
5016,28.9966
5017,29.0704
5018,29.3569
5019,29.0548
5020,29.1653
5021,29.0155
5022,29.0195
5023,28.741
5024,28.7383
5025,27.991
5026,28.273
5027,29.1218
5028,29.035
5029,29.0542
5030,28.6359
5031,28.9029
5032,28.9334
5033,28.6478
5034,28.7938
5035,29.2137
5036,28.7507
5037,28.4223
5038,28.62
5039,28.7359
5040,27.844
5041,28.782
5042,28.5621
5043,28.7114
5044,28.9248
5045,28.8533
5046,28.5813
5047,29.5036
5048,29.036
5049,28.6843
5050,28.7038
5051,28.2223
5052,28.4959
5053,29.1483
5054,28.2853
5055,29.0908
5056,28.5435
5057,28.4584
5058,28.6835
5059,28.7211
5060,28.7836
5061,28.5362
5062,28.6638
5063,29.368
5064,29.0696
5065,28.3847
5066,29.188
5067,29.07
5068,28.746
5069,29.1436
5070,28.2976
5071,28.3993
5072,28.5451
5073,28.9059
5074,28.5216
5075,28.2911
5076,29.2075
5077,28.7765
5078,28.9687
5079,29.0307
5080,28.3904
5081,28.8717
5082,28.9808
5083,28.921
5084,29.2113
5085,29.0341
5086,29.0087
5087,29.0971
5088,28.869
5089,29.0719
5090,28.7694
5091,29.1509
5092,28.7119
5093,28.5271
5094,28.9382
5095,29.0745
5096,28.9832
5097,29.042
5098,28.8579
5099,28.2621
5100,28.9062
5101,28.888
5102,28.8858
5103,29.4303
5104,28.1963
5105,29.1771
5106,28.3797
5107,28.6606
5108,28.315
5109,29.1227
5110,28.9488
5111,28.6865
5112,28.3048
5113,28.6432
5114,28.9411
5115,28.9161
5116,28.1713
5117,27.9243
5118,28.324
5119,28.829
5120,28.4829
5121,28.9141
5122,28.9529
5123,28.3329
5124,29.2587
5125,28.4218
5126,28.448
5127,28.6922
5128,28.911
5129,29.1624
5130,28.4184
5131,29.0821
5132,28.4639
5133,28.547
5134,28.3485
5135,29.3612
5136,28.4443
5137,29.0342
5138,28.7234
5139,28.9033
5140,28.897
5141,28.3047
5142,29.0684
5143,28.7341
5144,28.8132
5145,29.0471
5146,28.5428
5147,28.1784
5148,28.5605
5149,28.3368
5150,28.4449
5151,28.3533
5152,29.0693
5153,29.1464
5154,28.6962
5155,29.0607
5156,29.0351
5157,29.0655
5158,28.365
5159,28.4258
5160,29.1056
5161,28.4149
5162,28.8894
5163,28.7062
5164,28.6902
5165,28.4298
5166,29.288
5167,28.623
5168,28.7503
5169,29.2338
5170,28.4638
5171,28.9125
5172,28.6763
5173,29.165
5174,27.6965
5175,28.9096
5176,29.2201
5177,29.0215
5178,29.2126
5179,28.6496
5180,28.9465
5181,28.8395
5182,28.2066
5183,29.0687
5184,28.8051
5185,28.3622
5186,29.0485
5187,27.9416
5188,28.3099
5189,28.7241
5190,28.4171
5191,28.8954
5192,28.8843
5193,28.6268
5194,28.0643
5195,27.9857
5196,28.8165
5197,28.4751
5198,29.2299
5199,28.9281
5200,28.9417
5201,29.199
5202,28.6278
5203,28.8321
5204,28.3726
5205,29.1742
5206,28.8495
5207,28.8858
5208,28.6395
5209,29.0049
5210,29.088
5211,28.965
5212,29.4026
5213,28.7255
5214,28.5608
5215,28.3828
5216,28.9308
5217,29.1558
5218,29.0563
5219,28.9866
5220,29.1051
5221,29.3441
5222,28.3188
5223,29.7123
5224,28.6501
5225,28.186
5226,28.9397
5227,28.4786
5228,29.1213
5229,28.8926
5230,29.1614
5231,28.7326
5232,28.3002
5233,28.7678
5234,28.6658
5235,28.758
5236,28.8879
5237,28.6007
5238,28.7475
5239,29.1604
5240,28.8236
5241,28.7776
5242,28.8602
5243,28.7114
5244,28.522
5245,29.021
5246,28.5673
5247,29.1046
5248,28.6561
5249,28.3878
5250,28.6796
5251,29.1548
5252,28.8284
5253,29.1652
5254,28.7689
5255,28.16
5256,28.745
5257,28.3946
5258,29.3565
5259,29.0615
5260,28.5042
5261,28.976
5262,28.4412
5263,28.5712
5264,28.8264
5265,28.7459
5266,29.178
5267,29.2308
5268,28.2353
5269,28.4811
5270,28.6613
5271,28.5493
5272,29.0732
5273,29.0124
5274,28.9662
5275,28.5444
5276,28.772
5277,29.1704
5278,28.7881
5279,29.4625
5280,28.5959
5281,28.731
5282,28.7222
5283,28.8441
5284,28.8649
5285,28.6203
5286,28.6961
5287,28.8884
5288,29.1189
5289,28.0972
5290,29.3517
5291,27.9847
5292,29.2798
5293,28.769
5294,28.6809
5295,28.1969
5296,28.5687
5297,28.4375
5298,28.3982
5299,28.758
5300,28.7428
5301,28.9298
5302,27.676
5303,28.443
5304,29.0188
5305,28.3058
5306,28.5929
5307,28.7368
5308,28.7869
5309,28.4424
5310,28.6774
5311,28.6757
5312,28.5819
5313,28.9969
5314,28.3099
5315,28.5588
5316,29.065
5317,28.9813
5318,28.9047
5319,29.4094
5320,28.6412
5321,28.2879
5322,28.8578
5323,29.3749
5324,29.2755
5325,29.0199
5326,28.9334
5327,28.5904
5328,29.5238
5329,28.6181
5330,29.1431
5331,28.2561
5332,28.2994
5333,28.6413
5334,28.1194
5335,28.1293
5336,29.136
5337,28.7578
5338,28.8268
5339,28.7069
5340,28.4349
5341,28.2114
5342,28.6696
5343,28.935
5344,29.0407
5345,28.813
5346,28.7422
5347,28.7583
5348,28.7545
5349,28.9454
5350,28.6969
5351,28.6021
5352,28.2994
5353,28.821
5354,28.4912
5355,29.0105
5356,28.6668
5357,28.9169
5358,29.4304
5359,28.3733
5360,28.2323
5361,28.9925
5362,28.9005
5363,28.4146
5364,28.7891
5365,29.1127
5366,28.949
5367,29.0258
5368,28.5864
5369,28.3458
5370,28.5507
5371,28.9891
5372,28.7664
5373,28.7176
5374,28.9198
5375,28.5783
5376,29.4548
5377,28.6612
5378,28.9994
5379,28.7008
5380,28.5857
5381,27.9729
5382,28.6051
5383,27.9413
5384,29.0876
5385,29.0566
5386,28.7115
5387,28.6204
5388,28.4486
5389,28.3412
5390,28.7084
5391,28.778
5392,29.0212
5393,28.8888
5394,29.1111
5395,28.7399
5396,28.6659
5397,28.4636
5398,28.2534
5399,28.4634
5400,29.3029
5401,29.5636
5402,28.5169
5403,28.4838
5404,28.1843
5405,28.7989
5406,28.5267
5407,28.692
5408,29.2725
5409,28.9613
5410,29.0578
5411,28.3879
5412,28.4151
5413,28.9575
5414,28.6909
5415,28.5302
5416,28.5778
5417,28.1652
5418,29.3066
5419,28.5758
5420,28.4461
5421,28.7782
5422,28.7485
5423,29.0482
5424,28.6416
5425,28.3483
5426,28.6166
5427,29.3422
5428,28.894
5429,28.0516
5430,28.6927
5431,29.3017
5432,28.7517
5433,28.7319
5434,28.8239
5435,28.7655
5436,29.0444
5437,29.2182
5438,28.2013
5439,28.6186
5440,29.006
5441,28.7722
5442,28.8466
5443,28.9857
5444,28.8372
5445,29.1538
5446,28.4598
5447,28.2407
5448,28.8408
5449,28.5206
5450,28.6569
5451,28.2155
5452,29.1486
5453,28.5798
5454,29.163
5455,28.9804
5456,29.1006
5457,28.9333
5458,28.6743
5459,29.0739
5460,29.0683
5461,28.8978
5462,29.2214
5463,28.7205
5464,28.8033
5465,29.2015
5466,29.1133
5467,28.5787
5468,28.1294
5469,28.4878
5470,28.5749
5471,28.187
5472,29.1498
5473,28.7612
5474,28.4907
5475,29.1316
5476,29.0959
5477,29.2381
5478,28.8172
5479,28.4087
5480,28.6371
5481,29.0575
5482,29.0204
5483,28.6135
5484,28.6846
5485,28.7269
5486,28.3647
5487,28.5715
5488,28.5889
5489,28.2477
5490,28.2808
5491,27.7804
5492,28.9521
5493,29.0657
5494,29.0242
5495,28.0827
5496,29.185
5497,28.3346
5498,28.9071
5499,28.1096
5500,29.0354
5501,28.422
5502,28.9794
5503,28.4507
5504,29.1511
5505,28.7552
5506,29.4023
5507,28.4201
5508,28.6154
5509,29.1285
5510,29.0517
5511,28.8269
5512,28.2042
5513,28.9137
5514,28.5225
5515,28.7581
5516,28.6453
5517,28.9128
5518,28.3749
5519,27.9887
5520,29.6254
5521,28.5977
5522,28.5837
5523,28.6343
5524,29.3332
5525,28.8757
5526,29.1889
5527,28.7501
5528,28.578
5529,28.8879
5530,28.2384
5531,29.1303
5532,28.8123
5533,28.5356
5534,28.433
5535,28.8165
5536,28.6216
5537,28.405
5538,28.8048
5539,29.5225
5540,29.1422
5541,28.1635
5542,29.2008
5543,28.9215
5544,28.6278
5545,28.941
5546,28.3264
5547,28.4151
5548,28.4136
5549,28.7027
5550,28.8735
5551,28.8748
5552,28.2923
5553,28.5864
5554,28.5381
5555,28.7189
5556,28.5309
5557,28.8763
5558,28.9679
5559,28.6175
5560,28.4411
5561,28.5295
5562,28.6436
5563,28.7804
5564,28.4832
5565,29.1499
5566,29.3051
5567,28.4663
5568,28.6657
5569,29.095
5570,29.2861
5571,28.4735
5572,29.0869
5573,29.265
5574,29.1838
5575,29.0953
5576,28.5166
5577,28.9319
5578,28.9235
5579,28.8903
5580,28.2736
5581,27.8127
5582,28.6412
5583,28.4179
5584,28.7482
5585,29.1324
5586,28.9138
5587,28.7152
5588,29.2714
5589,28.929
5590,28.8116
5591,29.5617
5592,29.2685
5593,28.887
5594,28.7741
5595,29.5257
5596,28.8566
5597,29.3287
5598,28.7021
5599,28.4625
5600,28.8006
5601,28.5601
5602,28.5916
5603,28.8231
5604,28.5531
5605,28.3609
5606,28.5699
5607,28.5794
5608,28.7419
5609,28.4616
5610,28.7195
5611,28.5074
5612,28.9528
5613,28.9518
5614,29.2832
5615,29.1136
5616,28.3328
5617,28.9102
5618,27.9651
5619,28.8202
5620,28.7577
5621,28.7849
5622,28.9005
5623,28.1205
5624,28.3416
5625,29.2711
5626,28.5734
5627,28.4828
5628,28.3867
5629,28.3613
5630,28.1653
5631,28.5045
5632,27.8356
5633,29.0591
5634,29.3083
5635,28.935
5636,28.8419
5637,29.2968
5638,29.2876
5639,28.4236
5640,29.2307
5641,29.0399
5642,28.3401
5643,27.8004
5644,28.5519
5645,28.7922
5646,28.8385
5647,28.9261
5648,28.893
5649,29.1885
5650,28.5275
5651,29.4413
5652,28.7234
5653,29.0402
5654,29.0217
5655,29.1563
5656,28.567
5657,28.9722
5658,28.8614
5659,29.0502
5660,28.2266
5661,28.6419
5662,28.8718
5663,28.4844
5664,29.2351
5665,28.4851
5666,28.3474
5667,28.197
5668,28.798
5669,28.6384
5670,28.8058
5671,29.2328
5672,29.2207
5673,28.5431
5674,28.5997
5675,28.9385
5676,28.9388
5677,28.9295
5678,29.0195
5679,28.7869
5680,28.8532
5681,28.3673
5682,29.2803
5683,28.8665
5684,29.0554
5685,28.2446
5686,28.2184
5687,28.0456
5688,28.4974
5689,28.4558
5690,28.7733
5691,28.1343
5692,28.381
5693,28.3205
5694,28.7743
5695,28.9212
5696,28.9875
5697,28.7367
5698,28.4148
5699,29.0437
5700,28.4806
5701,28.939
5702,28.355
5703,28.9981
5704,28.1792
5705,28.5258
5706,29.116
5707,28.9966
5708,28.9022
5709,28.827
5710,28.7957
5711,28.6655
5712,28.4458
5713,28.256
5714,28.2764
5715,28.6316
5716,28.9189
5717,28.8197
5718,28.9683
5719,28.6389
5720,29.1333
5721,28.8188
5722,28.5114
5723,28.4071
5724,28.6468
5725,28.9984
5726,29.3301
5727,29.8227
5728,28.3765
5729,28.7819
5730,29.1669
5731,29.3566
5732,27.8639
5733,28.5645
5734,29.063
5735,28.5129
5736,28.5862
5737,28.4075
5738,28.949
5739,29.0957
5740,28.1206
5741,28.6097
5742,28.4887
5743,29.1995
5744,28.3166
5745,28.6978
5746,28.5567
5747,28.2364
5748,28.9093
5749,29.157
5750,27.6349
5751,28.7444
5752,28.5014
5753,28.7966
5754,28.7451
5755,28.9941
5756,28.6245
5757,28.8627
5758,28.5816
5759,29.7847
5760,28.2503
5761,28.6513
5762,28.7352
5763,28.5864
5764,28.1792
5765,28.5383
5766,28.3852
5767,28.5434
5768,28.8104
5769,28.4715
5770,28.5875
5771,28.9394
5772,28.4258
5773,28.9275
5774,28.6167
5775,28.93
5776,28.5785
5777,28.5779
5778,29.2362
5779,29.1684
5780,29.3386
5781,28.8178
5782,28.3323
5783,27.9552
5784,28.976
5785,28.3235
5786,29.2081
5787,28.6381
5788,28.5186
5789,28.5953
5790,28.6486
5791,29.1357
5792,28.397
5793,28.8796
5794,28.9522
5795,28.7991
5796,28.2159
5797,29.1059
5798,28.2878
5799,29.4211
5800,28.7429
5801,28.177
5802,28.7723
5803,28.771
5804,29.0566
5805,28.3705
5806,28.6008
5807,28.5426
5808,28.836
5809,28.6151
5810,29.1217
5811,28.6711
5812,28.5238
5813,28.4792
5814,28.671
5815,29.3257
5816,28.5898
5817,28.5212
5818,27.8546
5819,28.7937
5820,29.1019
5821,28.3797
5822,28.8618
5823,28.4637
5824,29.2923
5825,28.5264
5826,28.7972
5827,28.4636
5828,28.868
5829,28.6821
5830,28.2468
5831,28.5051
5832,28.7253
5833,28.8621
5834,29.0807
5835,28.7772
5836,29.054
5837,28.0918
5838,28.0759
5839,28.489
5840,28.3251
5841,28.3367
5842,29.255
5843,29.3807
5844,28.1957
5845,28.451
5846,28.4458
5847,29.0933
5848,28.5769
5849,29.2267
5850,28.6709
5851,28.8296
5852,28.5637
5853,29.0441
5854,28.4584
5855,29.2059
5856,28.6468
5857,28.5484
5858,29.0187
5859,29.4988
5860,28.934
5861,28.6347
5862,29.1533
5863,28.5582
5864,28.7395
5865,28.2603
5866,28.4251
5867,29.2755
5868,29.051
5869,28.6265
5870,28.9276
5871,29.4331
5872,28.9816
5873,28.3757
5874,28.97
5875,29.3497
5876,28.2199
5877,28.9687
5878,28.5313
5879,28.1254
5880,29.0155
5881,28.8132
5882,28.1749
5883,28.7614
5884,28.4006
5885,28.7491
5886,29.3186
5887,28.2612
5888,28.2027
5889,29.1856
5890,29.3012
5891,28.5106
5892,28.1387
5893,28.7216
5894,29.0562
5895,28.5509
5896,28.4452
5897,29.3614
5898,29.3682
5899,28.8045
5900,28.1945
5901,28.5576
5902,28.432
5903,28.8243
5904,28.5795
5905,28.1952
5906,28.7326
5907,28.6799
5908,28.3012
5909,29.0329
5910,28.5569
5911,29.3692
5912,28.4848
5913,28.3659
5914,28.8938
5915,28.4445
5916,28.3922
5917,29.0277
5918,28.1636
5919,28.9059
5920,28.8319
5921,28.573
5922,28.6849
5923,28.121
5924,29.0709
5925,29.311
5926,28.9449
5927,29.2738
5928,28.5187
5929,28.6748
5930,29.1415
5931,28.8483
5932,28.9938
5933,28.9954
5934,28.6768
5935,29.0261
5936,29.5204
5937,28.5587
5938,29.078
5939,27.9968
5940,28.9479
5941,28.4972
5942,28.4525
5943,28.9469
5944,28.7611
5945,28.5497
5946,28.7553
5947,28.2207
5948,28.7172
5949,28.4867
5950,29.1126
5951,28.7021
5952,28.7007
5953,28.5295
5954,28.1901
5955,28.5331
5956,29.0335
5957,28.9414
5958,28.7538
5959,28.7625
5960,28.8918
5961,28.6257
5962,28.3706
5963,28.0215
5964,28.9077
5965,28.8086
5966,28.3494
5967,28.6784
5968,28.4406
5969,2.72755
5970,28.1979
5971,28.8174
5972,29.0738
5973,28.5644
