0,2.72049
1,3.29962
2,2.47731
3,2.40921
4,2.56718
5,0
6,0
7,0
8,0
9,2.35799
10,2.37586
11,0
12,2.51535
13,0
14,2.46688
15,2.73059
16,0
17,0
18,2.84744
19,0
20,2.28467
21,0
22,0
23,2.61464
24,2.35573
25,0
26,0
27,2.39731
28,2.38917
29,0
30,0
31,2.70496
32,2.58403
33,3.04142
34,2.68262
35,0
36,0
37,15.0113
38,14.9069
39,0
40,0
41,15.3486
42,14.814
43,0
44,14.7623
45,14.6038
46,0
47,0
48,0
49,14.6472
50,15.2163
51,14.3129
52,14.869
53,0
54,0
55,15.5727
56,14.8923
57,15.5997
58,14.5991
59,15.1822
60,14.5549
61,14.2753
62,0
63,14.6347
64,14.5814
65,0
66,14.7409
67,15.0459
68,15.2667
69,0
70,14.2263
71,14.78
72,14.6364
73,14.3099
74,0
75,0
76,0
77,13.8477
78,15.3113
79,14.7647
80,14.378
81,14.7957
82,14.8638
83,15.3184
84,15.1465
85,14.3744
86,13.9176
87,0
88,0
89,15.2244
90,0
91,14.6091
92,14.7098
93,0
94,0
95,15.4093
96,14.6766
97,14.3962
98,0
99,0
100,0
101,15.0399
102,0
103,14.6668
104,14.9364
105,15.0524
106,0
107,14.3442
108,14.4764
109,14.618
110,14.9715
111,14.517
112,14.7395
113,15.1829
114,14.9094
115,0
116,14.3877
117,0
118,14.9518
119,0
120,15.7864
121,14.3348
122,14.8565
123,14.2051
124,15.0205
125,0
126,14.8632
127,0
128,15.0256
129,15.0001
130,0
131,0
132,0
133,15.153
134,0
135,0
136,0
137,14.369
138,0
139,0
140,14.299
141,14.4555
142,0
143,15.0128
144,14.6381
145,14.4078
146,14.5081
147,0
148,14.373
149,0
150,0
151,15.1164
152,14.4249
153,14.9613
154,14.511
155,14.937
156,15.0662
157,14.1798
158,0
159,14.2673
160,15.3228
161,0
162,0
163,15.6837
164,0
165,0
166,14.7539
167,0
168,15.839
169,0
170,14.7668
171,16.0432
172,0
173,14.5575
174,14.9831
175,14.5383
176,15.1104
177,14.6093
178,15.1799
179,0
180,15.1827
181,15.486
182,0
183,15.0699
184,14.6809
185,15.2088
186,0
187,0
188,14.2661
189,14.6956
190,0
191,15.0919
192,15.294
193,0
194,14.9131
195,15.1314
196,15.2279
197,0
198,0
199,15.0667
200,0
201,0
202,0
203,15.8054
204,0
205,14.7275
206,15.5278
207,0
208,0
209,15.5538
210,14.5817
211,0
212,14.8139
213,15.1707
214,14.9251
215,14.8513
216,14.9307
217,0
218,14.3163
219,0
220,0
221,14.6955
222,0
223,14.6572
224,15.2481
225,14.9314
226,0
227,14.3134
228,0
229,14.4163
230,14.7454
231,14.9419
232,14.983
233,14.5461
234,0
235,15.657
236,0
237,15.0119
238,14.7764
239,14.9535
240,14.8873
241,14.4705
242,0
243,0
244,14.9402
245,0
246,14.6711
247,0
248,14.8835
249,14.9615
250,0
251,14.3315
252,0
253,14.8245
254,14.6603
255,14.6785
256,14.7827
257,14.6221
258,0
259,14.8208
260,0
261,0
262,15.0589
263,14.7908
264,15.0783
265,14.738
266,14.761
267,0
268,0
269,14.5894
270,14.9548
271,0
272,0
273,0
274,15.2897
275,0
276,0
277,14.6849
278,0
279,0
280,14.6479
281,15.4593
282,14.8565
283,15.1034
284,0
285,14.1489
286,0
287,0
288,14.9308
289,15.118
290,0
291,0
292,14.9132
293,0
294,14.6372
295,0
296,14.3906
297,14.567
298,0
299,14.9029
300,0
301,0
302,0
303,14.9993
304,14.4599
305,14.46
306,15.0993
307,15.4059
308,15.05
309,14.4179
310,15.4782
311,14.5588
312,0
313,0
314,0
315,13.888
316,0
317,0
318,15.5449
319,14.4695
320,0
321,14.6497
322,15.5763
323,0
324,0
325,0
326,14.9283
327,14.7274
328,14.9301
329,15.078
330,15.0454
331,0
332,14.5393
333,14.7202
334,0
335,14.2311
336,14.4248
337,15.0898
338,0
339,0
340,0
341,14.6563
342,0
343,15.1772
344,14.4908
345,0
346,0
347,14.6121
348,14.1668
349,0
350,15.3298
351,0
352,14.8745
353,0
354,15.4984
355,14.7889
356,14.8885
357,15.5546
358,14.6219
359,14.8329
360,14.7849
361,0
362,14.8975
363,15.1049
364,0
365,14.6553
366,0
367,14.5661
368,0
369,0
370,15.0618
371,0
372,0
373,0
374,14.4132
375,14.809
376,0
377,14.6893
378,14.7459
379,0
380,0
381,14.7122
382,14.7218
383,0
384,14.5283
385,15.501
386,14.8048
387,15.0948
388,0
389,15.2748
390,14.7839
391,0
392,14.383
393,0
394,0
395,0
396,14.7576
397,14.4875
398,15.541
399,0
400,15.1547
401,15.141
402,14.6831
403,14.8692
404,14.4872
405,0
406,15.3719
407,14.6423
408,14.4497
409,0
410,0
411,14.4615
412,14.5223
413,14.9741
414,0
415,14.9306
416,14.7503
417,15.1535
418,15.144
419,0
420,0
421,0
422,15.208
423,14.5694
424,0
425,14.5504
426,15.065
427,15.5365
428,14.8857
429,14.1801
430,0
431,0
432,14.6615
433,14.7498
434,0
435,15.2942
436,14.7663
437,14.7265
438,0
439,14.8347
440,14.9438
441,0
442,0
443,15.3932
444,14.6832
445,0
446,0
447,14.8035
448,14.3623
449,14.3703
450,14.6632
451,14.2423
452,0
453,14.0056
454,15.2383
455,15.0347
456,0
457,0
458,15.055
459,0
460,14.9584
461,14.9542
462,14.5499
463,15.3927
464,0
465,15.1692
466,0
467,15.296
468,14.4161
469,15.0298
470,0
471,15.3811
472,0
473,14.8322
474,0
475,0
476,0
477,14.8767
478,14.4604
479,15.3932
480,15.143
481,14.6905
482,14.281
483,14.2756
484,14.9411
485,0
486,0
487,15.0902
488,15.5615
489,0
490,0
491,14.2987
492,0
493,15.1248
494,15.6859
495,15.2595
496,14.8119
497,0
498,15.4318
499,14.7054
500,0
501,14.6448
502,14.9621
503,14.623
504,0
505,0
506,14.5001
507,15.0661
508,0
509,14.8894
510,14.7706
511,14.41
512,0
513,14.7797
514,15.1369
515,14.3432
516,0
517,14.931
518,0
519,14.6031
520,14.7057
521,15.0692
522,14.5705
523,14.7223
524,0
525,14.936
526,0
527,0
528,14.8708
529,14.8144
530,0
531,0
532,14.3446
533,0
534,0
535,15.012
536,14.7652
537,13.5917
538,0
539,14.4689
540,14.4494
541,14.4215
542,0
543,15.204
544,0
545,0
546,15.4066
547,14.8478
548,14.4524
549,0
550,14.7566
551,15.0462
552,15.216
553,0
554,14.7622
555,14.9754
556,0
557,15.0723
558,14.9445
559,15.273
560,14.7477
561,16.084
562,15.0814
563,14.33
564,0
565,15.3813
566,0
567,14.9296
568,0
569,14.9406
570,0
571,0
572,0
573,14.9004
574,0
575,0
576,15.4701
577,14.9498
578,0
579,15.2
580,14.6371
581,0
582,14.2332
583,15.064
584,14.6326
585,14.4045
586,0
587,14.8436
588,0
589,0
590,0
591,15.3185
592,15.1865
593,0
594,14.4543
595,15.1788
596,0
597,15.0663
598,14.7323
599,14.1271
600,0
601,0
602,14.9277
603,15.3889
604,0
605,0
606,15.2018
607,0
608,0
609,14.5566
610,15.4283
611,0
612,14.754
613,14.8374
614,0
615,0
616,0
617,14.7319
618,0
619,0
620,14.8215
621,14.397
622,0
623,14.9289
624,15.1204
625,0
626,0
627,14.5536
628,0
629,14.4816
630,14.7559
631,14.6868
632,0
633,0
634,14.9956
635,14.9579
636,15.0847
637,14.2906
638,14.499
639,15.1072
640,14.1473
641,0
642,14.9002
643,14.6606
644,0
645,0
646,14.5623
647,14.9867
648,0
649,15.3618
650,0
651,0
652,14.2731
653,15.1364
654,0
655,0
656,15.2912
657,15.1575
658,0
659,14.7864
660,0
661,14.0148
662,0
663,0
664,14.9271
665,0
666,0
667,0
668,14.6557
669,0
670,0
671,0
672,14.6949
673,14.9994
674,15.2596
675,0
676,14.7511
677,14.3577
678,15.167
679,14.4186
680,0
681,14.719
682,14.7913
683,15.2206
684,0
685,14.6426
686,14.9135
687,14.2643
688,14.8582
689,14.8733
690,14.562
691,0
692,0
693,0
694,14.2691
695,0
696,14.8369
697,0
698,14.6154
699,14.2603
700,14.7015
701,14.2156
702,15.0107
703,0
704,14.6652
705,14.9111
706,0
707,14.7278
708,0
709,15.0207
710,14.9388
711,14.9916
712,0
713,14.7157
714,0
715,0
716,14.806
717,14.2825
718,0
719,14.3113
720,14.7565
721,0
722,14.9262
723,15.0501
724,15.2173
725,14.6493
726,0
727,0
728,14.7851
729,0
730,14.5894
731,15.7562
732,0
733,0
734,14.6504
735,14.7891
736,15.4771
737,0
738,0
739,14.376
740,0
741,0
742,0
743,14.7039
744,14.7719
745,14.503
746,14.6439
747,14.6244
748,14.4677
749,0
750,15.2424
751,15.0496
752,0
753,15.1057
754,0
755,0
756,0
757,14.4142
758,14.9093
759,14.7904
760,14.8655
761,15.1871
762,15.1117
763,14.6681
764,14.4196
765,0
766,14.5475
767,0
768,14.5843
769,15.0943
770,0
771,0
772,14.4737
773,0
774,14.5426
775,14.6877
776,0
777,0
778,14.7627
779,14.7016
780,0
781,15.0903
782,0
783,14.0343
784,16.0999
785,14.9539
786,14.7754
787,0
788,14.5887
789,0
790,14.7383
791,0
792,0
793,0
794,13.7971
795,0
796,15.3471
797,14.4756
798,14.6819
799,14.6277
800,14.6485
801,15.0812
802,0
803,0
804,0
805,15.3667
806,15.4537
807,0
808,14.3159
809,0
810,0
811,14.5338
812,14.4131
813,15.0047
814,0
815,0
816,14.7108
817,0
818,0
819,15.1384
820,0
821,14.9426
822,0
823,15.0777
824,0
825,0
826,14.6673
827,14.595
828,0
829,0
830,0
831,0
832,0
833,0
834,14.291
835,0
836,0
837,0
838,15.362
839,0
840,14.7012
841,15.1315
842,15.1654
843,15.0132
844,0
845,14.7418
846,15.4086
847,0
848,14.438
849,14.4388
850,14.7518
851,15.1074
852,15.275
853,0
854,0
855,15.6043
856,15.1734
857,14.9073
858,0
859,14.6084
860,14.9934
861,14.4382
862,0
863,14.4016
864,0
865,0
866,0
867,15.0706
868,14.6096
869,0
870,0
871,14.7467
872,0
873,14.9488
874,0
875,15.3474
876,0
877,0
878,14.8703
879,14.8882
880,14.7063
881,14.4476
882,14.9628
883,14.4179
884,0
885,14.6945
886,0
887,14.8193
888,14.7641
889,14.3682
890,0
891,0
892,0
893,15.0746
894,14.9255
895,15.7971
896,0
897,14.6315
898,14.361
899,0
900,15.1944
901,0
902,14.705
903,15.5701
904,14.1969
905,0
906,0
907,14.5955
908,15.2673
909,14.8725
910,14.6192
911,0
912,14.7955
913,15.132
914,0
915,15.104
916,0
917,0
918,14.5968
919,15.143
920,15.0278
921,15.1571
922,0
923,14.5389
924,0
925,14.6388
926,0
927,15.2616
928,15.0486
929,0
930,14.2698
931,14.9292
932,0
933,14.9201
934,15.1646
935,15.1707
936,14.7124
937,15.0913
938,14.5825
939,0
940,14.4181
941,15.6303
942,0
943,0
944,0
945,14.965
946,0
947,0
948,15.0536
949,15.5014
950,0
951,0
952,15.0569
953,0
954,14.9302
955,14.8526
956,15.1499
957,0
958,14.2909
959,15.0859
960,14.7727
961,0
962,14.5275
963,0
964,15.0477
965,15.413
966,14.4058
967,15.0987
968,14.3503
969,14.2803
970,15.2423
971,14.6456
972,14.7638
973,14.7868
974,0
975,14.2665
976,14.3208
977,0
978,0
979,15.2041
980,0
981,0
982,15.2928
983,14.3345
984,0
985,0
986,15.292
987,15.3951
988,14.5469
989,14.8373
990,15.148
991,15.4149
992,0
993,15.0887
994,14.7071
995,0
996,15.1055
997,15.4293
998,0
999,14.6466
1000,0
1001,15.0698
1002,0
1003,0
1004,15.0389
1005,0
1006,0
1007,0
1008,14.7686
1009,14.5482
1010,0
1011,0
1012,14.8079
1013,0
1014,0
1015,15.2047
1016,14.9568
1017,0
1018,14.8444
1019,15.5978
1020,15.1977
1021,0
1022,14.9333
1023,14.4386
1024,0
1025,14.824
1026,0
1027,14.4612
1028,0
1029,14.7041
1030,15.4478
1031,0
1032,14.7773
1033,0
1034,14.8672
1035,14.3512
1036,0
1037,15.2246
1038,14.4251
1039,0
1040,0
1041,15.2391
1042,14.4787
1043,0
1044,0
1045,14.5313
1046,0
1047,15.0676
1048,14.6598
1049,15.2282
1050,0
1051,0
1052,0
1053,14.7106
1054,14.8765
1055,14.705
1056,15.3167
1057,14.3123
1058,15.488
1059,0
1060,14.5643
1061,0
1062,0
1063,0
1064,14.3708
1065,14.9426
1066,0
1067,14.6464
1068,0
1069,0
1070,0
1071,15.0875
1072,14.4022
1073,14.779
1074,0
1075,15.0945
1076,0
1077,14.5675
1078,15.1617
1079,0
1080,14.6752
1081,15.2439
1082,14.4834
1083,0
1084,0
1085,0
1086,14.8187
1087,0
1088,14.9834
1089,0
1090,14.6379
1091,0
1092,15.3928
1093,15.1351
1094,0
1095,14.8682
1096,0
1097,14.9142
1098,0
1099,14.6658
1100,0
1101,15.2515
1102,0
1103,0
1104,14.5943
1105,0
1106,14.8501
1107,15.1139
1108,14.735
1109,14.5867
1110,14.6685
1111,14.658
1112,15.3404
1113,14.9443
1114,15.4131
1115,14.427
1116,0
1117,0
1118,0
1119,14.8389
1120,0
1121,14.5961
1122,14.8915
1123,14.49
1124,15.11
1125,15.019
1126,15.0408
1127,14.8591
1128,0
1129,0
1130,14.7774
1131,0
1132,0
1133,0
1134,14.7983
1135,0
1136,15.0627
1137,0
1138,15.1058
1139,14.6418
1140,15.159
1141,14.7071
1142,15.2423
1143,0
1144,14.7018
1145,15.1207
1146,0
1147,0
1148,15.5151
1149,14.9439
1150,15.2195
1151,14.8546
1152,14.9786
1153,0
1154,14.6464
1155,0
1156,15.5677
1157,14.8647
1158,15.0265
1159,0
1160,14.8917
1161,0
1162,0
1163,0
1164,0
1165,0
1166,15.5097
1167,15.3433
1168,0
1169,14.8955
1170,0
1171,14.4833
1172,15.6368
1173,0
1174,14.908
1175,15.4384
1176,14.9802
1177,15.0322
1178,14.6308
1179,14.5142
1180,0
1181,14.9225
1182,14.8005
1183,15.0292
1184,15.3361
1185,15.0061
1186,14.2775
1187,0
1188,0
1189,14.4444
1190,0
1191,15.1188
1192,0
1193,15.0023
1194,0
1195,15.4991
1196,14.8355
1197,14.728
1198,0
1199,0
1200,14.9552
1201,15.3547
1202,15.005
1203,15.1422
1204,14.8234
1205,14.088
1206,14.5646
1207,0
1208,15.2003
1209,0
1210,0
1211,0
1212,14.6868
1213,14.5534
1214,15.1588
1215,14.6809
1216,0
1217,0
1218,14.2764
1219,14.9188
1220,0
1221,0
1222,14.7215
1223,15.0043
1224,14.5578
1225,0
1226,15.0473
1227,0
1228,0
1229,15.0473
1230,14.2535
1231,0
1232,0
1233,14.5813
1234,0
1235,15.2171
1236,0
1237,14.7477
1238,0
1239,0
1240,0
1241,14.778
1242,15.2939
1243,15.0381
1244,0
1245,14.8806
1246,14.2625
1247,0
1248,15.0973
1249,14.6607
1250,0
1251,14.8116
1252,15.4483
1253,14.7919
1254,14.61
1255,0
1256,14.9347
1257,14.0171
1258,0
1259,15.0996
1260,15.5865
1261,14.6646
1262,0
1263,14.5985
1264,0
1265,0
1266,0
1267,14.6824
1268,14.6388
1269,14.3585
1270,14.4006
1271,14.9159
1272,0
1273,0
1274,15.2873
1275,0
1276,15.0126
1277,14.4575
1278,15.0014
1279,14.6861
1280,0
1281,14.8134
1282,14.7213
1283,14.4416
1284,14.6834
1285,15.0712
1286,0
1287,14.6781
1288,0
1289,15.048
1290,14.7617
1291,14.7072
1292,0
1293,14.524
1294,14.4049
1295,0
1296,0
1297,14.8248
1298,0
1299,0
1300,14.537
1301,14.5031
1302,0
1303,15.0823
1304,15.0009
1305,15.1483
1306,0
1307,14.7399
1308,0
1309,15.1125
1310,14.1929
1311,14.5747
1312,0
1313,14.8354
1314,0
1315,15.2206
1316,0
1317,15.4799
1318,15.2761
1319,0
1320,15.2052
1321,0
1322,14.7701
1323,0
1324,0
1325,0
1326,14.1547
1327,14.7507
1328,0
1329,15.5505
1330,14.4559
1331,14.688
1332,0
1333,15.6572
1334,0
1335,0
1336,14.9657
1337,14.4293
1338,14.9897
1339,15.1226
1340,14.6015
1341,14.4673
1342,15.2323
1343,0
1344,14.916
1345,0
1346,14.9048
1347,14.126
1348,15.0544
1349,14.3229
1350,14.4572
1351,14.8069
1352,14.8492
1353,0
1354,14.3397
1355,15.4584
1356,0
1357,15.52
1358,14.729
1359,14.9282
1360,14.4447
1361,15.1981
1362,0
1363,15.1339
1364,0
1365,14.819
1366,14.872
1367,14.6053
1368,0
1369,15.116
1370,15.0314
1371,0
1372,14.8601
1373,0
1374,14.482
1375,14.5384
1376,0
1377,0
1378,14.4637
1379,0
1380,14.9885
1381,15.1493
1382,0
1383,15.2139
1384,0
1385,14.4068
1386,0
1387,14.3681
1388,14.7074
1389,15.116
1390,15.5401
1391,14.0923
1392,15.4158
1393,15.1808
1394,14.7372
1395,0
1396,13.8399
1397,0
1398,0
1399,0
1400,15.3837
1401,14.5532
1402,15.2431
1403,0
1404,14.782
1405,14.8443
1406,14.4117
1407,15.3126
1408,14.7332
1409,0
1410,0
1411,0
1412,15.0876
1413,0
1414,0
1415,14.8048
1416,0
1417,14.4934
1418,15.2212
1419,13.6513
1420,14.8
1421,14.7126
1422,15.0224
1423,15.3519
1424,15.1337
1425,14.5512
1426,14.7109
1427,14.8344
1428,14.8462
1429,0
1430,15.1413
1431,14.7084
1432,14.8613
1433,15.296
1434,0
1435,0
1436,14.6921
1437,14.7779
1438,14.378
1439,0
1440,14.8145
1441,14.0479
1442,15.0008
1443,14.9372
1444,15.0462
1445,0
1446,0
1447,13.8733
1448,15.3853
1449,14.5411
1450,14.8429
1451,14.4758
1452,14.8741
1453,0
1454,0
1455,14.4274
1456,0
1457,15.2171
1458,14.8511
1459,14.4391
1460,14.6148
1461,15.2344
1462,0
1463,15.7012
1464,14.6324
1465,14.4901
1466,14.7242
1467,13.9112
1468,0
1469,14.9258
1470,15.0399
1471,14.4761
1472,14.7066
1473,14.9525
1474,14.1973
1475,0
1476,0
1477,0
1478,14.7545
1479,15.3233
1480,0
1481,14.2618
1482,15.236
1483,0
1484,15.0073
1485,14.4771
1486,14.979
1487,0
1488,0
1489,14.8809
1490,15.0343
1491,0
1492,14.7341
1493,14.7217
1494,0
1495,14.9031
1496,14.6486
1497,0
1498,15.0389
1499,0
1500,14.7098
1501,0
1502,14.8938
1503,14.2741
1504,0
1505,0
1506,0
1507,14.3967
1508,0
1509,0
1510,14.8894
1511,15.4022
1512,14.8265
1513,0
1514,0
1515,14.6274
1516,14.8324
1517,14.8137
1518,14.6435
1519,0
1520,15.2428
1521,15.0046
1522,14.5378
1523,14.7982
1524,14.8746
1525,14.9823
1526,15.1967
1527,14.5796
1528,0
1529,15.2979
1530,14.307
1531,14.3792
1532,0
1533,15.0041
1534,14.8678
1535,15.3111
1536,14.7764
1537,14.3336
1538,0
1539,14.493
1540,15.2211
1541,14.5383
1542,0
1543,15.043
1544,14.8491
1545,15.0102
1546,14.6447
1547,0
1548,15.0923
1549,15.0866
1550,0
1551,15.1063
1552,0
1553,0
1554,0
1555,15.2119
1556,14.9435
1557,14.6581
1558,0
1559,14.5777
1560,14.5603
1561,0
1562,15.048
1563,14.6128
1564,0
1565,0
1566,14.7753
1567,15.0068
1568,14.3745
1569,14.8573
1570,15.0672
1571,15.1163
1572,14.8197
1573,14.9581
1574,0
1575,0
1576,15.2656
1577,15.2599
1578,0
1579,0
1580,15.3109
1581,14.5515
1582,0
1583,15.4376
1584,0
1585,14.8413
1586,14.8517
1587,15.397
1588,14.2704
1589,0
1590,0
1591,15.1124
1592,13.9901
1593,14.0925
1594,0
1595,0
1596,14.3001
1597,0
1598,15.3584
1599,0
1600,15.3343
1601,0
1602,15.4295
1603,14.646
1604,14.3604
1605,0
1606,0
1607,14.6442
1608,14.6142
1609,0
1610,15.0509
1611,14.9345
1612,0
1613,14.4796
1614,0
1615,14.3455
1616,0
1617,15.2417
1618,14.4772
1619,0
1620,14.4983
1621,0
1622,14.4578
1623,14.5469
1624,14.2549
1625,14.8704
1626,14.7833
1627,0
1628,14.121
1629,15.0546
1630,0
1631,14.9853
1632,0
1633,14.7824
1634,0
1635,14.5782
1636,0
1637,14.3369
1638,0
1639,0
1640,14.8654
1641,0
1642,0
1643,14.4827
1644,14.3669
1645,14.6007
1646,0
1647,0
1648,15.8399
1649,0
1650,0
1651,14.752
1652,15.2876
1653,0
1654,0
1655,14.7792
1656,0
1657,0
1658,14.5479
1659,15.1739
1660,0
1661,15.2683
1662,15.4538
1663,0
1664,15.1289
1665,14.6892
1666,15.0507
1667,0
1668,0
1669,14.9534
1670,14.4764
1671,14.4676
1672,0
1673,14.9098
1674,0
1675,14.4771
1676,0
1677,13.9416
1678,0
1679,14.3339
1680,14.7133
1681,14.9519
1682,14.2899
1683,15.2184
1684,14.6578
1685,0
1686,15.2933
1687,0
1688,14.94
1689,0
1690,14.5471
1691,14.6101
1692,14.6621
1693,0
1694,15.3108
1695,0
1696,0
1697,0
1698,0
1699,14.8493
1700,0
1701,14.6736
1702,0
1703,15.0412
1704,14.6442
1705,14.7134
1706,15.0501
1707,14.6911
1708,15.1465
1709,0
1710,14.7451
1711,14.2571
1712,0
1713,0
1714,14.7403
1715,0
1716,0
1717,0
1718,15.151
1719,15.1838
1720,0
1721,14.9366
1722,0
1723,15.3419
1724,0
1725,14.9427
1726,0
1727,14.7799
1728,0
1729,15.0873
1730,0
1731,0
1732,14.7893
1733,0
1734,15.055
1735,14.5296
1736,14.6366
1737,0
1738,15.6398
1739,0
1740,15.233
1741,0
1742,0
1743,0
1744,0
1745,0
1746,0
1747,14.5449
1748,0
1749,0
1750,0
1751,14.8228
1752,0
1753,15.6055
1754,14.9595
1755,14.6962
1756,0
1757,0
1758,14.5154
1759,0
1760,14.2724
1761,14.7231
1762,14.912
1763,0
1764,0
1765,15.2461
1766,0
1767,14.8179
1768,0
1769,13.9882
1770,0
1771,0
1772,0
1773,14.4697
1774,0
1775,0
1776,15.012
1777,0
1778,15.8978
1779,0
1780,15.0167
1781,0
1782,0
1783,0
1784,15.0898
1785,0
1786,14.6718
1787,14.6397
1788,0
1789,15.2727
1790,0
1791,14.1833
1792,0
1793,0
1794,15.2571
1795,14.3989
1796,0
1797,0
1798,15.0818
1799,14.7988
1800,0
1801,15.1541
1802,14.5215
1803,0
1804,14.5383
1805,0
1806,14.7655
1807,0
1808,0
1809,0
1810,14.6513
1811,15.0018
1812,0
1813,0
1814,14.9452
1815,15.108
1816,0
1817,0
1818,15.2933
1819,0
1820,0
1821,14.9175
1822,0
1823,0
1824,15.133
1825,14.7995
1826,0
1827,14.5895
1828,0
1829,14.7328
1830,0
1831,0
1832,14.6057
1833,15.1578
1834,14.7524
1835,0
1836,14.8007
1837,14.9049
1838,15.0168
1839,0
1840,15.1601
1841,0
1842,0
1843,0
1844,0
1845,15.4185
1846,14.5265
1847,14.9746
1848,0
1849,14.4685
1850,14.6088
1851,15.3251
1852,0
1853,0
1854,14.0371
1855,15.2771
1856,13.9796
1857,0
1858,15.311
1859,0
1860,0
1861,0
1862,14.3235
1863,14.5701
1864,14.4596
1865,14.98
1866,14.8705
1867,15.3065
1868,0
1869,15.4321
1870,0
1871,14.9823
1872,0
1873,15.4246
1874,0
1875,0
1876,0
1877,14.38
1878,0
1879,0
1880,0
1881,15.1675
1882,14.6964
1883,14.9781
1884,15.0175
1885,0
1886,14.7829
1887,14.8971
1888,14.3788
1889,15.11
1890,15.2051
1891,15.0999
1892,15.1776
1893,0
1894,15.5928
1895,14.3115
1896,14.893
1897,0
1898,14.377
1899,14.6489
1900,0
1901,14.5119
1902,0
1903,14.8717
1904,0
1905,14.8638
1906,15.5075
1907,0
1908,0
1909,0
1910,15.1813
1911,0
1912,0
1913,0
1914,14.5148
1915,14.8952
1916,14.3435
1917,15.1004
1918,0
1919,15.4654
1920,15.04
1921,14.699
1922,15.2501
1923,0
1924,0
1925,14.6906
1926,0
1927,0
1928,14.7299
1929,14.1196
1930,14.9214
1931,14.3836
1932,15.1569
1933,0
1934,0
1935,0
1936,14.7452
1937,14.9192
1938,14.7418
1939,15.2378
1940,0
1941,0
1942,0
1943,14.7674
1944,14.8039
1945,0
1946,14.6692
1947,15.1919
1948,14.3568
1949,0
1950,14.4845
1951,0
1952,14.9832
1953,14.9954
1954,14.7268
1955,14.6125
1956,14.8081
1957,15.1031
1958,14.5575
1959,14.9937
1960,0
1961,14.4392
1962,0
1963,0
1964,0
1965,15.3912
1966,0
1967,0
1968,14.8505
1969,14.6624
1970,0
1971,0
1972,14.7202
1973,15.5312
1974,0
1975,15.274
1976,15.3047
1977,0
1978,0
1979,0
1980,14.8367
1981,0
1982,0
1983,15.1058
1984,14.4694
1985,14.4872
1986,0
1987,14.8337
1988,0
1989,14.4161
1990,14.2512
1991,14.7144
1992,0
1993,14.8421
1994,14.9707
1995,0
1996,15.0142
1997,0
1998,14.4087
1999,0
2000,0
2001,14.6167
2002,15.5513
2003,15.1592
2004,15.2594
2005,14.948
2006,15.0782
2007,15.1299
2008,14.9948
2009,14.688
2010,14.9529
2011,14.3868
2012,14.8816
2013,14.9785
2014,15.3521
2015,14.9425
2016,14.7475
2017,15.4059
2018,14.2656
2019,14.9542
2020,14.9385
2021,14.5841
2022,15.4443
2023,15.4028
2024,15.1731
2025,14.2898
2026,14.6764
2027,14.2117
2028,15.0016
2029,14.4234
2030,15.2901
2031,15.257
2032,15.038
2033,14.6603
2034,14.3217
2035,15.1735
2036,14.9077
2037,14.8465
2038,14.8338
2039,15.3211
2040,15.0884
2041,14.9455
2042,14.6513
2043,14.8925
2044,14.9466
2045,14.5073
2046,15.0521
2047,15.0533
2048,14.9493
2049,14.92
2050,15.6089
2051,14.5503
2052,14.7952
2053,15.1751
2054,14.5765
2055,14.983
2056,15.2875
2057,14.5777
2058,15.3215
2059,14.5575
2060,15.0853
2061,15.0328
2062,14.8064
2063,14.9614
2064,14.4208
2065,14.7728
2066,14.93
2067,14.7532
2068,14.5282
2069,15.1503
2070,14.2919
2071,14.8418
2072,14.3891
2073,14.7579
2074,14.8286
2075,15.5587
2076,14.8494
2077,14.3814
2078,15.0593
2079,15.2946
2080,14.9219
2081,14.409
2082,14.5231
2083,14.6897
2084,15.0311
2085,14.839
2086,14.6464
2087,14.8036
2088,14.7049
2089,14.9099
2090,14.1571
2091,15.0444
2092,15.1545
2093,14.8785
2094,14.5831
2095,15.0573
2096,14.4757
2097,14.913
2098,15.2934
2099,15.6172
2100,15.179
2101,14.8623
2102,14.8197
2103,15.0834
2104,14.9607
2105,15.1381
2106,15.273
2107,14.8668
2108,14.9296
2109,14.9649
2110,14.4717
2111,14.0174
2112,14.881
2113,14.5049
2114,15.7813
2115,14.997
2116,14.8445
2117,14.7598
2118,14.8359
2119,15.3194
2120,14.1467
2121,14.9746
2122,14.5004
2123,14.602
2124,15.1828
2125,15.0501
2126,15.2963
2127,14.7443
2128,14.606
2129,15.159
2130,14.7797
2131,15.2036
2132,14.3339
2133,14.4449
2134,14.338
2135,15.3924
2136,14.996
2137,14.9755
2138,14.7673
2139,14.6586
2140,14.5304
2141,14.2437
2142,14.7873
2143,15.4443
2144,15.1687
2145,14.9342
2146,14.3798
2147,14.8621
2148,15.0511
2149,14.74
2150,14.4244
2151,15.3756
2152,15.0859
2153,14.4202
2154,15.5563
2155,14.9436
2156,14.6231
2157,15.1573
2158,15.1154
2159,15.0699
2160,15.3623
2161,14.4585
2162,15.406
2163,14.7141
2164,14.8765
2165,15.3745
2166,14.57
2167,14.7275
2168,14.7889
2169,14.9196
2170,14.9543
2171,15.1601
2172,14.826
2173,14.657
2174,14.5647
2175,14.8578
2176,15.1512
2177,14.6432
2178,14.9351
2179,14.5799
2180,15.2006
2181,14.958
2182,15.0175
2183,14.3965
2184,15.0118
2185,14.7554
2186,14.6813
2187,14.9509
2188,14.7779
2189,15.4122
2190,14.9262
2191,15.0671
2192,14.5709
2193,14.9626
2194,15.2827
2195,14.4481
2196,14.9044
2197,15.1381
2198,14.5357
2199,14.7079
2200,14.9502
2201,0
2202,0
2203,15.3512
2204,0
2205,14.4178
2206,0
2207,15.2913
2208,15.195
2209,0
2210,14.9719
2211,15.2363
2212,0
2213,0
2214,14.3198
2215,0
2216,0
2217,0
2218,15.1002
2219,0
2220,13.9732
2221,0
2222,14.3034
2223,14.88
2224,14.8561
2225,14.6692
2226,0
2227,0
2228,14.7742
2229,14.6667
2230,14.4024
2231,15.1125
2232,14.4903
2233,14.835
2234,0
2235,0
2236,14.9891
2237,0
2238,14.5978
2239,14.6273
2240,0
2241,14.428
2242,0
2243,14.5731
2244,0
2245,0
2246,0
2247,14.8627
2248,0
2249,0
2250,15.1738
2251,0
2252,14.8141
2253,0
2254,14.7987
2255,0
2256,14.7898
2257,0
2258,14.3135
2259,14.627
2260,14.6535
2261,0
2262,15.3479
2263,14.5579
2264,14.1713
2265,14.7411
2266,0
2267,15.1029
2268,0
2269,15.0344
2270,14.5734
2271,0
2272,14.2599
2273,14.8215
2274,0
2275,0
2276,14.9298
2277,15.081
2278,0
2279,15.2897
2280,14.511
2281,14.6571
2282,14.8671
2283,15.0024
2284,0
2285,14.6437
2286,0
2287,15.2481
2288,14.9336
2289,0
2290,15.0445
2291,14.3858
2292,14.6579
2293,15.2231
2294,14.7433
2295,0
2296,14.5689
2297,14.7538
2298,14.9823
2299,0
2300,0
2301,14.1125
2302,15.6175
2303,0
2304,0
2305,0
2306,13.9905
2307,15.1522
2308,0
2309,15.4377
2310,15.1149
2311,0
2312,0
2313,14.976
2314,14.2682
2315,0
2316,14.9552
2317,0
2318,0
2319,0
2320,14.5194
2321,14.456
2322,0
2323,14.8582
2324,14.5754
2325,0
2326,0
2327,0
2328,15.082
2329,0
2330,0
2331,0
2332,15.088
2333,14.9345
2334,0
2335,14.7027
2336,14.8427
2337,0
2338,0
2339,15.8976
2340,15.2174
2341,14.708
2342,14.438
2343,15.5085
2344,14.6143
2345,0
2346,14.84
2347,0
2348,0
2349,14.8069
2350,14.9953
2351,14.8248
2352,0
2353,14.6728
2354,14.8522
2355,0
2356,0
2357,0
2358,14.3493
2359,0
2360,0
2361,15.1314
2362,0
2363,14.7998
2364,0
2365,15.4928
2366,0
2367,0
2368,0
2369,14.5486
2370,0
2371,0
2372,14.8901
2373,0
2374,0
2375,0
2376,14.3618
2377,0
2378,0
2379,14.8327
2380,14.4688
2381,15.1696
2382,15.4183
2383,15.1474
2384,0
2385,15.0231
2386,15.1133
2387,14.6796
2388,14.9546
2389,15.1546
2390,14.8841
2391,15.5111
2392,15.1564
2393,14.7614
2394,15.1002
2395,0
2396,14.7439
2397,14.4931
2398,14.9464
2399,0
2400,0
2401,0
2402,14.7048
2403,14.6625
2404,0
2405,14.8629
2406,0
2407,0
2408,14.7859
2409,14.6508
2410,0
2411,0
2412,0
2413,15.0481
2414,0
2415,0
2416,14.699
2417,0
2418,0
2419,0
2420,14.2183
2421,0
2422,0
2423,0
2424,15.0099
2425,0
2426,0
2427,0
2428,14.9364
2429,0
2430,15.4872
2431,15.1373
2432,14.748
2433,0
2434,15.558
2435,14.5511
2436,0
2437,0
2438,0
2439,14.5691
2440,0
2441,0
2442,14.5572
2443,14.7271
2444,15.2339
2445,15.5354
2446,0
2447,14.7162
2448,0
2449,0
2450,14.836
2451,0
2452,0
2453,0
2454,14.3301
2455,15.069
2456,0
2457,14.6567
2458,0
2459,0
2460,0
2461,15.4082
2462,0
2463,14.8715
2464,15.0571
2465,14.3168
2466,0
2467,14.4212
2468,0
2469,0
2470,14.7494
2471,0
2472,14.5657
2473,0
2474,14.6528
2475,0
2476,14.9626
2477,0
2478,15.027
2479,15.067
2480,14.5563
2481,0
2482,0
2483,15.7322
2484,15.3605
2485,0
2486,0
2487,14.9953
2488,0
2489,14.8211
2490,0
2491,14.8204
2492,0
2493,0
2494,14.7043
2495,0
2496,14.7123
2497,0
2498,13.989
2499,0
2500,14.8989
2501,14.6215
2502,14.9785
2503,0
2504,0
2505,0
2506,15.0343
2507,0
2508,0
2509,14.6765
2510,14.0549
2511,0
2512,0
2513,15.8305
2514,14.9404
2515,0
2516,15.0121
2517,14.6139
2518,0
2519,0
2520,14.995
2521,15.0464
2522,0
2523,15.299
2524,15.1688
2525,0
2526,14.5281
2527,14.6629
2528,14.7104
2529,14.3827
2530,14.7369
2531,14.5841
2532,0
2533,0
2534,14.9057
2535,14.859
2536,15.1744
2537,0
2538,15.2372
2539,15.2371
2540,0
2541,14.9571
2542,14.6296
2543,14.8368
2544,0
2545,14.8823
2546,14.7122
2547,15.1344
2548,0
2549,14.4595
2550,14.4315
2551,0
2552,14.7954
2553,15.0221
2554,15.2484
2555,14.4173
2556,15.3625
2557,14.341
2558,14.4193
2559,0
2560,0
2561,14.9869
2562,0
2563,0
2564,14.8834
2565,0
2566,0
2567,15.0136
2568,14.7361
2569,14.5384
2570,0
2571,14.9615
2572,0
2573,14.9483
2574,0
2575,14.5465
2576,0
2577,0
2578,0
2579,14.4962
2580,0
2581,0
2582,0
2583,15.1121
2584,14.7302
2585,0
2586,14.9158
2587,14.8838
2588,0
2589,15.3745
2590,14.8824
2591,0
2592,0
2593,0
2594,14.8058
2595,14.6459
2596,14.0012
2597,15.0511
2598,15.044
2599,14.82
2600,15.0587
2601,15.0131
2602,15.0346
2603,0
2604,0
2605,14.4678
2606,15.0605
2607,0
2608,0
2609,0
2610,14.9195
2611,0
2612,15.135
2613,0
2614,14.6417
2615,15.4457
2616,14.6603
2617,0
2618,0
2619,14.4536
2620,14.6617
2621,0
2622,0
2623,14.759
2624,0
2625,0
2626,0
2627,15.3896
2628,0
2629,0
2630,0
2631,14.1906
2632,0
2633,0
2634,0
2635,15.084
2636,14.489
2637,15.0408
2638,15.0258
2639,0
2640,0
2641,14.4005
2642,15.0756
2643,0
2644,0
2645,0
2646,14.7172
2647,14.7516
2648,0
2649,0
2650,14.6353
2651,0
2652,14.1993
2653,13.8899
2654,0
2655,14.977
2656,13.9756
2657,15.2644
2658,0
2659,14.7268
2660,14.3
2661,0
2662,0
2663,14.5832
2664,14.8525
2665,0
2666,14.2161
2667,0
2668,14.8858
2669,0
2670,14.4447
2671,0
2672,14.7404
2673,0
2674,0
2675,14.5526
2676,0
2677,14.6617
2678,15.4575
2679,14.6298
2680,14.705
2681,15.2298
2682,0
2683,14.7873
2684,0
2685,0
2686,14.8517
2687,14.9661
2688,14.0557
2689,14.7199
2690,14.0306
2691,0
2692,14.89
2693,0
2694,15.1376
2695,14.221
2696,14.5583
2697,0
2698,14.8945
2699,0
2700,0
2701,14.3471
2702,14.9051
2703,15.2807
2704,15.8521
2705,14.8594
2706,14.9708
2707,14.8476
2708,0
2709,14.8131
2710,0
2711,0
2712,14.5154
2713,14.7415
2714,14.4903
2715,0
2716,14.7912
2717,14.7464
2718,15.276
2719,0
2720,14.3467
2721,14.9031
2722,0
2723,0
2724,14.9113
2725,0
2726,14.448
2727,14.8691
2728,0
2729,14.7009
2730,0
2731,15.5683
2732,0
2733,14.9603
2734,0
2735,14.7203
2736,0
2737,14.7625
2738,0
2739,14.827
2740,0
2741,0
2742,15.0945
2743,0
2744,0
2745,0
2746,14.7814
2747,0
2748,0
2749,0
2750,14.3011
2751,0
2752,0
2753,14.645
2754,15.0043
2755,0
2756,14.9668
2757,15.5183
2758,0
2759,15.8674
2760,14.9402
2761,0
2762,0
2763,15.1524
2764,15.0522
2765,14.7431
2766,0
2767,0
2768,14.8314
2769,15.2432
2770,0
2771,14.6949
2772,14.4913
2773,0
2774,0
2775,14.9575
2776,14.3098
2777,0
2778,0
2779,15.432
2780,0
2781,0
2782,15.4968
2783,0
2784,15.2341
2785,0
2786,15.0171
2787,14.9753
2788,15.0934
2789,0
2790,15.1562
2791,0
2792,0
2793,15.0739
2794,14.7026
2795,15.003
2796,0
2797,14.6988
2798,0
2799,14.349
2800,0
2801,14.777
2802,0
2803,14.8421
2804,0
2805,14.6273
2806,0
2807,0
2808,14.9103
2809,13.8085
2810,0
2811,0
2812,14.7835
2813,0
2814,0
2815,14.5753
2816,14.4633
2817,0
2818,14.8775
2819,14.4182
2820,15.3288
2821,14.9795
2822,0
2823,14.8564
2824,0
2825,15.4201
2826,15.1096
2827,0
2828,0
2829,0
2830,15.6203
2831,0
2832,0
2833,0
2834,15.6245
2835,0
2836,14.9735
2837,14.612
2838,14.9418
2839,0
2840,0
2841,15.2408
2842,0
2843,0
2844,0
2845,15.3979
2846,0
2847,14.0045
2848,0
2849,15.3325
2850,0
2851,0
2852,14.744
2853,0
2854,14.4676
2855,0
2856,15.1868
2857,0
2858,0
2859,14.385
2860,0
2861,15.1669
2862,14.8144
2863,15.0179
2864,15.3012
2865,15.2344
2866,0
2867,15.0974
2868,14.7481
2869,14.5137
2870,0
2871,14.8909
2872,0
2873,0
2874,14.7558
2875,14.728
2876,15.0559
2877,14.6168
2878,14.5424
2879,14.924
2880,14.6226
2881,0
2882,15.1858
2883,0
2884,14.7127
2885,14.5981
2886,0
2887,15.3174
2888,0
2889,14.5552
2890,0
2891,14.5959
2892,0
2893,15.0424
2894,0
2895,14.6723
2896,14.6858
2897,0
2898,0
2899,14.6731
2900,15.0572
2901,0
2902,14.2866
2903,14.7479
2904,14.697
2905,0
2906,0
2907,14.489
2908,14.45
2909,0
2910,0
2911,14.4855
2912,15.0695
2913,0
2914,0
2915,14.9611
2916,14.8745
2917,0
2918,14.6986
2919,14.4279
2920,0
2921,14.4805
2922,14.3143
2923,0
2924,0
2925,0
2926,14.7658
2927,14.6583
2928,0
2929,15.1073
2930,14.7827
2931,0
2932,0
2933,14.3483
2934,0
2935,0
2936,0
2937,14.939
2938,0
2939,0
2940,0
2941,14.7108
2942,14.4706
2943,0
2944,0
2945,14.5647
2946,0
2947,0
2948,14.9197
2949,0
2950,0
2951,0
2952,14.9959
2953,0
2954,14.9398
2955,0
2956,14.6847
2957,0
2958,0
2959,14.2784
2960,0
2961,14.8473
2962,14.6646
2963,14.8667
2964,14.8242
2965,0
2966,0
2967,14.3235
2968,14.9926
2969,14.1856
2970,14.5234
2971,14.5903
2972,15.02
2973,14.6491
2974,14.9421
2975,14.3433
2976,14.7808
2977,0
2978,14.7794
2979,0
2980,0
2981,0
2982,14.4349
2983,0
2984,0
2985,14.885
2986,0
2987,0
2988,14.8155
2989,14.6613
2990,0
2991,14.5502
2992,14.6262
2993,15.0893
2994,0
2995,14.6557
2996,15.0062
2997,14.3245
2998,14.8606
2999,14.3201
3000,14.4929
3001,0
3002,0
3003,14.8644
3004,15.1535
3005,14.6304
3006,15.0372
3007,0
3008,14.8242
3009,14.5829
3010,0
3011,0
3012,14.8921
3013,15.1831
3014,14.4541
3015,14.7488
3016,15.2897
3017,15.0244
3018,0
3019,14.7863
3020,14.9484
3021,0
3022,15.3522
3023,0
3024,14.1533
3025,14.3409
3026,14.717
3027,0
3028,0
3029,14.5748
3030,14.9469
3031,0
3032,15.0514
3033,15.3194
3034,15.0282
3035,0
3036,0
3037,14.5918
3038,14.4265
3039,0
3040,0
3041,14.0674
3042,0
3043,14.7642
3044,0
3045,14.915
3046,0
3047,0
3048,14.896
3049,0
3050,14.8979
3051,14.8199
3052,14.9069
3053,0
3054,15.0564
3055,15.0155
3056,14.8375
3057,14.5665
3058,15.3155
3059,14.881
3060,0
3061,14.9481
3062,0
3063,14.8923
3064,0
3065,14.6161
3066,14.8856
3067,14.655
3068,14.1292
3069,0
3070,14.6289
3071,15.1215
3072,0
3073,14.7356
3074,14.7285
3075,0
3076,0
3077,14.9261
3078,14.7624
3079,0
3080,0
3081,14.5816
3082,14.9926
3083,15.143
3084,14.3511
3085,15.0124
3086,0
3087,0
3088,0
3089,14.711
3090,14.9781
3091,0
3092,15.0981
3093,14.9898
3094,0
3095,14.8654
3096,15.0175
3097,15.1991
3098,0
3099,0
3100,15.2952
3101,15.1652
3102,14.5302
3103,0
3104,15.2767
3105,0
3106,0
3107,14.593
3108,14.9972
3109,14.7586
3110,0
3111,15.0778
3112,14.7311
3113,15.1978
3114,14.7555
3115,14.413
3116,0
3117,0
3118,15.0682
3119,15.3243
3120,0
3121,14.4299
3122,14.9753
3123,15.1078
3124,14.2383
3125,14.682
3126,14.2389
3127,0
3128,0
3129,0
3130,15.6935
3131,0
3132,0
3133,0
3134,15.2985
3135,14.6533
3136,14.4614
3137,14.5413
3138,0
3139,0
3140,0
3141,14.9435
3142,0
3143,0
3144,0
3145,15.2603
3146,15.0731
3147,0
3148,14.8593
3149,14.9915
3150,15.8571
3151,14.5545
3152,14.5029
3153,0
3154,14.6082
3155,14.6876
3156,15.1861
3157,0
3158,0
3159,0
3160,14.9126
3161,0
3162,15.8137
3163,14.618
3164,0
3165,14.5996
3166,15.0519
3167,14.5951
3168,0
3169,0
3170,14.3442
3171,15.1731
3172,0
3173,0
3174,14.6847
3175,14.9343
3176,14.6695
3177,0
3178,14.2943
3179,15.1096
3180,15.0638
3181,0
3182,14.627
3183,0
3184,0
3185,15.4675
3186,15.4068
3187,0
3188,0
3189,14.5044
3190,0
3191,0
3192,15.3312
3193,14.9244
3194,14.8476
3195,0
3196,0
3197,14.3246
3198,0
3199,14.8785
3200,14.8585
3201,0
3202,0
3203,14.8229
3204,14.6433
3205,14.5599
3206,0
3207,15.0097
3208,15.1104
3209,14.9525
3210,15.0899
3211,15.5368
3212,0
3213,14.7794
3214,0
3215,14.7383
3216,15.2403
3217,0
3218,14.4386
3219,0
3220,14.5568
3221,0
3222,14.6797
3223,0
3224,0
3225,0
3226,14.7035
3227,14.5136
3228,0
3229,0
3230,14.7847
3231,14.6924
3232,15.4434
3233,14.3692
3234,0
3235,0
3236,0
3237,15.4455
3238,14.3651
3239,0
3240,0
3241,14.5426
3242,14.9078
3243,0
3244,14.4313
3245,0
3246,0
3247,15.1529
3248,14.6158
3249,0
3250,14.9289
3251,14.6443
3252,0
3253,0
3254,0
3255,14.8073
3256,13.9324
3257,0
3258,0
3259,15.3995
3260,0
3261,0
3262,14.7652
3263,14.4017
3264,0
3265,14.5311
3266,15.4129
3267,14.8695
3268,0
3269,0
3270,14.7491
3271,0
3272,0
3273,0
3274,14.5056
3275,0
3276,0
3277,14.4203
3278,0
3279,0
3280,0
3281,14.5409
3282,14.8594
3283,0
3284,0
3285,15.0695
3286,15.0144
3287,0
3288,0
3289,14.7662
3290,0
3291,14.5075
3292,14.5709
3293,0
3294,0
3295,0
3296,14.6314
3297,0
3298,0
3299,0
3300,14.7356
3301,0
3302,0
3303,15.1876
3304,0
3305,15.2395
3306,15.073
3307,14.8157
3308,0
3309,0
3310,15.0284
3311,0
3312,0
3313,14.5842
3314,15.3158
3315,0
3316,0
3317,0
3318,15.0984
3319,0
3320,0
3321,0
3322,15.3159
3323,0
3324,0
3325,15.1188
3326,15.2149
3327,14.3068
3328,0
3329,14.3132
3330,0
3331,14.2669
3332,0
3333,14.7788
3334,0
3335,15.0477
3336,0
3337,14.4171
3338,0
3339,0
3340,0
3341,14.8795
3342,0
3343,0
3344,15.1803
3345,0
3346,0
3347,0
3348,15.0978
3349,0
3350,0
3351,14.6902
3352,15.1757
3353,0
3354,0
3355,15.0485
3356,0
3357,15.0685
3358,0
3359,13.9657
3360,0
3361,15.0679
3362,15.2541
3363,14.5131
3364,15.0014
3365,15.326
3366,14.8153
3367,0
3368,0
3369,0
3370,13.952
3371,14.656
3372,14.4159
3373,0
3374,14.482
3375,15.1079
3376,0
3377,0
3378,15.2938
3379,14.893
3380,0
3381,15.0747
3382,0
3383,0
3384,15.0244
3385,15.0049
3386,0
3387,0
3388,0
3389,14.5366
3390,0
3391,14.9989
3392,15.188
3393,0
3394,15.1529
3395,0
3396,15.1465
3397,15.7438
3398,0
3399,0
3400,14.4405
3401,0
3402,14.8736
3403,14.5142
3404,0
3405,0
3406,14.8917
3407,14.1132
3408,15.4534
3409,0
3410,0
3411,14.5249
3412,0
3413,15.0111
3414,14.8466
3415,0
3416,0
3417,0
3418,15.1177
3419,0
3420,0
3421,14.6952
3422,15.0964
3423,0
3424,0
3425,15.32
3426,14.9398
3427,14.5281
3428,14.2344
3429,14.9882
3430,0
3431,15.0643
3432,0
3433,14.8813
3434,14.2397
3435,15.5628
3436,0
3437,14.8582
3438,15.1184
3439,0
3440,15.3495
3441,15.533
3442,15.0181
3443,0
3444,14.6647
3445,0
3446,0
3447,0
3448,14.7969
3449,0
3450,14.3452
3451,0
3452,14.7078
3453,0
3454,0
3455,14.7166
3456,14.8489
3457,0
3458,0
3459,14.9853
3460,0
3461,14.7205
3462,0
3463,14.427
3464,0
3465,14.7019
3466,15.3115
3467,0
3468,14.1
3469,0
3470,14.558
3471,14.4492
3472,0
3473,0
3474,14.6806
3475,14.4449
3476,15.0411
3477,0
3478,14.6481
3479,0
3480,14.8542
3481,14.9369
3482,0
3483,0
3484,0
3485,14.9333
3486,0
3487,0
3488,14.8793
3489,14.4884
3490,0
3491,15.2671
3492,0
3493,14.9478
3494,14.3061
3495,0
3496,15.4331
3497,14.6361
3498,14.6598
3499,0
3500,15.3422
3501,15.8735
3502,14.8629
3503,14.7327
3504,0
3505,14.3638
3506,0
3507,13.9342
3508,15.0725
3509,14.4806
3510,14.4475
3511,14.5963
3512,0
3513,14.8467
3514,15.049
3515,0
3516,0
3517,14.6646
3518,14.6207
3519,0
3520,0
3521,14.5855
3522,14.5189
3523,15.2081
3524,14.5765
3525,14.0154
3526,15.2503
3527,14.8705
3528,0
3529,14.7552
3530,0
3531,14.2718
3532,14.8802
3533,14.5445
3534,14.9491
3535,14.2458
3536,0
3537,14.9004
3538,14.2149
3539,0
3540,14.3911
3541,14.8463
3542,0
3543,0
3544,14.408
3545,14.8784
3546,0
3547,14.8105
3548,14.6929
3549,15.1637
3550,14.8696
3551,0
3552,14.9493
3553,0
3554,14.8916
3555,14.8963
3556,0
3557,0
3558,0
3559,14.9495
3560,0
3561,14.5654
3562,0
3563,15.1115
3564,0
3565,14.538
3566,14.6866
3567,0
3568,15.1072
3569,0
3570,0
3571,14.632
3572,15.1189
3573,14.8515
3574,0
3575,0
3576,14.4537
3577,15.3893
3578,15.6243
3579,0
3580,0
3581,0
3582,15.0623
3583,14.5395
3584,0
3585,14.7837
3586,0
3587,14.7712
3588,14.9942
3589,15.3124
3590,0
3591,0
3592,14.7512
3593,0
3594,14.2551
3595,15.4879
3596,0
3597,14.7615
3598,14.6403
3599,0
3600,14.9465
3601,15.0729
3602,14.8113
3603,0
3604,0
3605,0
3606,14.752
3607,0
3608,14.6405
3609,0
3610,0
3611,14.8913
3612,14.5239
3613,0
3614,0
3615,0
3616,14.9631
3617,14.7446
3618,0
3619,0
3620,0
3621,14.7586
3622,15.0825
3623,0
3624,0
3625,15.1234
3626,15.1615
3627,0
3628,0
3629,0
3630,0
3631,14.7304
3632,14.1317
3633,0
3634,0
3635,0
3636,14.9468
3637,14.4817
3638,0
3639,15.3209
3640,14.7586
3641,14.4578
3642,0
3643,0
3644,14.8267
3645,15.3459
3646,0
3647,14.2895
3648,15.5382
3649,14.4987
3650,14.7128
3651,15.5983
3652,14.7645
3653,15.1855
3654,0
3655,14.5745
3656,14.8604
3657,0
3658,0
3659,0
3660,14.6847
3661,14.3943
3662,14.3147
3663,0
3664,14.4964
3665,14.9465
3666,14.8222
3667,0
3668,0
3669,0
3670,15.195
3671,0
3672,14.6441
3673,0
3674,15.2255
3675,15.2319
3676,0
3677,0
3678,0
3679,15.2629
3680,14.8031
3681,0
3682,14.9443
3683,14.7109
3684,15.4155
3685,14.7218
3686,0
3687,14.781
3688,13.9984
3689,15.4246
3690,14.7632
3691,0
3692,0
3693,0
3694,14.9032
3695,0
3696,0
3697,14.4592
3698,14.4726
3699,14.948
3700,15.3385
3701,0
3702,14.7477
3703,14.4471
3704,0
3705,14.9809
3706,15.1293
3707,15.4166
3708,15.1635
3709,0
3710,14.1533
3711,15.0958
3712,0
3713,14.7366
3714,0
3715,14.8689
3716,14.8306
3717,0
3718,15.167
3719,14.6143
3720,0
3721,0
3722,14.8253
3723,14.7594
3724,14.8318
3725,0
3726,15.1293
3727,15.0243
3728,14.4479
3729,0
3730,14.2773
3731,0
3732,14.7459
3733,15.3105
3734,15.4305
3735,0
3736,14.5258
3737,15.1539
3738,0
3739,14.6513
3740,0
3741,15.475
3742,14.887
3743,0
3744,14.5927
3745,15.1588
3746,0
3747,15.3117
3748,15.3379
3749,0
3750,0
3751,14.9093
3752,0
3753,0
3754,0
3755,0
3756,15.0749
3757,0
3758,14.836
3759,15.4434
3760,14.979
3761,14.9076
3762,14.8928
3763,0
3764,15.7712
3765,14.9292
3766,14.4069
3767,14.9275
3768,15.3881
3769,0
3770,15.3832
3771,14.8719
3772,15.5518
3773,0
3774,0
3775,14.6373
3776,14.6087
3777,14.6084
3778,0
3779,15.1653
3780,0
3781,14.9829
3782,14.42
3783,14.8221
3784,0
3785,14.9474
3786,0
3787,0
3788,14.6333
3789,0
3790,15.4042
3791,0
3792,0
3793,15.1526
3794,0
3795,14.7767
3796,14.796
3797,0
3798,0
3799,14.2946
3800,15.242
3801,0
3802,0
3803,14.855
3804,0
3805,14.8817
3806,0
3807,0
3808,0
3809,0
3810,14.4316
3811,14.3869
3812,14.009
3813,0
3814,14.8982
3815,14.7229
3816,14.8129
3817,0
3818,0
3819,0
3820,14.9056
3821,0
3822,0
3823,14.7573
3824,14.7404
3825,14.7069
3826,0
3827,0
3828,0
3829,14.8411
3830,14.8238
3831,0
3832,14.7923
3833,0
3834,14.1944
3835,15.2127
3836,0
3837,14.3044
3838,14.7775
3839,14.9217
3840,0
3841,0
3842,14.5504
3843,0
3844,15.0913
3845,14.6553
3846,14.4949
3847,14.9925
3848,0
3849,15.2995
3850,0
3851,15.107
3852,15.3651
3853,14.9294
3854,14.9247
3855,14.9306
3856,0
3857,0
3858,0
3859,14.6846
3860,0
3861,0
3862,0
3863,14.8186
3864,14.675
3865,0
3866,0
3867,0
3868,15.151
3869,0
3870,14.6355
3871,0
3872,14.6229
3873,14.3244
3874,15.192
3875,0
3876,14.8751
3877,0
3878,14.8988
3879,15.1955
3880,15.1217
3881,14.7711
3882,0
3883,15.6569
3884,0
3885,0
3886,0
3887,15.5462
3888,14.942
3889,0
3890,15.0883
3891,0
3892,14.6881
3893,0
3894,0
3895,0
3896,0
3897,14.9453
3898,14.9788
3899,0
3900,14.6151
3901,0
3902,15.0132
3903,15.0074
3904,0
3905,14.8411
3906,15.0479
3907,14.5657
3908,0
3909,14.9138
3910,15.0234
3911,15.3239
3912,15.0884
3913,14.6911
3914,0
3915,15.0558
3916,0
3917,15.1743
3918,14.5177
3919,0
3920,15.3678
3921,0
3922,14.2212
3923,14.8672
3924,0
3925,14.7911
3926,0
3927,15.7361
3928,14.7754
3929,0
3930,0
3931,0
3932,15.1354
3933,0
3934,0
3935,15.4921
3936,15.2983
3937,15.4857
3938,0
3939,0
3940,0
3941,14.6062
3942,14.8359
3943,0
3944,0
3945,15.1209
3946,14.7327
3947,15.0655
3948,13.9608
3949,0
3950,15.4319
3951,14.2076
3952,14.3829
3953,0
3954,0
3955,0
3956,14.5434
3957,14.8937
3958,0
3959,15.4736
3960,15.5486
3961,14.7947
3962,15.3256
3963,0
3964,0
3965,0
3966,14.8715
3967,14.7656
3968,0
3969,0
3970,14.9595
3971,15.239
3972,14.8919
3973,0
3974,15.1872
3975,0
3976,14.5624
3977,14.6612
3978,0
3979,0
3980,14.5781
3981,0
3982,0
3983,14.7125
3984,0
3985,14.2807
3986,15.4813
3987,0
3988,0
3989,15.3031
3990,14.9404
3991,14.9131
3992,15.2093
3993,0
3994,14.635
3995,14.6015
3996,14.4136
3997,0
3998,0
3999,14.4024
4000,14.7184
4001,14.5759
4002,15.2128
4003,15.192
4004,14.3827
4005,14.8756
4006,2.69671
4007,15.101
4008,1.73155
4009,14.6454
4010,2.37586
4011,15.2061
4012,2.51535
4013,14.7549
4014,15.4445
4015,14.8403
4016,14.5288
4017,2.51375
4018,15.0491
4019,15.2105
4020,2.28467
4021,2.58015
4022,15.1894
4023,14.6489
4024,14.7296
4025,2.45349
4026,2.97913
4027,2.39731
4028,14.4002
4029,14.5811
4030,2.32445
4031,2.70496
4032,15.2042
4033,14.872
4034,14.1642
4035,2.73285
4036,14.5776
4037,15.0113
4038,14.7286
4039,15.1727
4040,14.6596
4041,15.3486
4042,14.8445
4043,14.5459
4044,14.7623
4045,14.7999
4046,14.4355
4047,14.9856
4048,14.0539
4049,14.6472
4050,15.2163
4051,14.4437
4052,14.869
4053,14.2854
4054,14.8804
4055,15.5727
4056,14.8923
4057,15.5997
4058,14.3141
4059,15.1822
4060,15.1584
4061,14.2753
4062,14.6919
4063,14.3989
4064,14.5814
4065,14.6582
4066,14.7409
4067,15.3559
4068,15.682
4069,14.9916
4070,15.4792
4071,14.4172
4072,14.8647
4073,14.3099
4074,14.8298
4075,14.6749
4076,15.0021
4077,15.213
4078,15.3113
4079,15.1315
4080,14.9581
4081,14.6977
4082,15.3118
4083,15.3184
4084,15.1465
4085,14.5451
4086,13.9176
4087,14.4899
4088,14.8849
4089,14.8743
4090,15.48
4091,14.7323
4092,15.0466
4093,14.6623
4094,15.3312
4095,15.4093
4096,14.6766
4097,14.4981
4098,14.4631
4099,15.0704
4100,15.4742
4101,15.0399
4102,15.2653
4103,15.2754
4104,14.9364
4105,15.0524
4106,15.0431
4107,15.5409
4108,14.6811
4109,14.618
4110,14.9715
4111,14.8854
4112,14.5709
4113,15.1829
4114,14.3788
4115,15.7273
4116,15.2516
4117,14.1415
4118,14.9518
4119,14.3104
4120,15.0279
4121,15.1937
4122,14.8565
4123,14.8727
4124,14.644
4125,14.9407
4126,14.8123
4127,14.7298
4128,14.5987
4129,15.0001
4130,13.9564
4131,15.1308
4132,14.7417
4133,15.153
4134,14.7807
4135,14.6583
4136,14.9973
4137,14.2796
4138,14.9614
4139,14.9075
4140,14.299
4141,14.9154
4142,14.2822
4143,14.9086
4144,14.6381
4145,14.9391
4146,14.6873
4147,14.867
4148,14.9105
4149,14.7559
4150,15.0684
4151,14.4836
4152,15.2825
4153,15.1274
4154,14.511
4155,14.937
4156,14.3198
4157,14.1798
4158,14.5082
4159,14.3744
4160,15.3228
4161,15.5392
4162,14.2733
4163,14.6507
4164,14.8973
4165,14.4874
4166,14.5651
4167,15.1496
4168,15.839
4169,14.2724
4170,15.1229
4171,14.8404
4172,14.5495
4173,14.8843
4174,15.213
4175,14.5055
4176,15.1104
4177,14.6467
4178,15.4465
4179,14.9949
4180,14.5655
4181,15.486
4182,15.4242
4183,14.7072
4184,15.0947
4185,15.0025
4186,14.9311
4187,14.4936
4188,14.2661
4189,14.3313
4190,14.6569
4191,14.6204
4192,15.294
4193,15.1467
4194,14.7611
4195,15.4533
4196,14.9853
4197,14.6
4198,15.0965
4199,14.6015
4200,14.4824
4201,14.7929
4202,14.7769
4203,15.8054
4204,15.2612
4205,14.9686
4206,14.5638
4207,14.8141
4208,14.7791
4209,15.5538
4210,15.8015
4211,15.7405
4212,14.8139
4213,15.1707
4214,14.9251
4215,14.8489
4216,14.8753
4217,15.3318
4218,15.5933
4219,14.5008
4220,15.1133
4221,15.4937
4222,14.9161
4223,14.6572
4224,15.2481
4225,15.1283
4226,15.4563
4227,15.0212
4228,15.1039
4229,14.7664
4230,14.7454
4231,15.4036
4232,15.0726
4233,14.5461
4234,14.4376
4235,14.7438
4236,14.3945
4237,15.0119
4238,14.6336
4239,14.7495
4240,14.8873
4241,14.6976
4242,15.0376
4243,15.2001
4244,15.0566
4245,14.835
4246,14.6711
4247,15.3073
4248,14.8835
4249,14.7965
4250,15.3763
4251,14.3315
4252,14.4109
4253,14.8245
4254,14.9226
4255,14.6785
4256,14.7827
4257,14.6221
4258,15.2884
4259,14.8208
4260,15.1864
4261,14.5865
4262,14.7496
4263,14.4559
4264,14.9023
4265,14.738
4266,14.761
4267,14.7566
4268,14.7459
4269,15.0021
4270,14.1967
4271,14.7791
4272,14.5226
4273,15.0351
4274,15.2897
4275,15.3835
4276,15.6184
4277,14.6849
4278,14.7949
4279,14.2573
4280,14.6479
4281,15.4593
4282,14.8565
4283,14.6419
4284,15.239
4285,14.1489
4286,14.939
4287,14.8135
4288,15.071
4289,14.6263
4290,14.6679
4291,15.1289
4292,14.9132
4293,14.6123
4294,14.6372
4295,14.1481
4296,14.6775
4297,14.567
4298,14.5128
4299,14.5103
4300,15.2516
4301,14.6922
4302,14.8336
4303,14.7202
4304,14.4599
4305,14.46
4306,14.9492
4307,15.4059
4308,15.0327
4309,14.4179
4310,14.9382
4311,14.5588
4312,15.0184
4313,14.4936
4314,15.0915
4315,13.888
4316,14.5959
4317,14.9076
4318,15.5449
4319,14.4695
4320,14.9057
4321,14.6482
4322,15.4524
4323,14.5647
4324,14.458
4325,15.0868
4326,14.9283
4327,14.3856
4328,14.9301
4329,15.4862
4330,15.0454
4331,15.092
4332,14.3411
4333,14.7202
4334,14.7704
4335,14.6275
4336,14.4248
4337,14.7332
4338,15.3557
4339,15.1852
4340,15.0314
4341,14.6563
4342,14.5944
4343,14.8428
4344,14.4908
4345,14.8296
4346,14.9627
4347,15.1884
4348,15.2192
4349,15.0702
4350,15.3298
4351,14.1687
4352,14.9788
4353,14.3648
4354,15.4984
4355,15.2975
4356,14.8885
4357,15.1468
4358,14.6779
4359,14.5199
4360,14.7849
4361,15.1453
4362,15.1235
4363,15.1049
4364,14.7368
4365,14.6553
4366,14.5496
4367,15.0672
4368,15.084
4369,14.5005
4370,14.8019
4371,14.7157
4372,14.727
4373,14.5457
4374,15.0739
4375,14.5826
4376,14.8446
4377,14.5898
4378,14.7459
4379,15.2164
4380,15.1553
4381,14.157
4382,14.7538
4383,14.1061
4384,14.5283
4385,15.501
4386,15.0261
4387,15.0948
4388,14.2029
4389,15.2143
4390,14.7274
4391,15.2455
4392,14.383
4393,15.0006
4394,15.4022
4395,14.8338
4396,14.7576
4397,14.4875
4398,14.688
4399,14.5316
4400,15.1547
4401,14.7989
4402,14.7933
4403,14.8692
4404,15.1587
4405,14.4752
4406,14.5044
4407,14.6265
4408,14.4497
4409,14.5697
4410,14.4402
4411,14.7198
4412,15.376
4413,14.9741
4414,14.6957
4415,14.9306
4416,14.1918
4417,15.1535
4418,15.144
4419,14.505
4420,14.7826
4421,15.1099
4422,15.208
4423,14.5694
4424,15.5252
4425,14.5504
4426,15.065
4427,15.5365
4428,14.8857
4429,14.1801
4430,14.6016
4431,15.5752
4432,14.6615
4433,14.8699
4434,14.7413
4435,15.8504
4436,14.7663
4437,14.7265
4438,15.364
4439,14.8347
4440,14.8057
4441,15.0529
4442,14.6454
4443,14.2596
4444,14.6832
4445,15.0506
4446,15.0618
4447,15.1489
4448,14.3623
4449,15.4612
4450,15.0435
4451,14.6561
4452,14.3508
4453,14.0056
4454,14.9306
4455,15.0347
4456,15.1513
4457,15.3028
4458,14.5724
4459,13.8697
4460,15.6065
4461,14.9542
4462,14.5499
4463,15.3927
4464,15.4819
4465,15.1692
4466,15.0401
4467,15.296
4468,14.264
4469,15.0477
4470,15.0416
4471,14.6146
4472,13.8687
4473,14.8322
4474,14.8852
4475,15.0984
4476,14.8954
4477,14.8767
4478,14.5124
4479,14.6392
4480,15.143
4481,15.1321
4482,14.3541
4483,14.6836
4484,14.9411
4485,14.7947
4486,15.2236
4487,14.437
4488,14.5404
4489,14.4618
4490,14.463
4491,14.2987
4492,15.0518
4493,14.8993
4494,14.39
4495,14.6779
4496,14.8119
4497,15.0408
4498,15.0539
4499,14.7054
4500,14.7917
4501,14.6448
4502,14.9621
4503,14.6613
4504,14.5279
4505,15.3592
4506,14.5001
4507,14.8353
4508,14.5295
4509,14.7482
4510,14.2534
4511,14.41
4512,14.5555
4513,15.6338
4514,15.1369
4515,14.3432
4516,15.1915
4517,14.2213
4518,15.0868
4519,14.6031
4520,14.7057
4521,15.0692
4522,14.5705
4523,14.5802
4524,15.0307
4525,15.5103
4526,14.3966
4527,15.0603
4528,14.5048
4529,14.7432
4530,14.5339
4531,15.5804
4532,14.7135
4533,14.8847
4534,14.9761
4535,14.8665
4536,14.7652
4537,14.9162
4538,14.5438
4539,14.502
4540,15.0764
4541,14.4215
4542,15.047
4543,14.7249
4544,15.0907
4545,14.5624
4546,15.0686
4547,14.58
4548,14.6726
4549,14.7207
4550,15.1829
4551,14.9094
4552,15.216
4553,15.1027
4554,14.7622
4555,14.9754
4556,14.7517
4557,15.747
4558,14.1207
4559,14.3202
4560,15.4398
4561,14.6755
4562,15.1663
4563,14.33
4564,14.6965
4565,15.3813
4566,14.901
4567,14.8379
4568,14.8001
4569,14.9406
4570,15.1395
4571,14.7958
4572,15.0878
4573,15.3257
4574,15.2626
4575,14.678
4576,15.4701
4577,14.8667
4578,14.752
4579,14.9162
4580,14.5997
4581,14.9725
4582,14.6169
4583,15.064
4584,14.6326
4585,14.4045
4586,14.6491
4587,14.8436
4588,14.6452
4589,15.1398
4590,14.9501
4591,14.5217
4592,15.239
4593,15.236
4594,14.4543
4595,15.1788
4596,14.9649
4597,15.1293
4598,14.7323
4599,14.1271
4600,15.1098
4601,14.7702
4602,14.9277
4603,15.3889
4604,15.1189
4605,14.8063
4606,15.2018
4607,14.9341
4608,14.4697
4609,14.5566
4610,14.5982
4611,14.9702
4612,14.754
4613,14.8374
4614,14.7343
4615,15.0483
4616,14.7294
4617,14.7319
4618,14.371
4619,14.7824
4620,15.0943
4621,15.0246
4622,15.2492
4623,15.2438
4624,15.1204
4625,15.1643
4626,14.8858
4627,14.5536
4628,14.971
4629,15.1313
4630,14.5389
4631,14.7828
4632,15.0213
4633,15.1259
4634,14.9956
4635,14.7537
4636,14.7887
4637,14.2906
4638,14.9182
4639,14.5392
4640,14.6341
4641,15.2245
4642,14.9002
4643,14.6606
4644,14.9768
4645,15.2189
4646,15.6397
4647,14.9867
4648,14.9951
4649,14.8397
4650,14.9458
4651,14.9723
4652,14.2731
4653,15.1364
4654,14.6686
4655,14.8758
4656,15.2912
4657,14.8575
4658,14.6808
4659,14.2939
4660,14.5775
4661,14.6147
4662,14.9634
4663,15.0711
4664,14.8276
4665,14.2577
4666,15.0071
4667,14.6901
4668,15.056
4669,14.463
4670,15.1857
4671,15.3102
4672,15.0363
4673,15.4724
4674,14.9289
4675,15.0017
4676,15.036
4677,15.0589
4678,15.1896
4679,15.1875
4680,14.5957
4681,14.9415
4682,14.5219
4683,15.0144
4684,14.2977
4685,14.4106
4686,14.9435
4687,15.095
4688,15.0884
4689,15.2968
4690,14.7133
4691,14.3906
4692,14.2811
4693,14.3113
4694,14.2691
4695,14.5062
4696,14.5895
4697,14.2735
4698,14.8939
4699,14.8723
4700,15.0215
4701,15.0043
4702,15.0776
4703,14.8763
4704,14.8737
4705,14.5525
4706,15.4189
4707,14.5854
4708,14.3018
4709,15.1893
4710,14.9388
4711,14.8235
4712,14.8466
4713,14.2503
4714,14.8046
4715,14.0663
4716,14.3726
4717,14.6878
4718,14.408
4719,14.3121
4720,14.5415
4721,14.0503
4722,15.0395
4723,14.6243
4724,14.6898
4725,14.8979
4726,15.1716
4727,15.216
4728,14.4264
4729,14.6988
4730,14.7046
4731,14.196
4732,14.5089
4733,14.6927
4734,14.4139
4735,14.8251
4736,15.0933
4737,14.0682
4738,14.7343
4739,14.376
4740,14.8811
4741,15.1492
4742,14.9744
4743,14.7039
4744,15.4531
4745,14.9131
4746,14.6067
4747,14.5748
4748,14.4677
4749,14.5102
4750,15.2424
4751,15.0496
4752,15.1152
4753,15.1057
4754,14.1288
4755,14.9411
4756,14.8175
4757,14.3754
4758,14.9093
4759,14.7904
4760,14.8655
4761,15.1624
4762,14.9232
4763,14.6681
4764,14.462
4765,14.9173
4766,14.9577
4767,15.4981
4768,14.5843
4769,15.1114
4770,14.743
4771,14.9222
4772,14.4737
4773,14.9892
4774,14.5426
4775,15.1772
4776,14.5884
4777,15.7857
4778,14.4303
4779,15.0735
4780,14.1318
4781,14.4447
4782,14.9001
4783,15.163
4784,15.2549
4785,14.9539
4786,14.6391
4787,14.3924
4788,14.5887
4789,14.7034
4790,14.7383
4791,15.5277
4792,14.5705
4793,14.2413
4794,15.1908
4795,14.8058
4796,14.9521
4797,15.5713
4798,14.6819
4799,14.6277
4800,14.6503
4801,14.6487
4802,14.8293
4803,15.0436
4804,15.0097
4805,14.4448
4806,15.4537
4807,14.2116
4808,14.3159
4809,15.2755
4810,15.0413
4811,14.4878
4812,14.4131
4813,15.0047
4814,15.4711
4815,14.833
4816,14.5255
4817,14.72
4818,14.0425
4819,15.1384
4820,15.2364
4821,15.2441
4822,14.4305
4823,15.117
4824,14.5889
4825,13.8729
4826,14.6673
4827,14.595
4828,14.3446
4829,15.0435
4830,15.3786
4831,14.965
4832,15.0746
4833,15.3357
4834,14.291
4835,15.3269
4836,14.6464
4837,14.2796
4838,15.362
4839,15.1448
4840,15.0767
4841,15.1315
4842,15.1654
4843,14.4155
4844,14.4596
4845,15.1131
4846,15.4086
4847,15.2244
4848,14.4494
4849,14.7885
4850,14.7518
4851,14.8316
4852,15.275
4853,14.4037
4854,14.6759
4855,15.4235
4856,15.1734
4857,14.9073
4858,14.9927
4859,14.5349
4860,14.5598
4861,14.4382
4862,14.6694
4863,14.7346
4864,15.0347
4865,14.8386
4866,14.8087
4867,15.0706
4868,14.6096
4869,14.8424
4870,14.8346
4871,14.7429
4872,14.2459
4873,14.9488
4874,15.0272
4875,15.3474
4876,15.6348
4877,15.0698
4878,14.7463
4879,14.999
4880,14.7063
4881,14.4476
4882,14.9628
4883,14.4179
4884,15.361
4885,14.8835
4886,14.4242
4887,14.8193
4888,14.498
4889,15.0816
4890,14.4908
4891,14.5741
4892,14.6762
4893,14.8734
4894,14.4708
4895,14.4582
4896,14.9491
4897,14.6315
4898,14.361
4899,14.6172
4900,14.3823
4901,14.2912
4902,14.705
4903,15.5701
4904,14.696
4905,14.5415
4906,14.7822
4907,14.7178
4908,15.2673
4909,14.5029
4910,14.6192
4911,14.9506
4912,14.7955
4913,15.132
4914,14.9823
4915,14.6685
4916,15.1498
4917,15.0032
4918,14.5968
4919,14.8919
4920,14.8123
4921,14.7088
4922,14.6565
4923,14.5389
4924,15.2388
4925,14.6388
4926,14.4324
4927,14.6275
4928,15.0486
4929,14.46
4930,14.2698
4931,14.9292
4932,14.3922
4933,14.9201
4934,14.6609
4935,15.1707
4936,14.7124
4937,15.0913
4938,15.6132
4939,14.1501
4940,14.4181
4941,15.6303
4942,15.3126
4943,14.8475
4944,14.9552
4945,14.965
4946,14.9025
4947,14.5996
4948,15.0361
4949,14.7942
4950,14.7506
4951,13.9764
4952,15.0569
4953,14.8803
4954,15.2011
4955,14.8526
4956,15.1499
4957,14.3449
4958,15.1096
4959,14.45
4960,14.9592
4961,14.6945
4962,14.5275
4963,14.508
4964,15.0477
4965,14.864
4966,14.5692
4967,15.0987
4968,14.8806
4969,14.2803
4970,15.2423
4971,14.6456
4972,14.7638
4973,14.5315
4974,14.8573
4975,14.2665
4976,15.0396
4977,14.923
4978,15.0024
4979,15.0105
4980,15.3889
4981,14.8629
4982,15.2928
4983,15.123
4984,14.6098
4985,14.7965
4986,15.292
4987,14.8766
4988,14.5469
4989,15.3917
4990,15.148
4991,15.4149
4992,14.187
4993,14.5298
4994,14.7071
4995,14.6319
4996,15.1055
4997,14.8071
4998,14.3397
4999,14.6466
5000,15.2991
5001,14.1157
5002,14.5884
5003,14.5367
5004,14.524
5005,14.909
5006,15.026
5007,14.8198
5008,14.7686
5009,14.5482
5010,14.6957
5011,14.8749
5012,15.1641
5013,15.2306
5014,14.4685
5015,15.2047
5016,14.8775
5017,15.3136
5018,15.3093
5019,15.5978
5020,15.1977
5021,15.0222
5022,14.9904
5023,15.0786
5024,14.7158
5025,14.3957
5026,14.8577
5027,14.9423
5028,14.4878
5029,14.7041
5030,15.4478
5031,15.4153
5032,15.2024
5033,14.7741
5034,15.5307
5035,14.3512
5036,14.3628
5037,15.2246
5038,14.4251
5039,14.763
5040,15.1042
5041,14.6813
5042,15.0203
5043,14.6035
5044,14.6838
5045,14.5313
5046,14.4658
5047,15.3549
5048,14.6124
5049,15.2282
5050,15.0564
5051,14.9683
5052,14.5042
5053,14.7754
5054,15.0612
5055,14.705
5056,14.6881
5057,14.3123
5058,15.488
5059,14.5189
5060,15.0851
5061,14.8269
5062,14.3357
5063,14.4163
5064,14.3708
5065,14.9426
5066,14.6839
5067,14.6464
5068,15.1002
5069,14.7507
5070,14.6766
5071,15.0875
5072,14.4022
5073,14.779
5074,14.6538
5075,14.4065
5076,14.9916
5077,14.5675
5078,15.1617
5079,14.588
5080,14.6298
5081,14.2808
5082,14.4834
5083,14.2348
5084,15.9201
5085,14.5292
5086,14.6364
5087,14.3377
5088,14.9834
5089,14.9436
5090,14.6355
5091,14.3378
5092,15.3928
5093,15.1351
5094,14.7444
5095,14.2511
5096,15.6259
5097,14.9142
5098,14.6228
5099,14.6658
5100,15.3106
5101,14.9938
5102,14.9149
5103,15.3566
5104,14.5943
5105,14.3318
5106,15.2955
5107,15.1139
5108,14.735
5109,14.7619
5110,15.1587
5111,14.658
5112,15.3404
5113,14.9443
5114,15.4131
5115,14.7818
5116,14.4639
5117,14.6294
5118,15.5699
5119,14.8389
5120,14.7681
5121,14.5961
5122,14.8915
5123,14.49
5124,15.11
5125,15.1674
5126,15.0408
5127,15.247
5128,15.0241
5129,13.9489
5130,14.5181
5131,15.1525
5132,14.8961
5133,14.6765
5134,14.6972
5135,14.9122
5136,15.0627
5137,14.9599
5138,15.1058
5139,14.2644
5140,14.7438
5141,14.7814
5142,15.2423
5143,14.7706
5144,15.205
5145,15.549
5146,14.5474
5147,14.7649
5148,15.5151
5149,15.395
5150,15.1239
5151,14.8546
5152,14.9786
5153,14.69
5154,14.6348
5155,14.714
5156,15.5677
5157,14.8647
5158,15.0265
5159,14.8081
5160,15.0156
5161,15.2098
5162,14.5427
5163,14.2564
5164,14.9742
5165,14.3182
5166,15.5097
5167,15.4548
5168,14.4679
5169,14.5013
5170,14.373
5171,14.4833
5172,14.6146
5173,14.6704
5174,14.9892
5175,15.5319
5176,14.9802
5177,15.0322
5178,14.6308
5179,15.1612
5180,14.9613
5181,14.9225
5182,14.8005
5183,14.7557
5184,15.3361
5185,14.7495
5186,14.2775
5187,15.1312
5188,15.0642
5189,14.8081
5190,14.8072
5191,14.8397
5192,14.9411
5193,14.311
5194,14.8041
5195,14.6154
5196,14.8355
5197,14.4555
5198,14.2219
5199,14.9927
5200,14.9552
5201,15.5008
5202,15.005
5203,14.5961
5204,14.8234
5205,14.9386
5206,14.9731
5207,15.099
5208,15.1403
5209,14.8384
5210,14.7278
5211,14.7571
5212,14.6868
5213,15.4715
5214,15.2054
5215,14.6809
5216,15.3116
5217,15.2079
5218,14.3252
5219,14.9287
5220,14.701
5221,15.6726
5222,14.7215
5223,14.9478
5224,14.7966
5225,15.0964
5226,14.5175
5227,14.6729
5228,14.8528
5229,14.9533
5230,14.959
5231,14.9104
5232,14.7708
5233,15.2057
5234,14.933
5235,14.6354
5236,14.7847
5237,14.8854
5238,14.8144
5239,15.283
5240,14.5683
5241,14.482
5242,14.5655
5243,15.2058
5244,14.6482
5245,14.8806
5246,15.0895
5247,15.0475
5248,15.0973
5249,14.8528
5250,14.9255
5251,14.8116
5252,14.3111
5253,14.7919
5254,14.2532
5255,14.2176
5256,14.9347
5257,15.2585
5258,14.9723
5259,15.0296
5260,15.5865
5261,14.6646
5262,15.2542
5263,14.5985
5264,14.918
5265,14.732
5266,14.5494
5267,14.6824
5268,14.6388
5269,14.3585
5270,15.1408
5271,14.9385
5272,14.8871
5273,15.4221
5274,14.2841
5275,15.073
5276,15.2789
5277,14.4575
5278,15.0014
5279,15.0862
5280,14.827
5281,15.7473
5282,13.9204
5283,14.4416
5284,14.6834
5285,15.0712
5286,14.9387
5287,14.9126
5288,14.771
5289,15.048
5290,14.7617
5291,15.0864
5292,14.7434
5293,14.524
5294,14.9372
5295,14.4973
5296,15.4991
5297,14.8248
5298,14.9245
5299,15.1805
5300,14.8229
5301,14.4996
5302,14.612
5303,15.0823
5304,14.278
5305,14.7076
5306,14.6885
5307,14.936
5308,15.1582
5309,14.1767
5310,14.4952
5311,14.5747
5312,14.2128
5313,14.8354
5314,14.1935
5315,14.3192
5316,14.6259
5317,15.4799
5318,15.009
5319,14.5682
5320,13.8814
5321,14.9527
5322,14.7701
5323,14.6679
5324,15.0921
5325,14.718
5326,15.4226
5327,14.7507
5328,14.6059
5329,15.1111
5330,14.4559
5331,14.688
5332,14.7684
5333,15.6572
5334,15.05
5335,13.7933
5336,14.9657
5337,14.4293
5338,14.9897
5339,14.5267
5340,14.9318
5341,14.4673
5342,15.2323
5343,14.4724
5344,15.053
5345,15.1243
5346,15.5377
5347,14.9605
5348,15.0544
5349,15.4841
5350,14.4588
5351,14.8069
5352,14.8492
5353,15.0074
5354,15.1699
5355,15.3031
5356,14.7141
5357,15.52
5358,14.8873
5359,14.9282
5360,14.791
5361,15.1981
5362,14.6074
5363,14.9878
5364,15.0843
5365,14.817
5366,14.8531
5367,14.6053
5368,15.034
5369,15.116
5370,15.0314
5371,14.8288
5372,14.7717
5373,15.0318
5374,14.2859
5375,14.5384
5376,14.8573
5377,15.2989
5378,14.4087
5379,14.4408
5380,14.9885
5381,15.7165
5382,14.531
5383,14.5907
5384,15.0454
5385,14.4068
5386,14.2819
5387,14.9241
5388,14.827
5389,15.116
5390,15.5401
5391,14.0923
5392,15.4207
5393,15.353
5394,15.1146
5395,14.1989
5396,14.7768
5397,14.5334
5398,15.5998
5399,14.4387
5400,15.3837
5401,14.5532
5402,14.9634
5403,14.7588
5404,15.4605
5405,14.8443
5406,15.3039
5407,14.7284
5408,14.8507
5409,15.2319
5410,14.2987
5411,15.4634
5412,14.7272
5413,14.8901
5414,15.3786
5415,14.8048
5416,15.2459
5417,14.8712
5418,14.2011
5419,13.6513
5420,14.8
5421,14.7126
5422,14.6851
5423,14.775
5424,15.1337
5425,14.5512
5426,14.3146
5427,14.4801
5428,14.8462
5429,14.4043
5430,15.1413
5431,15.3462
5432,15.0447
5433,15.296
5434,14.7897
5435,15.1318
5436,14.6921
5437,14.9144
5438,14.378
5439,14.6774
5440,14.8145
5441,14.4061
5442,14.8386
5443,15.1911
5444,15.0462
5445,14.9037
5446,14.886
5447,14.5753
5448,15.0978
5449,14.5411
5450,14.8429
5451,15.1612
5452,15.2141
5453,14.6069
5454,14.3795
5455,14.699
5456,15.5132
5457,15.2171
5458,14.8511
5459,14.3121
5460,14.6148
5461,14.5449
5462,14.8889
5463,14.4257
5464,14.4827
5465,14.4901
5466,14.6448
5467,14.7617
5468,14.5995
5469,14.9258
5470,15.0399
5471,15.2985
5472,14.7066
5473,14.9525
5474,14.9463
5475,15.4701
5476,14.4029
5477,14.6263
5478,14.324
5479,14.9178
5480,14.6699
5481,14.5406
5482,14.6701
5483,14.9178
5484,15.5063
5485,14.1726
5486,14.8824
5487,14.5266
5488,14.7255
5489,14.8809
5490,14.5232
5491,14.4314
5492,14.7341
5493,15.0062
5494,14.7732
5495,15.0768
5496,14.6486
5497,14.7508
5498,15.0389
5499,14.7826
5500,14.851
5501,15.1858
5502,14.6613
5503,14.2741
5504,14.5098
5505,14.6994
5506,14.1896
5507,14.8374
5508,14.7764
5509,14.5307
5510,14.5744
5511,14.545
5512,14.8265
5513,14.7744
5514,14.4945
5515,15.2119
5516,14.6054
5517,14.8137
5518,14.1213
5519,15.2375
5520,15.2258
5521,13.4305
5522,14.5378
5523,14.7982
5524,14.8505
5525,14.4542
5526,14.8717
5527,14.5796
5528,15.6539
5529,15.2979
5530,15.2283
5531,14.3792
5532,15.5805
5533,15.0041
5534,15.2401
5535,15.3111
5536,15.167
5537,14.3336
5538,14.7202
5539,14.493
5540,14.8429
5541,14.8091
5542,15.2609
5543,15.043
5544,15.0533
5545,15.0102
5546,14.6447
5547,14.8438
5548,15.0923
5549,14.8052
5550,14.1543
5551,15.1063
5552,14.7676
5553,15.4624
5554,15.0587
5555,15.2119
5556,14.9435
5557,14.6581
5558,14.885
5559,14.84
5560,15.0878
5561,15.3378
5562,15.3054
5563,14.6128
5564,15.329
5565,15.53
5566,14.6677
5567,15.0068
5568,14.9411
5569,14.4807
5570,15.0672
5571,14.6572
5572,14.8197
5573,15.1115
5574,14.7911
5575,14.7927
5576,15.2656
5577,14.7438
5578,15.1033
5579,14.4777
5580,15.4262
5581,14.8493
5582,14.9013
5583,14.1103
5584,14.2775
5585,14.9245
5586,14.8517
5587,15.397
5588,14.5628
5589,14.9869
5590,14.8287
5591,14.9068
5592,15.0191
5593,15.0363
5594,14.965
5595,14.8851
5596,14.8334
5597,14.9334
5598,15.3584
5599,15.0785
5600,14.58
5601,14.2829
5602,15.4295
5603,15.3613
5604,14.3604
5605,14.6231
5606,15.198
5607,14.7773
5608,14.6909
5609,14.8822
5610,15.4223
5611,14.9345
5612,14.4583
5613,14.7391
5614,14.8558
5615,14.3455
5616,14.2869
5617,15.2417
5618,14.9187
5619,15.2716
5620,14.3574
5621,14.5536
5622,14.4578
5623,15.0138
5624,14.2549
5625,14.8704
5626,14.1431
5627,14.3739
5628,14.8859
5629,15.0546
5630,14.736
5631,14.3862
5632,15.0882
5633,14.7824
5634,14.8462
5635,14.5782
5636,14.7459
5637,15.3441
5638,15.3599
5639,14.5396
5640,15.0511
5641,14.7683
5642,15.5469
5643,14.7201
5644,14.3669
5645,15.3183
5646,15.1412
5647,14.9893
5648,14.8702
5649,15.4347
5650,15.3205
5651,14.4938
5652,14.3297
5653,14.554
5654,15.4488
5655,14.7792
5656,15.3419
5657,15.0844
5658,14.5479
5659,15.1739
5660,14.1343
5661,15.0084
5662,14.5063
5663,14.0827
5664,14.5672
5665,14.5286
5666,14.828
5667,15.2966
5668,15.0436
5669,14.9534
5670,14.4764
5671,15.2231
5672,14.6912
5673,14.8928
5674,15.3284
5675,14.4771
5676,14.0458
5677,14.1319
5678,15.4775
5679,14.3339
5680,15.221
5681,14.9519
5682,15.3805
5683,15.2184
5684,14.6578
5685,14.9394
5686,15.2933
5687,14.903
5688,14.7344
5689,14.7545
5690,14.5471
5691,14.689
5692,14.6621
5693,15.0529
5694,15.4316
5695,15.0255
5696,15.0223
5697,14.8971
5698,15.4203
5699,14.8444
5700,14.408
5701,14.6325
5702,15.2415
5703,15.0412
5704,14.6442
5705,14.7134
5706,15.2019
5707,14.8007
5708,15.1465
5709,14.7952
5710,14.7451
5711,15.1911
5712,14.7935
5713,14.6687
5714,14.7403
5715,14.5099
5716,14.9056
5717,14.4117
5718,14.4149
5719,15.1838
5720,14.8616
5721,14.9366
5722,14.8878
5723,15.3419
5724,14.9598
5725,14.9695
5726,14.5179
5727,14.7799
5728,14.6661
5729,14.6243
5730,15.442
