0,2.13993
1,3.30713
2,2.21856
3,0
4,0
5,2.2375
6,3.06457
7,2.19797
8,2.6509
9,0
10,2.56625
11,2.48426
12,2.23185
13,1.93068
14,3.02134
15,0
16,0
17,0
18,2.66274
19,3.00946
20,2.64421
21,2.30988
22,2.3067
23,2.27407
24,0
25,2.4904
26,0
27,2.22303
28,2.1345
29,0
30,2.47239
31,0
32,3.49032
33,0
34,2.84468
35,2.36573
36,0
37,0
38,0
39,0
40,0
41,2.65754
42,2.13444
43,0
44,0
45,0
46,0
47,0
48,2.27408
49,2.57766
50,0
51,0
52,0
53,0
54,0
55,2.81102
56,2.53016
57,2.30193
58,0
59,0
60,2.05524
61,0
62,2.56624
63,1.98247
64,2.74754
65,0
66,0
67,0
68,2.35269
69,2.74218
70,3.11328
71,2.25506
72,0
73,2.57224
74,0
75,2.2983
76,2.25576
77,0
78,0
79,0
80,2.53992
81,2.79164
82,2.48658
83,0
84,0
85,0
86,28.3277
87,28.3452
88,0
89,29.0612
90,27.7422
91,28.2771
92,28.52
93,0
94,29.2217
95,0
96,27.7797
97,0
98,28.5202
99,0
100,0
101,28.6518
102,0
103,0
104,0
105,0
106,28.7401
107,28.4642
108,28.2091
109,0
110,0
111,27.9561
112,28.8447
113,0
114,0
115,0
116,0
117,0
118,0
119,29.0971
120,0
121,0
122,0
123,28.6248
124,0
125,0
126,0
127,28.3918
128,27.733
129,0
130,28.375
131,28.8517
132,28.1232
133,0
134,27.8044
135,0
136,27.9142
137,0
138,28.5823
139,0
140,0
141,28.3968
142,28.5846
143,29.5876
144,0
145,0
146,0
147,28.5596
148,29.1921
149,0
150,0
151,28.3619
152,28.7262
153,0
154,0
155,28.601
156,28.5156
157,0
158,28.4273
159,28.8598
160,0
161,0
162,0
163,0
164,0
165,0
166,28.4247
167,0
168,0
169,28.7289
170,0
171,0
172,0
173,0
174,0
175,0
176,0
177,28.7806
178,0
179,0
180,0
181,29.0574
182,0
183,28.3925
184,28.9855
185,28.1441
186,0
187,0
188,0
189,0
190,28.4806
191,28.5477
192,28.4206
193,28.2735
194,0
195,28.155
196,0
197,0
198,0
199,28.5856
200,0
201,27.9795
202,28.2644
203,28.3819
204,0
205,0
206,28.6796
207,0
208,28.113
209,28.3603
210,28.4209
211,0
212,0
213,0
214,0
215,28.2197
216,29.2443
217,0
218,0
219,0
220,28.1171
221,0
222,28.3789
223,0
224,0
225,28.6811
226,28.2321
227,0
228,0
229,0
230,0
231,28.5055
232,28.7727
233,0
234,28.1453
235,28.472
236,0
237,27.9496
238,27.8539
239,28.5229
240,28.073
241,28.4078
242,28.2109
243,0
244,28.0122
245,0
246,28.4995
247,28.8356
248,28.8532
249,28.2658
250,0
251,28.6782
252,0
253,28.5667
254,0
255,0
256,0
257,28.8649
258,0
259,28.4976
260,0
261,28.701
262,0
263,0
264,28.9341
265,28.7956
266,0
267,28.1948
268,0
269,0
270,0
271,0
272,0
273,28.7324
274,27.9122
275,0
276,0
277,28.0473
278,28.2171
279,0
280,0
281,28.3245
282,0
283,28.6376
284,0
285,0
286,28.5281
287,28.8697
288,0
289,0
290,29.0004
291,0
292,28.7312
293,0
294,27.5988
295,0
296,0
297,28.8272
298,28.9969
299,28.5138
300,0
301,28.8531
302,28.0333
303,0
304,28.4013
305,0
306,0
307,28.1801
308,0
309,0
310,28.0975
311,28.8448
312,0
313,28.5338
314,0
315,0
316,0
317,0
318,0
319,29.0468
320,0
321,28.6544
322,0
323,29.1004
324,28.1179
325,0
326,27.5414
327,28.5615
328,0
329,0
330,28.7339
331,0
332,0
333,28.5034
334,0
335,27.875
336,0
337,28.2719
338,28.2057
339,0
340,0
341,0
342,28.0557
343,0
344,0
345,0
346,28.8479
347,28.5037
348,29.0854
349,28.8351
350,27.9756
351,28.451
352,28.4314
353,28.7698
354,28.4239
355,0
356,28.1679
357,0
358,0
359,0
360,28.189
361,28.1772
362,0
363,0
364,0
365,28.4408
366,0
367,0
368,0
369,0
370,0
371,0
372,28.7073
373,0
374,0
375,29.3242
376,0
377,28.5225
378,28.8402
379,0
380,0
381,28.6511
382,0
383,28.149
384,28.5611
385,28.8512
386,0
387,28.6406
388,0
389,28.2543
390,0
391,0
392,0
393,28.8898
394,28.7668
395,28.7399
396,0
397,0
398,0
399,0
400,0
401,28.8729
402,0
403,0
404,0
405,0
406,0
407,28.5084
408,0
409,0
410,29.1953
411,28.3726
412,28.2659
413,0
414,27.6259
415,28.3858
416,27.9855
417,0
418,0
419,28.1504
420,28.4814
421,28.5741
422,0
423,0
424,0
425,28.5984
426,0
427,0
428,0
429,28.3544
430,0
431,28.5849
432,0
433,0
434,28.6888
435,0
436,0
437,0
438,0
439,29.0263
440,28.8862
441,0
442,28.8315
443,0
444,0
445,0
446,0
447,0
448,0
449,27.644
450,0
451,27.7117
452,0
453,0
454,28.6572
455,28.7502
456,0
457,0
458,0
459,28.7864
460,0
461,28.405
462,0
463,0
464,0
465,28.6138
466,0
467,28.864
468,0
469,0
470,0
471,0
472,0
473,29.4015
474,28.8822
475,0
476,0
477,0
478,0
479,0
480,0
481,29.0516
482,28.0296
483,0
484,0
485,0
486,0
487,28.5037
488,0
489,0
490,0
491,0
492,28.49
493,28.4185
494,28.6398
495,28.5596
496,28.6868
497,28.4005
498,0
499,0
500,0
501,29.0798
502,0
503,0
504,29.6969
505,0
506,0
507,28.3954
508,0
509,28.1837
510,0
511,0
512,27.9568
513,0
514,27.7823
515,27.6782
516,0
517,0
518,0
519,28.4291
520,0
521,28.2083
522,28.5343
523,0
524,0
525,0
526,0
527,0
528,27.9963
529,28.515
530,0
531,28.4606
532,0
533,0
534,0
535,28.1549
536,0
537,0
538,0
539,27.9382
540,0
541,0
542,28.8572
543,0
544,0
545,0
546,28.5561
547,0
548,28.0627
549,28.1689
550,27.9566
551,0
552,0
553,0
554,0
555,0
556,0
557,28.526
558,0
559,28.7339
560,0
561,0
562,28.3809
563,0
564,27.8209
565,0
566,0
567,0
568,0
569,28.5774
570,28.0713
571,0
572,0
573,28.4609
574,28.1747
575,28.6649
576,0
577,0
578,0
579,28.5931
580,0
581,0
582,0
583,28.8495
584,0
585,0
586,28.556
587,0
588,0
589,28.1502
590,28.6378
591,0
592,28.0294
593,28.5465
594,0
595,0
596,0
597,0
598,0
599,28.4218
600,0
601,0
602,28.573
603,0
604,28.4598
605,0
606,0
607,28.5027
608,0
609,0
610,28.7819
611,28.7508
612,28.1965
613,0
614,28.1476
615,0
616,28.3391
617,28.9012
618,0
619,0
620,0
621,28.6173
622,28.3756
623,0
624,29.008
625,28.0496
626,0
627,28.2687
628,0
629,0
630,28.2118
631,0
632,29.0503
633,0
634,29.11
635,0
636,28.2032
637,0
638,0
639,28.9952
640,0
641,0
642,28.6509
643,28.087
644,28.3988
645,0
646,28.4932
647,0
648,28.5263
649,28.7593
650,27.8821
651,28.52
652,0
653,0
654,0
655,0
656,28.7261
657,28.8251
658,0
659,28.3766
660,0
661,0
662,28.5607
663,28.7628
664,28.4081
665,0
666,28.4756
667,0
668,28.1085
669,28.1987
670,28.0001
671,0
672,28.4109
673,28.6715
674,28.3519
675,0
676,0
677,28.065
678,0
679,28.8217
680,29.0136
681,28.1362
682,28.6514
683,0
684,0
685,0
686,0
687,28.8892
688,28.2113
689,28.3525
690,0
691,28.4658
692,28.5052
693,0
694,0
695,28.3321
696,28.1877
697,0
698,0
699,0
700,0
701,28.5703
702,27.8251
703,0
704,0
705,0
706,28.1598
707,29.0877
708,0
709,0
710,28.3963
711,0
712,0
713,0
714,28.0463
715,28.9985
716,0
717,28.454
718,0
719,0
720,28.4862
721,0
722,28.4985
723,28.6511
724,29.3123
725,0
726,0
727,0
728,0
729,28.4792
730,0
731,28.2828
732,0
733,0
734,28.5364
735,28.6527
736,0
737,0
738,0
739,29.0163
740,0
741,28.4904
742,28.6877
743,28.5082
744,0
745,0
746,0
747,28.3273
748,28.1977
749,0
750,0
751,28.7736
752,28.4906
753,0
754,27.9976
755,0
756,27.9821
757,0
758,27.5979
759,28.6748
760,28.0546
761,28.7082
762,28.4605
763,0
764,28.5541
765,27.4485
766,28.5058
767,28.6481
768,0
769,0
770,0
771,28.2755
772,27.68
773,0
774,0
775,0
776,28.4192
777,28.3826
778,28.4887
779,28.9513
780,28.7857
781,28.4403
782,28.3843
783,0
784,29.0804
785,0
786,28.0958
787,28.3548
788,28.6701
789,28.2893
790,0
791,28.0599
792,28.8683
793,0
794,28.331
795,27.8545
796,28.2381
797,0
798,0
799,0
800,0
801,28.7202
802,0
803,28.078
804,0
805,0
806,0
807,29.1483
808,28.7339
809,0
810,28.5596
811,0
812,0
813,28.8568
814,0
815,29.0077
816,0
817,0
818,28.6294
819,28.7404
820,28.0427
821,0
822,0
823,28.9293
824,28.8196
825,28.1922
826,28.7289
827,0
828,29.3814
829,28.2791
830,28.3785
831,28.9554
832,28.8062
833,27.7808
834,28.6478
835,0
836,28.5445
837,28.4049
838,0
839,28.6419
840,28.6959
841,0
842,28.6355
843,0
844,0
845,0
846,28.8398
847,0
848,0
849,28.3158
850,28.3295
851,28.6191
852,28.4442
853,28.6037
854,0
855,0
856,28.2143
857,28.5192
858,28.6175
859,0
860,28.2831
861,28.4745
862,28.9685
863,28.7479
864,28.4004
865,0
866,28.4556
867,0
868,0
869,29.0693
870,28.0782
871,0
872,28.0419
873,28.5872
874,0
875,28.9098
876,0
877,0
878,0
879,0
880,0
881,28.5452
882,28.4255
883,0
884,0
885,28.4794
886,28.3854
887,28.5704
888,28.4322
889,28.6333
890,28.7698
891,28.6679
892,28.2275
893,0
894,0
895,28.3178
896,28.9036
897,0
898,28.1862
899,27.9581
900,28.5023
901,28.3876
902,28.4726
903,0
904,0
905,28.1334
906,28.5412
907,0
908,0
909,0
910,28.9422
911,28.7134
912,28.1223
913,0
914,0
915,28.299
916,28.0915
917,0
918,28.2651
919,0
920,0
921,28.6246
922,28.4359
923,0
924,28.0419
925,0
926,0
927,0
928,0
929,0
930,0
931,28.3172
932,0
933,28.394
934,28.0511
935,0
936,29.0184
937,0
938,28.4723
939,0
940,0
941,27.8862
942,0
943,0
944,28.4566
945,28.8617
946,0
947,0
948,0
949,0
950,28.2151
951,0
952,0
953,28.3106
954,0
955,28.5395
956,28.3038
957,0
958,28.4555
959,0
960,0
961,28.7378
962,28.3006
963,28.5007
964,27.8253
965,0
966,0
967,28.2543
968,0
969,28.4892
970,29.2656
971,0
972,0
973,0
974,0
975,28.7116
976,0
977,29.1817
978,0
979,28.7307
980,0
981,28.6248
982,0
983,0
984,28.4029
985,0
986,0
987,28.6712
988,28.4532
989,0
990,0
991,28.5478
992,0
993,28.8583
994,0
995,0
996,0
997,27.9819
998,0
999,28.4282
1000,0
1001,28.3518
1002,0
1003,0
1004,0
1005,28.659
1006,0
1007,0
1008,28.5269
1009,0
1010,28.6652
1011,0
1012,0
1013,28.7984
1014,28.765
1015,28.3738
1016,28.6892
1017,0
1018,0
1019,28.7217
1020,28.5238
1021,28.7611
1022,27.9993
1023,28.3155
1024,0
1025,0
1026,0
1027,28.3495
1028,27.99
1029,28.5157
1030,28.3586
1031,28.3757
1032,0
1033,28.5572
1034,28.6027
1035,28.9949
1036,0
1037,0
1038,28.8347
1039,28.7785
1040,27.8653
1041,29.0576
1042,0
1043,0
1044,0
1045,28.7499
1046,0
1047,28.3162
1048,0
1049,0
1050,28.7519
1051,28.6895
1052,28.8987
1053,28.8591
1054,0
1055,28.9781
1056,0
1057,0
1058,0
1059,0
1060,0
1061,0
1062,0
1063,28.3451
1064,28.2781
1065,28.4252
1066,0
1067,28.5032
1068,0
1069,0
1070,27.7294
1071,0
1072,0
1073,28.6625
1074,0
1075,28.1408
1076,28.0961
1077,28.4773
1078,27.9101
1079,0
1080,0
1081,28.7992
1082,0
1083,28.9979
1084,0
1085,28.4838
1086,28.5541
1087,0
1088,28.8415
1089,0
1090,28.2809
1091,29.0941
1092,0
1093,0
1094,0
1095,0
1096,28.2337
1097,0
1098,0
1099,0
1100,28.6028
1101,28.3206
1102,28.4668
1103,0
1104,0
1105,0
1106,0
1107,28.6729
1108,28.4268
1109,0
1110,28.3917
1111,0
1112,0
1113,0
1114,28.2754
1115,28.3855
1116,0
1117,0
1118,0
1119,28.2706
1120,27.9631
1121,28.3859
1122,28.3659
1123,29.1237
1124,0
1125,27.9219
1126,0
1127,0
1128,28.2433
1129,0
1130,0
1131,0
1132,0
1133,28.4972
1134,28.9958
1135,0
1136,0
1137,0
1138,28.6572
1139,27.8194
1140,0
1141,0
1142,0
1143,28.5354
1144,0
1145,28.2692
1146,28.3067
1147,28.4378
1148,28.5425
1149,0
1150,28.2399
1151,28.6481
1152,0
1153,28.6659
1154,0
1155,28.8211
1156,0
1157,0
1158,0
1159,0
1160,28.2111
1161,0
1162,0
1163,28.5113
1164,0
1165,0
1166,0
1167,28.2657
1168,0
1169,28.4536
1170,0
1171,0
1172,28.6733
1173,0
1174,0
1175,0
1176,28.8313
1177,28.4942
1178,0
1179,0
1180,28.3416
1181,0
1182,28.2991
1183,28.4539
1184,0
1185,28.6469
1186,0
1187,0
1188,28.1205
1189,0
1190,0
1191,27.7852
1192,28.3562
1193,27.9187
1194,0
1195,0
1196,0
1197,0
1198,0
1199,0
1200,28.5806
1201,0
1202,0
1203,28.326
1204,28.2573
1205,27.8097
1206,0
1207,0
1208,28.4945
1209,0
1210,28.3604
1211,0
1212,28.5436
1213,0
1214,0
1215,0
1216,0
1217,28.0824
1218,0
1219,28.1772
1220,27.6594
1221,28.1915
1222,28.3619
1223,0
1224,28.5656
1225,28.5982
1226,0
1227,28.602
1228,29.1216
1229,0
1230,0
1231,28.0512
1232,0
1233,0
1234,0
1235,0
1236,0
1237,0
1238,0
1239,28.4443
1240,0
1241,0
1242,0
1243,28.2251
1244,28.0592
1245,0
1246,0
1247,0
1248,0
1249,28.7598
1250,0
1251,0
1252,0
1253,28.2627
1254,0
1255,0
1256,0
1257,0
1258,28.1649
1259,28.512
1260,0
1261,0
1262,0
1263,0
1264,0
1265,0
1266,0
1267,0
1268,28.0773
1269,0
1270,0
1271,0
1272,28.472
1273,0
1274,0
1275,28.4738
1276,0
1277,27.9666
1278,0
1279,28.4836
1280,28.0569
1281,0
1282,28.6726
1283,29.0958
1284,0
1285,0
1286,0
1287,28.098
1288,0
1289,28.1599
1290,0
1291,28.3507
1292,0
1293,28.2075
1294,0
1295,28.9861
1296,28.5474
1297,0
1298,28.4207
1299,28.1262
1300,28.4472
1301,28.6185
1302,0
1303,28.0522
1304,0
1305,0
1306,28.6175
1307,28.9953
1308,0
1309,28.3756
1310,28.2958
1311,28.4601
1312,28.7579
1313,0
1314,28.5728
1315,28.7897
1316,28.4772
1317,0
1318,28.4676
1319,28.7403
1320,28.5899
1321,28.4386
1322,28.5366
1323,29.1914
1324,28.7962
1325,0
1326,0
1327,28.6756
1328,0
1329,0
1330,0
1331,28.4022
1332,28.7767
1333,28.2834
1334,0
1335,28.7411
1336,28.5406
1337,0
1338,28.7074
1339,28.7078
1340,0
1341,28.5673
1342,28.4691
1343,28.0529
1344,0
1345,0
1346,28.2573
1347,0
1348,29.0632
1349,0
1350,0
1351,28.2044
1352,27.8199
1353,0
1354,0
1355,28.1832
1356,0
1357,0
1358,28.7952
1359,0
1360,28.1905
1361,27.9636
1362,28.324
1363,0
1364,0
1365,0
1366,0
1367,28.292
1368,0
1369,28.7447
1370,28.4429
1371,28.5999
1372,0
1373,0
1374,28.8747
1375,29.0169
1376,0
1377,28.7651
1378,28.3955
1379,28.2422
1380,28.0612
1381,0
1382,0
1383,28.5318
1384,28.4802
1385,0
1386,29.146
1387,28.4191
1388,0
1389,0
1390,28.2995
1391,28.7587
1392,28.6177
1393,28.2873
1394,28.1176
1395,28.5212
1396,0
1397,0
1398,28.1488
1399,0
1400,0
1401,28.4877
1402,0
1403,0
1404,0
1405,0
1406,27.8829
1407,0
1408,0
1409,0
1410,0
1411,28.299
1412,28.5476
1413,0
1414,28.7927
1415,0
1416,0
1417,28.9701
1418,0
1419,28.2399
1420,0
1421,28.3543
1422,0
1423,0
1424,28.4158
1425,0
1426,28.5453
1427,0
1428,28.0219
1429,28.1807
1430,28.5959
1431,0
1432,28.366
1433,29.2035
1434,29.0412
1435,28.5922
1436,28.5017
1437,0
1438,0
1439,28.802
1440,0
1441,0
1442,0
1443,0
1444,28.8479
1445,0
1446,0
1447,28.7013
1448,0
1449,28.6573
1450,0
1451,27.9928
1452,0
1453,0
1454,28.1146
1455,28.2731
1456,0
1457,28.9454
1458,0
1459,28.3591
1460,0
1461,0
1462,0
1463,0
1464,28.612
1465,28.3158
1466,0
1467,0
1468,28.2284
1469,0
1470,0
1471,28.3373
1472,0
1473,29.0371
1474,27.9568
1475,0
1476,0
1477,0
1478,28.5086
1479,0
1480,0
1481,0
1482,0
1483,0
1484,28.763
1485,0
1486,28.5738
1487,0
1488,28.4023
1489,28.7285
1490,29.211
1491,28.4735
1492,27.6226
1493,28.4115
1494,0
1495,0
1496,0
1497,28.5631
1498,28.5548
1499,28.532
1500,0
1501,28.5227
1502,0
1503,0
1504,0
1505,28.4132
1506,0
1507,0
1508,28.2255
1509,0
1510,0
1511,0
1512,28.3434
1513,28.9828
1514,0
1515,0
1516,28.3167
1517,28.2279
1518,0
1519,0
1520,28.8677
1521,28.4434
1522,29.093
1523,28.3784
1524,0
1525,28.2458
1526,28.336
1527,0
1528,28.6293
1529,28.2558
1530,28.6997
1531,28.4992
1532,28.3914
1533,0
1534,28.1938
1535,0
1536,28.2331
1537,28.1969
1538,27.9642
1539,0
1540,0
1541,28.8036
1542,28.3656
1543,28.8076
1544,28.8186
1545,0
1546,28.5539
1547,0
1548,0
1549,28.4092
1550,0
1551,28.7831
1552,0
1553,28.5998
1554,0
1555,29.1762
1556,0
1557,0
1558,0
1559,0
1560,28.9588
1561,28.5281
1562,28.7691
1563,0
1564,0
1565,0
1566,0
1567,28.5267
1568,0
1569,0
1570,0
1571,0
1572,0
1573,0
1574,28.5438
1575,28.3901
1576,0
1577,28.5263
1578,28.6518
1579,27.9968
1580,0
1581,28.1579
1582,0
1583,0
1584,28.3813
1585,0
1586,0
1587,0
1588,0
1589,28.5054
1590,28.356
1591,28.1554
1592,28.0143
1593,28.5184
1594,0
1595,28.4243
1596,28.8651
1597,28.2442
1598,0
1599,0
1600,28.8336
1601,0
1602,0
1603,28.4001
1604,28.7825
1605,28.3865
1606,28.1114
1607,0
1608,28.6668
1609,28.5358
1610,0
1611,28.3998
1612,29.1194
1613,0
1614,0
1615,0
1616,0
1617,27.8587
1618,29.0222
1619,28.3505
1620,0
1621,28.1622
1622,28.694
1623,28.4616
1624,0
1625,0
1626,28.3714
1627,0
1628,0
1629,0
1630,0
1631,28.7522
1632,28.5486
1633,0
1634,0
1635,28.3907
1636,28.9045
1637,28.4643
1638,0
1639,0
1640,0
1641,28.3895
1642,0
1643,28.752
1644,0
1645,0
1646,0
1647,28.3848
1648,27.8823
1649,28.3673
1650,28.5414
1651,0
1652,28.541
1653,27.6014
1654,0
1655,0
1656,0
1657,0
1658,28.5595
1659,29.2988
1660,0
1661,0
1662,0
1663,0
1664,28.2867
1665,29.1915
1666,0
1667,0
1668,0
1669,29.0546
1670,28.2129
1671,28.5226
1672,0
1673,28.6354
1674,28.7909
1675,0
1676,0
1677,0
1678,0
1679,28.286
1680,0
1681,0
1682,0
1683,28.5615
1684,28.6792
1685,28.171
1686,0
1687,28.1781
1688,28.3549
1689,28.7684
1690,0
1691,28.2615
1692,0
1693,28.0882
1694,28.8736
1695,28.2197
1696,28.4375
1697,0
1698,0
1699,28.1202
1700,29.1101
1701,0
1702,28.6887
1703,28.8316
1704,0
1705,0
1706,0
1707,27.9876
1708,28.8568
1709,28.4894
1710,0
1711,28.7719
1712,0
1713,0
1714,28.0112
1715,28.2251
1716,0
1717,29.0025
1718,0
1719,0
1720,28.0845
1721,28.6333
1722,28.2973
1723,0
1724,0
1725,0
1726,28.2221
1727,0
1728,28.0197
1729,0
1730,0
1731,28.6849
1732,0
1733,0
1734,28.2835
1735,0
1736,0
1737,27.8584
1738,0
1739,0
1740,0
1741,27.8667
1742,0
1743,27.713
1744,29.034
1745,0
1746,0
1747,0
1748,0
1749,0
1750,29.1778
1751,0
1752,0
1753,0
1754,0
1755,27.8777
1756,0
1757,0
1758,0
1759,0
1760,28.0564
1761,28.4735
1762,0
1763,0
1764,28.1043
1765,0
1766,0
1767,0
1768,28.326
1769,0
1770,28.8512
1771,0
1772,0
1773,0
1774,28.698
1775,0
1776,27.6728
1777,0
1778,0
1779,0
1780,0
1781,27.7738
1782,0
1783,28.4662
1784,0
1785,0
1786,0
1787,0
1788,28.7165
1789,28.0401
1790,0
1791,28.6908
1792,0
1793,28.2998
1794,0
1795,28.2304
1796,29.0554
1797,28.4713
1798,28.2002
1799,28.3472
1800,28.0185
1801,0
1802,0
1803,0
1804,27.9688
1805,0
1806,0
1807,28.7688
1808,28.4244
1809,28.6508
1810,28.8387
1811,28.8394
1812,29.1058
1813,28.176
1814,28.3615
1815,28.4828
1816,0
1817,28.176
1818,0
1819,28.4932
1820,28.5484
1821,28.6176
1822,28.2715
1823,0
1824,0
1825,0
1826,0
1827,28.6679
1828,28.5236
1829,0
1830,28.5527
1831,28.9101
1832,28.4583
1833,28.0673
1834,0
1835,29.2857
1836,28.0886
1837,27.7867
1838,29.004
1839,29.1471
1840,28.7814
1841,28.6472
1842,28.8414
1843,28.2911
1844,0
1845,0
1846,0
1847,0
1848,28.6554
1849,28.4979
1850,28.0912
1851,28.4404
1852,0
1853,29.1515
1854,0
1855,28.3619
1856,28.2377
1857,29.226
1858,29.1021
1859,28.6532
1860,0
1861,28.3514
1862,0
1863,0
1864,28.7935
1865,28.4782
1866,27.8773
1867,0
1868,28.2439
1869,28.1062
1870,0
1871,0
1872,0
1873,28.3593
1874,27.8227
1875,28.9571
1876,0
1877,0
1878,0
1879,28.3849
1880,0
1881,28.4405
1882,28.5769
1883,28.6519
1884,28.1313
1885,0
1886,28.6487
1887,0
1888,29.0005
1889,28.2337
1890,28.4733
1891,28.2862
1892,28.597
1893,29.1096
1894,28.598
1895,28.4571
1896,29.0945
1897,0
1898,28.307
1899,0
1900,0
1901,28.4741
1902,0
1903,28.4012
1904,0
1905,28.5001
1906,0
1907,0
1908,28.8945
1909,28.2242
1910,0
1911,29.1685
1912,28.3018
1913,27.513
1914,0
1915,28.6823
1916,0
1917,28.7824
1918,28.082
1919,0
1920,0
1921,28.1807
1922,28.8887
1923,0
1924,28.6546
1925,0
1926,0
1927,28.2007
1928,0
1929,0
1930,28.2627
1931,27.7047
1932,28.0653
1933,28.2674
1934,0
1935,28.6403
1936,28.4962
1937,0
1938,0
1939,0
1940,28.398
1941,28.6713
1942,28.6947
1943,0
1944,28.5466
1945,28.0335
1946,28.5203
1947,0
1948,0
1949,0
1950,28.6167
1951,28.8421
1952,0
1953,28.4948
1954,28.7341
1955,0
1956,28.5208
1957,28.0709
1958,27.9721
1959,27.9507
1960,0
1961,28.3547
1962,0
1963,0
1964,28.2941
1965,0
1966,28.9362
1967,28.3104
1968,28.293
1969,0
1970,28.6132
1971,28.7634
1972,28.9723
1973,0
1974,0
1975,28.28
1976,28.4355
1977,0
1978,0
1979,0
1980,28.6049
1981,0
1982,28.3679
1983,0
1984,28.5556
1985,28.2113
1986,28.4304
1987,27.851
1988,0
1989,29.315
1990,28.9795
1991,28.3105
1992,0
1993,0
1994,0
1995,28.3877
1996,28.6614
1997,0
1998,28.4227
1999,29.0884
2000,0
2001,28.4338
2002,29.6335
2003,28.507
2004,28.1769
2005,28.1592
2006,28.8994
2007,28.5336
2008,28.7456
2009,28.1168
2010,28.9224
2011,28.1303
2012,0
2013,28.5984
2014,28.4078
2015,28.4633
2016,0
2017,28.2424
2018,28.2946
2019,27.9034
2020,28.494
2021,28.4642
2022,28.4418
2023,27.9191
2024,28.7799
2025,28.555
2026,27.7654
2027,28.7199
2028,28.4005
2029,29.0108
2030,28.433
2031,0
2032,28.8024
2033,28.5297
2034,28.3881
2035,28.3366
2036,28.9803
2037,29.008
2038,28.3857
2039,28.2856
2040,28.2468
2041,28.433
2042,27.7032
2043,28.3477
2044,28.3993
2045,28.9912
2046,28.211
2047,28.5714
2048,28.5961
2049,27.9822
2050,0
2051,29.0452
2052,28.4404
2053,28.8514
2054,29.081
2055,28.2473
2056,28.7889
2057,28.2586
2058,28.3953
2059,27.8542
2060,29.2551
2061,28.6842
2062,28.3566
2063,28.2064
2064,28.3628
2065,28.4835
2066,28.5032
2067,28.5528
2068,28.8897
2069,28.4417
2070,28.3618
2071,28.2478
2072,28.2137
2073,28.0642
2074,28.086
2075,28.3658
2076,28.2828
2077,28.3812
2078,28.3543
2079,28.4923
2080,28.6381
2081,28.7655
2082,28.9206
2083,28.4978
2084,28.2379
2085,28.2255
2086,28.023
2087,28.5796
2088,28.6173
2089,28.3552
2090,28.4891
2091,28.2311
2092,29.1191
2093,28.8544
2094,28.947
2095,28.3672
2096,28.532
2097,27.9306
2098,28.499
2099,29.0406
2100,28.8712
2101,28.7429
2102,28.827
2103,28.6931
2104,28.8171
2105,28.8621
2106,0
2107,0
2108,29.1847
2109,28.9812
2110,28.8254
2111,28.5356
2112,28.5798
2113,28.6198
2114,0
2115,28.1058
2116,28.7743
2117,28.782
2118,28.5513
2119,28.1643
2120,28.1584
2121,28.4485
2122,28.8665
2123,28.6978
2124,28.1512
2125,28.8826
2126,29.1744
2127,29.0149
2128,28.6312
2129,28.1008
2130,27.8902
2131,28.4874
2132,27.7832
2133,28.3545
2134,28.6547
2135,28.2399
2136,28.2748
2137,28.1938
2138,28.5073
2139,28.3974
2140,28.3694
2141,28.1954
2142,0
2143,29.2837
2144,28.551
2145,28.912
2146,27.5047
2147,28.7473
2148,28.5336
2149,28.4674
2150,27.965
2151,28.4666
2152,28.6104
2153,28.6624
2154,27.967
2155,28.7599
2156,0
2157,28.399
2158,29.0374
2159,0
2160,28.2701
2161,28.8629
2162,28.3743
2163,0
2164,27.9766
2165,27.876
2166,0
2167,28.1342
2168,28.6071
2169,28.954
2170,28.975
2171,28.2293
2172,28.3656
2173,29.2308
2174,0
2175,28.5644
2176,28.1772
2177,28.5868
2178,28.4477
2179,28.6845
2180,28.5965
2181,28.0766
2182,28.9472
2183,0
2184,28.469
2185,28.7819
2186,28.6638
2187,28.3928
2188,28.322
2189,27.9653
2190,28.7127
2191,28.3323
2192,28.5809
2193,28.6866
2194,28.3287
2195,28.4026
2196,28.423
2197,0
2198,28.0791
2199,28.1042
2200,28.523
2201,28.1081
2202,28.2212
2203,28.6327
2204,28.0437
2205,28.4398
2206,28.3525
2207,28.9075
2208,0
2209,29.0092
2210,29.1789
2211,28.3698
2212,28.8409
2213,28.8882
2214,28.1867
2215,28.2183
2216,28.1609
2217,28.7327
2218,28.88
2219,28.6702
2220,28.2088
2221,28.2476
2222,28.4587
2223,28.516
2224,27.8608
2225,28.3739
2226,28.349
2227,27.9896
2228,27.8855
2229,28.1072
2230,27.9659
2231,28.3097
2232,28.3412
2233,28.0239
2234,28.8585
2235,27.8675
2236,28.8994
2237,29.0516
2238,28.7909
2239,28.5969
2240,0
2241,28.4037
2242,28.1733
2243,28.4081
2244,28.116
2245,28.7915
2246,28.0668
2247,28.3496
2248,29.2771
2249,28.6087
2250,28.194
2251,28.549
2252,28.2085
2253,28.8291
2254,28.5208
2255,28.7974
2256,27.9863
2257,28.0562
2258,27.7399
2259,28.6002
2260,28.5662
2261,28.2525
2262,28.3747
2263,28.3044
2264,0
2265,2.57614
2266,2.36462
2267,2.36589
2268,2.66827
2269,2.56277
2270,2.63951
2271,2.24113
2272,2.4889
2273,1.49913
2274,28.5252
2275,28.2941
2276,27.4817
2277,28.265
2278,28.5763
2279,28.0438
2280,28.5948
2281,28.339
2282,28.3296
2283,28.3758
2284,28.5027
2285,28.8078
2286,28.1914
2287,28.4552
2288,28.6197
2289,28.6263
2290,28.7433
2291,28.9848
2292,28.2476
2293,0
2294,28.6325
2295,28.5934
2296,28.3754
2297,27.7378
2298,28.2196
2299,28.1525
2300,28.5356
2301,27.9554
2302,28.3286
2303,28.7021
2304,28.8006
2305,28.7336
2306,0
2307,28.2537
2308,28.473
2309,28.6926
2310,27.8359
2311,28.058
2312,28.363
2313,28.9594
2314,27.9268
2315,28.1848
2316,28.2687
2317,27.904
2318,28.6331
2319,28.0149
2320,28.6612
2321,28.3973
2322,28.6867
2323,28.4161
2324,0
2325,28.5906
2326,28.5063
2327,27.8956
2328,28.9765
2329,27.9801
2330,27.8715
2331,28.5746
2332,28.738
2333,28.7613
2334,28.5936
2335,28.7895
2336,27.9244
2337,0
2338,28.7255
2339,27.6108
2340,28.6434
2341,28.3228
2342,28.7184
2343,28.7727
2344,28.7242
2345,29.0867
2346,0
2347,28.1738
2348,0
2349,28.2461
2350,28.2279
2351,28.5573
2352,28.3734
2353,28.3214
2354,0
2355,0
2356,0
2357,27.9941
2358,28.3332
2359,28.3771
2360,28.5746
2361,0
2362,0
2363,28.1873
2364,28.5242
2365,0
2366,0
2367,28.5119
2368,0
2369,0
2370,0
2371,28.8405
2372,27.9669
2373,28.5581
2374,28.4398
2375,0
2376,0
2377,28.2773
2378,0
2379,28.3495
2380,0
2381,28.3682
2382,28.0566
2383,28.6363
2384,28.3546
2385,0
2386,0
2387,28.5149
2388,28.8459
2389,0
2390,28.1206
2391,28.4373
2392,28.5364
2393,0
2394,0
2395,0
2396,28.1269
2397,28.0897
2398,0
2399,0
2400,28.3058
2401,27.8517
2402,0
2403,0
2404,28.1172
2405,0
2406,28.4255
2407,0
2408,28.4229
2409,28.4101
2410,0
2411,27.5903
2412,28.253
2413,0
2414,0
2415,28.1784
2416,29.2754
2417,28.6926
2418,28.9837
2419,0
2420,28.9259
2421,28.3698
2422,28.7794
2423,28.213
2424,28.5073
2425,28.6828
2426,28.1766
2427,0
2428,0
2429,28.4321
2430,28.7202
2431,0
2432,0
2433,28.7804
2434,28.3428
2435,0
2436,0
2437,0
2438,28.2741
2439,27.8735
2440,28.5857
2441,0
2442,29.0395
2443,28.3063
2444,28.3991
2445,0
2446,0
2447,0
2448,0
2449,27.9605
2450,0
2451,28.6577
2452,0
2453,28.4285
2454,0
2455,28.8192
2456,28.2854
2457,29.2681
2458,28.4805
2459,0
2460,28.7448
2461,0
2462,29.1649
2463,28.4895
2464,0
2465,28.5181
2466,0
2467,28.668
2468,28.6973
2469,28.517
2470,0
2471,28.2297
2472,28.6528
2473,28.6262
2474,28.5579
2475,0
2476,0
2477,28.5787
2478,0
2479,0
2480,0
2481,0
2482,0
2483,27.8782
2484,27.9818
2485,0
2486,0
2487,28.5405
2488,0
2489,0
2490,0
2491,0
2492,28.9465
2493,29.1875
2494,0
2495,0
2496,28.6357
2497,28.5217
2498,28.3577
2499,28.4498
2500,28.926
2501,28.6468
2502,28.5771
2503,28.2539
2504,0
2505,29.0751
2506,0
2507,28.5685
2508,0
2509,28.4345
2510,28.6507
2511,0
2512,0
2513,28.5642
2514,28.9753
2515,28.0465
2516,28.2702
2517,0
2518,0
2519,28.4387
2520,0
2521,28.8499
2522,28.1015
2523,28.453
2524,28.4495
2525,0
2526,28.7927
2527,0
2528,0
2529,0
2530,0
2531,29.0872
2532,0
2533,0
2534,28.6392
2535,0
2536,28.3579
2537,0
2538,0
2539,28.6016
2540,28.378
2541,28.669
2542,28.3409
2543,0
2544,0
2545,0
2546,0
2547,0
2548,0
2549,28.596
2550,28.7234
2551,0
2552,28.6465
2553,0
2554,0
2555,28.3096
2556,0
2557,0
2558,0
2559,0
2560,28.5021
2561,0
2562,28.7797
2563,0
2564,0
2565,28.5214
2566,0
2567,0
2568,28.4356
2569,28.8245
2570,28.6152
2571,0
2572,0
2573,29.286
2574,28.9688
2575,28.6355
2576,0
2577,0
2578,0
2579,28.5836
2580,0
2581,0
2582,0
2583,0
2584,28.7794
2585,28.6384
2586,28.1866
2587,0
2588,0
2589,28.8844
2590,0
2591,29.3937
2592,0
2593,0
2594,0
2595,28.7103
2596,0
2597,0
2598,27.9623
2599,0
2600,0
2601,28.6115
2602,0
2603,28.5739
2604,0
2605,0
2606,28.8932
2607,29.0585
2608,0
2609,0
2610,0
2611,0
2612,28.5334
2613,28.1062
2614,0
2615,0
2616,0
2617,28.6095
2618,29.01
2619,0
2620,0
2621,0
2622,27.2372
2623,28.2867
2624,0
2625,0
2626,0
2627,28.3635
2628,0
2629,28.9132
2630,0
2631,29.0625
2632,28.5734
2633,28.5088
2634,0
2635,28.2608
2636,28.4968
2637,0
2638,28.4248
2639,0
2640,28.5944
2641,28.4026
2642,28.2337
2643,28.927
2644,0
2645,0
2646,28.0711
2647,28.2786
2648,0
2649,0
2650,28.0373
2651,0
2652,28.9774
2653,0
2654,0
2655,28.5202
2656,28.532
2657,0
2658,0
2659,0
2660,0
2661,0
2662,28.8712
2663,0
2664,0
2665,28.4717
2666,28.4535
2667,0
2668,0
2669,28.7301
2670,0
2671,0
2672,0
2673,0
2674,28.5489
2675,28.2431
2676,0
2677,28.5846
2678,0
2679,0
2680,0
2681,0
2682,28.4157
2683,0
2684,29.0467
2685,0
2686,28.4479
2687,28.8309
2688,28.4872
2689,28.657
2690,28.1699
2691,0
2692,0
2693,28.8956
2694,0
2695,28.431
2696,0
2697,27.9791
2698,0
2699,0
2700,0
2701,0
2702,28.1102
2703,28.6714
2704,0
2705,0
2706,0
2707,28.1387
2708,0
2709,28.2165
2710,0
2711,28.5027
2712,28.6172
2713,0
2714,28.4045
2715,0
2716,28.7513
2717,27.8819
2718,28.9569
2719,0
2720,29.0689
2721,0
2722,28.7025
2723,0
2724,0
2725,0
2726,28.5243
2727,28.6669
2728,0
2729,0
2730,28.5075
2731,28.5455
2732,28.3415
2733,28.3536
2734,0
2735,0
2736,29.0529
2737,0
2738,0
2739,28.8552
2740,28.6916
2741,28.9284
2742,28.82
2743,28.1681
2744,0
2745,29.0568
2746,27.5908
2747,28.844
2748,28.182
2749,28.6824
2750,0
2751,0
2752,0
2753,0
2754,28.7877
2755,28.7028
2756,28.3854
2757,0
2758,0
2759,0
2760,28.1265
2761,28.9155
2762,0
2763,28.4992
2764,28.2032
2765,28.5253
2766,0
2767,0
2768,28.4177
2769,28.8322
2770,28.584
2771,29.0672
2772,28.1275
2773,0
2774,28.8617
2775,28.7437
2776,0
2777,0
2778,28.1379
2779,28.7925
2780,28.784
2781,28.7293
2782,28.1807
2783,0
2784,28.6645
2785,0
2786,28.4778
2787,0
2788,28.7447
2789,28.0829
2790,29.1364
2791,0
2792,0
2793,28.3876
2794,0
2795,28.5035
2796,0
2797,0
2798,28.8848
2799,28.1486
2800,28.3077
2801,0
2802,0
2803,28.5339
2804,0
2805,0
2806,0
2807,28.6019
2808,27.8761
2809,0
2810,28.5363
2811,27.906
2812,0
2813,29.0434
2814,28.9394
2815,0
2816,0
2817,28.7637
2818,28.9771
2819,29.1309
2820,28.2144
2821,0
2822,28.3726
2823,0
2824,28.8892
2825,0
2826,28.7467
2827,28.6731
2828,0
2829,0
2830,0
2831,0
2832,28.0432
2833,0
2834,28.4112
2835,28.1593
2836,28.6133
2837,28.7538
2838,28.7055
2839,27.9648
2840,28.5787
2841,27.8976
2842,28.6855
2843,28.6923
2844,0
2845,28.4765
2846,0
2847,28.3301
2848,28.259
2849,0
2850,28.5172
2851,0
2852,28.1052
2853,28.142
2854,28.2219
2855,0
2856,0
2857,28.7171
2858,0
2859,0
2860,0
2861,27.9739
2862,0
2863,0
2864,28.2155
2865,0
2866,28.4171
2867,28.0145
2868,28.3017
2869,27.8518
2870,0
2871,28.2917
2872,0
2873,0
2874,0
2875,28.1151
2876,27.8311
2877,0
2878,0
2879,0
2880,0
2881,28.7134
2882,0
2883,28.5841
2884,27.9597
2885,28.6383
2886,0
2887,27.8843
2888,28.0906
2889,28.4366
2890,0
2891,0
2892,28.9693
2893,27.542
2894,28.0781
2895,28.7907
2896,0
2897,0
2898,28.2606
2899,28.3626
2900,28.3481
2901,0
2902,0
2903,0
2904,28.7879
2905,28.2228
2906,28.6721
2907,28.991
2908,28.4801
2909,28.5266
2910,0
2911,29.1933
2912,0
2913,28.3846
2914,28.3085
2915,0
2916,0
2917,0
2918,28.1805
2919,28.4717
2920,0
2921,29.0128
2922,28.4318
2923,28.0936
2924,0
2925,28.8148
2926,28.8201
2927,0
2928,29.1655
2929,28.2648
2930,28.1157
2931,29.5254
2932,0
2933,0
2934,0
2935,28.5329
2936,0
2937,0
2938,0
2939,0
2940,0
2941,0
2942,29.1584
2943,0
2944,0
2945,0
2946,0
2947,28.0614
2948,28.6378
2949,0
2950,28.6059
2951,0
2952,28.3386
2953,28.7898
2954,28.6231
2955,28.3906
2956,28.1502
2957,28.836
2958,0
2959,28.0573
2960,0
2961,28.331
2962,28.362
2963,0
2964,0
2965,0
2966,0
2967,28.1459
2968,28.3636
2969,28.3245
2970,0
2971,0
2972,28.5105
2973,0
2974,28.4878
2975,0
2976,27.5435
2977,0
2978,0
2979,28.6914
2980,0
2981,28.5226
2982,28.1318
2983,0
2984,0
2985,0
2986,0
2987,0
2988,27.7271
2989,0
2990,0
2991,28.8436
2992,28.2015
2993,0
2994,28.3011
2995,0
2996,28.1417
2997,28.7885
2998,27.9497
2999,28.4011
3000,28.9401
3001,28.446
3002,0
3003,0
3004,27.9765
3005,28.5456
3006,0
3007,28.1635
3008,0
3009,28.0058
3010,0
3011,28.6146
3012,0
3013,0
3014,28.7668
3015,0
3016,27.6336
3017,0
3018,0
3019,27.8986
3020,28.4986
3021,28.8586
3022,0
3023,0
3024,27.8185
3025,27.727
3026,0
3027,28.4739
3028,28.2022
3029,28.6918
3030,0
3031,0
3032,0
3033,0
3034,28.2161
3035,0
3036,0
3037,28.6189
3038,0
3039,28.3388
3040,0
3041,28.524
3042,28.7947
3043,0
3044,0
3045,0
3046,28.2358
3047,28.5226
3048,0
3049,28.2389
3050,0
3051,0
3052,0
3053,28.5653
3054,0
3055,0
3056,28.3469
3057,0
3058,27.841
3059,0
3060,0
3061,28.2238
3062,28.7165
3063,0
3064,28.5841
3065,0
3066,28.9084
3067,28.4862
3068,0
3069,0
3070,28.2859
3071,28.4949
3072,0
3073,28.7853
3074,0
3075,0
3076,0
3077,28.9749
3078,0
3079,0
3080,28.2941
3081,28.6083
3082,0
3083,0
3084,28.5244
3085,28.8261
3086,0
3087,28.4004
3088,0
3089,0
3090,27.5379
3091,0
3092,0
3093,28.3595
3094,28.1267
3095,0
3096,28.1773
3097,0
3098,0
3099,27.9479
3100,28.7759
3101,0
3102,0
3103,28.4706
3104,28.8477
3105,28.9391
3106,0
3107,28.7667
3108,28.6429
3109,0
3110,0
3111,0
3112,28.3313
3113,28.1487
3114,0
3115,27.8749
3116,0
3117,27.9742
3118,0
3119,0
3120,28.3575
3121,0
3122,0
3123,0
3124,0
3125,0
3126,0
3127,28.6948
3128,0
3129,0
3130,0
3131,0
3132,0
3133,0
3134,28.2683
3135,0
3136,0
3137,0
3138,0
3139,0
3140,0
3141,0
3142,0
3143,28.3506
3144,0
3145,0
3146,0
3147,0
3148,0
3149,0
3150,0
3151,27.7656
3152,28.7573
3153,0
3154,0
3155,28.7586
3156,28.1635
3157,0
3158,0
3159,28.4731
3160,28.4493
3161,28.7763
3162,0
3163,0
3164,28.4507
3165,0
3166,28.0029
3167,0
3168,0
3169,29.1163
3170,28.931
3171,29.0852
3172,0
3173,0
3174,0
3175,28.41
3176,29.1084
3177,0
3178,0
3179,0
3180,0
3181,28.5127
3182,28.5863
3183,0
3184,28.3477
3185,28.5004
3186,28.3859
3187,0
3188,28.8578
3189,29.1064
3190,28.1254
3191,0
3192,28.0483
3193,0
3194,28.5427
3195,0
3196,0
3197,0
3198,28.8819
3199,27.8149
3200,0
3201,0
3202,0
3203,28.0316
3204,0
3205,0
3206,0
3207,0
3208,0
3209,0
3210,0
3211,0
3212,0
3213,28.6165
3214,28.5772
3215,29.0395
3216,0
3217,28.4518
3218,0
3219,28.421
3220,0
3221,0
3222,28.4758
3223,0
3224,0
3225,0
3226,27.877
3227,28.4742
3228,0
3229,0
3230,0
3231,28.3429
3232,28.0146
3233,0
3234,28.7858
3235,0
3236,29.019
3237,0
3238,0
3239,28.4423
3240,0
3241,28.4429
3242,0
3243,0
3244,0
3245,0
3246,0
3247,0
3248,0
3249,0
3250,0
3251,27.8773
3252,28.8449
3253,28.4998
3254,28.7299
3255,0
3256,28.5225
3257,0
3258,28.2463
3259,0
3260,0
3261,28.9943
3262,28.0495
3263,28.3858
3264,29.1034
3265,28.6862
3266,28.0058
3267,28.1576
3268,0
3269,28.5784
3270,28.5255
3271,0
3272,0
3273,0
3274,29.1921
3275,28.369
3276,0
3277,0
3278,29.2228
3279,0
3280,28.0564
3281,0
3282,28.1556
3283,0
3284,28.661
3285,0
3286,0
3287,0
3288,0
3289,27.9537
3290,0
3291,0
3292,0
3293,28.4335
3294,0
3295,0
3296,0
3297,0
3298,0
3299,0
3300,0
3301,28.0653
3302,0
3303,27.8815
3304,28.6911
3305,0
3306,0
3307,0
3308,28.7635
3309,27.736
3310,0
3311,0
3312,28.4366
3313,0
3314,0
3315,28.7591
3316,0
3317,0
3318,0
3319,0
3320,0
3321,0
3322,0
3323,0
3324,0
3325,0
3326,0
3327,0
3328,28.6793
3329,0
3330,0
3331,0
3332,28.6384
3333,0
3334,28.6076
3335,28.3179
3336,28.2635
3337,27.9387
3338,28.6828
3339,28.1867
3340,0
3341,28.0225
3342,0
3343,0
3344,28.4682
3345,28.3138
3346,29.0833
3347,0
3348,0
3349,28.6051
3350,0
3351,28.1801
3352,28.2525
3353,0
3354,0
3355,28.3253
3356,0
3357,29.1427
3358,0
3359,0
3360,28.1063
3361,28.6477
3362,28.3169
3363,0
3364,0
3365,28.2666
3366,0
3367,0
3368,29.0312
3369,28.7031
3370,27.9103
3371,28.5151
3372,0
3373,0
3374,0
3375,0
3376,0
3377,0
3378,0
3379,28.92
3380,0
3381,0
3382,0
3383,28.7096
3384,28.3829
3385,28.3399
3386,28.0789
3387,28.5772
3388,27.9743
3389,0
3390,0
3391,28.243
3392,28.4726
3393,28.7537
3394,28.5645
3395,0
3396,28.6695
3397,0
3398,28.0072
3399,0
3400,0
3401,28.0567
3402,0
3403,28.2581
3404,0
3405,28.9852
3406,0
3407,28.7111
3408,0
3409,28.8207
3410,0
3411,29.1713
3412,28.1946
3413,0
3414,28.0266
3415,28.4451
3416,28.1225
3417,28.5734
3418,0
3419,28.4897
3420,0
3421,0
3422,28.8245
3423,28.1349
3424,0
3425,28.5052
3426,0
3427,28.6062
3428,28.6561
3429,28.1474
3430,28.215
3431,28.3115
3432,28.853
3433,0
3434,28.7132
3435,0
3436,0
3437,0
3438,0
3439,0
3440,0
3441,28.4606
3442,28.2752
3443,0
3444,0
3445,0
3446,0
3447,0
3448,28.4584
3449,0
3450,0
3451,0
3452,0
3453,28.2935
3454,0
3455,28.3101
3456,28.6667
3457,0
3458,28.7616
3459,28.3756
3460,0
3461,28.4611
3462,0
3463,28.2694
3464,0
3465,27.9253
3466,28.2777
3467,28.0315
3468,28.0922
3469,0
3470,0
3471,0
3472,28.3936
3473,28.5151
3474,28.574
3475,0
3476,28.3473
3477,28.3674
3478,0
3479,29.007
3480,0
3481,28.3828
3482,27.9534
3483,28.4849
3484,0
3485,0
3486,0
3487,28.9619
3488,0
3489,28.8452
3490,0
3491,0
3492,0
3493,27.9365
3494,28.4705
3495,0
3496,28.354
3497,0
3498,28.4019
3499,0
3500,0
3501,28.7402
3502,0
3503,28.2833
3504,0
3505,28.46
3506,28.2264
3507,0
3508,0
3509,28.59
3510,0
3511,28.6419
3512,0
3513,0
3514,0
3515,28.1464
3516,28.7485
3517,29.012
3518,0
3519,0
3520,0
3521,0
3522,28.1706
3523,0
3524,0
3525,0
3526,0
3527,27.8125
3528,0
3529,0
3530,0
3531,28.5545
3532,0
3533,0
3534,0
3535,0
3536,28.3819
3537,0
3538,0
3539,0
3540,28.067
3541,28.5349
3542,28.104
3543,0
3544,0
3545,0
3546,0
3547,28.6595
3548,28.7008
3549,0
3550,0
3551,28.519
3552,0
3553,27.9963
3554,27.9111
3555,28.4109
3556,0
3557,28.6096
3558,28.4278
3559,0
3560,0
3561,0
3562,0
3563,0
3564,0
3565,28.4723
3566,28.6455
3567,28.042
3568,0
3569,0
3570,28.9028
3571,0
3572,0
3573,28.0301
3574,0
3575,29.0223
3576,0
3577,0
3578,0
3579,28.4496
3580,0
3581,0
3582,0
3583,0
3584,28.7549
3585,0
3586,0
3587,0
3588,0
3589,0
3590,0
3591,0
3592,28.8183
3593,0
3594,29.269
3595,0
3596,28.2439
3597,28.9426
3598,28.7906
3599,28.4036
3600,27.8123
3601,0
3602,0
3603,28.581
3604,28.7752
3605,27.8653
3606,0
3607,0
3608,0
3609,28.746
3610,0
3611,0
3612,28.437
3613,28.6358
3614,0
3615,28.7425
3616,0
3617,27.9925
3618,0
3619,0
3620,0
3621,27.9413
3622,0
3623,28.5131
3624,0
3625,29.2195
3626,28.4658
3627,0
3628,28.353
3629,0
3630,28.3493
3631,28.9677
3632,0
3633,28.6349
3634,0
3635,28.751
3636,28.7562
3637,28.9854
3638,29.0274
3639,0
3640,27.9063
3641,0
3642,0
3643,28.4379
3644,28.5364
3645,28.5515
3646,28.4361
3647,0
3648,28.6445
3649,0
3650,0
3651,28.6471
3652,0
3653,28.4257
3654,0
3655,28.2899
3656,0
3657,28.8472
3658,0
3659,0
3660,28.6766
3661,0
3662,0
3663,0
3664,0
3665,0
3666,28.0408
3667,28.2518
3668,0
3669,0
3670,0
3671,27.7095
3672,28.363
3673,0
3674,0
3675,28.5239
3676,0
3677,28.1434
3678,0
3679,28.2971
3680,0
3681,28.2843
3682,0
3683,0
3684,29.0032
3685,0
3686,29.4239
3687,27.9206
3688,28.2357
3689,0
3690,0
3691,0
3692,28.3829
3693,27.8592
3694,0
3695,0
3696,0
3697,27.771
3698,0
3699,0
3700,28.1408
3701,0
3702,28.8859
3703,0
3704,0
3705,27.8881
3706,0
3707,28.7737
3708,0
3709,28.4325
3710,0
3711,0
3712,0
3713,27.8797
3714,0
3715,0
3716,27.9766
3717,28.381
3718,0
3719,28.8624
3720,28.2066
3721,0
3722,28.3418
3723,28.9714
3724,0
3725,0
3726,0
3727,29.0857
3728,28.6521
3729,0
3730,28.6503
3731,28.4812
3732,28.6332
3733,28.8694
3734,0
3735,28.5334
3736,28.9041
3737,0
3738,0
3739,27.9704
3740,27.78
3741,27.9057
3742,0
3743,0
3744,0
3745,0
3746,29.5979
3747,0
3748,0
3749,28.7725
3750,0
3751,0
3752,28.3196
3753,0
3754,28.1098
3755,28.046
3756,27.9691
3757,28.6358
3758,0
3759,28.0023
3760,28.3465
3761,0
3762,0
3763,0
3764,29.2926
3765,0
3766,0
3767,0
3768,0
3769,28.7071
3770,0
3771,0
3772,0
3773,28.3267
3774,28.2184
3775,28.4272
3776,28.1694
3777,0
3778,0
3779,0
3780,0
3781,27.8458
3782,0
3783,0
3784,0
3785,28.5084
3786,0
3787,28.736
3788,0
3789,28.7436
3790,0
3791,0
3792,0
3793,28.8073
3794,0
3795,28.6421
3796,0
3797,0
3798,0
3799,28.2815
3800,0
3801,28.5498
3802,0
3803,29.1464
3804,28.4918
3805,0
3806,0
3807,0
3808,0
3809,0
3810,0
3811,28.3928
3812,0
3813,0
3814,0
3815,0
3816,28.1022
3817,0
3818,0
3819,28.8129
3820,0
3821,0
3822,0
3823,0
3824,0
3825,28.2085
3826,0
3827,28.2906
3828,28.4062
3829,0
3830,28.7567
3831,0
3832,0
3833,28.4667
3834,0
3835,0
3836,0
3837,0
3838,28.1932
3839,0
3840,29.0638
3841,28.9813
3842,0
3843,28.0954
3844,0
3845,0
3846,28.6885
3847,28.5379
3848,0
3849,0
3850,0
3851,0
3852,0
3853,28.2982
3854,0
3855,0
3856,28.7355
3857,28.7127
3858,0
3859,28.1417
3860,0
3861,0
3862,28.8653
3863,27.9045
3864,28.3294
3865,0
3866,29.0115
3867,27.7325
3868,28.7872
3869,29.0179
3870,0
3871,0
3872,28.1081
3873,0
3874,0
3875,0
3876,0
3877,28.415
3878,0
3879,0
3880,29.2854
3881,28.206
3882,29.2487
3883,28.4843
3884,0
3885,0
3886,28.6713
3887,28.2513
3888,28.0527
3889,0
3890,28.509
3891,28.9274
3892,0
3893,0
3894,0
3895,0
3896,0
3897,0
3898,28.3006
3899,28.703
3900,0
3901,28.7309
3902,28.8881
3903,0
3904,28.7205
3905,0
3906,28.5183
3907,28.9445
3908,0
3909,28.801
3910,28.4143
3911,28.2396
3912,0
3913,28.1063
3914,29.4366
3915,0
3916,27.9499
3917,0
3918,28.8361
3919,0
3920,28.5406
3921,28.2476
3922,0
3923,28.6079
3924,28.1798
3925,28.87
3926,0
3927,28.5596
3928,28.8844
3929,28.8567
3930,0
3931,0
3932,28.0752
3933,0
3934,27.7363
3935,28.1234
3936,27.9966
3937,0
3938,0
3939,0
3940,28.4762
3941,0
3942,29.2902
3943,0
3944,28.1629
3945,28.8321
3946,0
3947,28.22
3948,28.5757
3949,28.6115
3950,0
3951,28.2486
3952,0
3953,28.4443
3954,0
3955,28.5542
3956,28.6757
3957,28.2393
3958,0
3959,28.1751
3960,27.8183
3961,28.7231
3962,28.5207
3963,28.7369
3964,0
3965,0
3966,28.7774
3967,28.2321
3968,28.7811
3969,28.0143
3970,28.2092
3971,28.2508
3972,28.6103
3973,28.7514
3974,0
3975,0
3976,28.7853
3977,0
3978,28.3022
3979,0
3980,0
3981,0
3982,28.3153
3983,0
3984,28.2066
3985,0
3986,0
3987,0
3988,28.4483
3989,0
3990,0
3991,28.2568
3992,28.0316
3993,0
3994,27.9836
3995,29.0981
3996,28.3876
3997,0
3998,0
3999,0
4000,28.9077
4001,3.30713
4002,28.4777
4003,2.96145
4004,2.83544
4005,28.3522
4006,3.06457
4007,28.951
4008,2.6509
4009,2.09981
4010,28.2598
4011,28.5349
4012,28.8589
4013,28.6352
4014,3.02134
4015,28.7627
4016,28.548
4017,28.4826
4018,2.66274
4019,3.00946
4020,28.0653
4021,2.30988
4022,28.4687
4023,2.27407
4024,2.69899
4025,2.4904
4026,3.10316
4027,2.22303
4028,28.1282
4029,2.43167
4030,28.5426
4031,28.5317
4032,27.8755
4033,2.14803
4034,2.84468
4035,2.36573
4036,2.8585
4037,3.1132
4038,3.30414
4039,28.5584
4040,28.1733
4041,2.65754
4042,28.8934
4043,2.21685
4044,2.44082
4045,2.45281
4046,2.45745
4047,28.4999
4048,2.27408
4049,27.9676
4050,2.26175
4051,2.52204
4052,2.4215
4053,2.51777
4054,2.38121
4055,2.81102
4056,2.53016
4057,2.30193
4058,2.3689
4059,2.78734
4060,2.05524
4061,28.437
4062,2.56624
4063,28.9276
4064,2.74754
4065,2.55234
4066,2.90641
4067,2.94238
4068,2.35269
4069,28.7598
4070,3.11328
4071,28.8365
4072,1.93656
4073,2.57224
4074,28.0741
4075,2.2983
4076,28.5989
4077,2.83286
4078,2.78245
4079,2.23151
4080,2.53992
4081,29.0485
4082,28.4812
4083,28.2576
4084,28.6327
4085,29.3324
4086,28.0178
4087,28.7823
4088,28.5655
4089,29.0612
4090,27.7422
4091,29.0179
4092,28.2155
4093,29.0564
4094,28.265
4095,28.4202
4096,28.6119
4097,28.1789
4098,28.5202
4099,28.2059
4100,28.9309
4101,28.2214
4102,28.3546
4103,28.4475
4104,28.2293
4105,28.2628
4106,28.7401
4107,29.1889
4108,28.2091
4109,28.9893
4110,28.1077
4111,28.2301
4112,28.8447
4113,29.0502
4114,28.1475
4115,28.34
4116,27.998
4117,28.3988
4118,28.4482
4119,29.0971
4120,28.637
4121,28.7511
4122,29.0829
4123,28.6248
4124,28.16
4125,29.0326
4126,28.2053
4127,28.3918
4128,27.733
4129,29.1911
4130,28.375
4131,28.8517
4132,27.6976
4133,28.6518
4134,27.8044
4135,28.416
4136,27.9142
4137,28.9863
4138,28.5823
4139,28.6636
4140,28.7453
4141,28.1617
4142,28.5846
4143,29.5876
4144,28.5603
4145,28.5005
4146,28.5252
4147,28.5596
4148,29.1921
4149,28.8889
4150,28.7393
4151,28.3619
4152,28.7262
4153,28.3889
4154,28.8542
4155,28.601
4156,27.9967
4157,28.7248
4158,28.4273
4159,28.6362
4160,28.7006
4161,28.3093
4162,28.8918
4163,28.5851
4164,28.8224
4165,28.3002
4166,28.6963
4167,28.2938
4168,28.8113
4169,28.1451
4170,27.9794
4171,28.3722
4172,28.5305
4173,28.4622
4174,28.7578
4175,28.8661
4176,28.3158
4177,29.0246
4178,28.2894
4179,28.7122
4180,27.9176
4181,29.0574
4182,27.7118
4183,28.818
4184,28.3874
4185,28.5713
4186,28.1614
4187,28.1573
4188,28.8799
4189,29.289
4190,28.9797
4191,28.7378
4192,28.7466
4193,28.2735
4194,28.6948
4195,28.155
4196,28.0275
4197,28.5683
4198,28.1066
4199,28.5856
4200,28.4465
4201,27.9795
4202,28.2644
4203,28.3819
4204,28.4137
4205,28.4061
4206,28.6796
4207,28.375
4208,28.7614
4209,28.9069
4210,28.7355
4211,28.1911
4212,28.558
4213,28.729
4214,28.9854
4215,28.2197
4216,29.2443
4217,28.098
4218,27.9128
4219,28.0396
4220,28.1803
4221,28.2051
4222,28.4565
4223,28.6319
4224,28.2005
4225,28.6811
4226,28.6156
4227,29.0434
4228,27.8008
4229,28.9254
4230,28.8432
4231,28.8444
4232,28.7727
4233,28.6701
4234,28.5781
4235,28.472
4236,28.6383
4237,27.9496
4238,28.1999
4239,28.2426
4240,28.4093
4241,28.4078
4242,28.2109
4243,28.1707
4244,28.9626
4245,27.9498
4246,28.4995
4247,28.8356
4248,28.7934
4249,28.6922
4250,28.4492
4251,28.6782
4252,28.5474
4253,28.1673
4254,27.8775
4255,28.304
4256,28.2947
4257,28.8649
4258,28.7961
4259,28.4976
4260,28.2395
4261,28.701
4262,28.1517
4263,28.04
4264,28.5328
4265,28.828
4266,28.2244
4267,28.7682
4268,28.7242
4269,28.6713
4270,28.6752
4271,28.4647
4272,28.7221
4273,29.2435
4274,28.8053
4275,28.6727
4276,28.2971
4277,28.029
4278,28.2171
4279,28.7739
4280,28.3001
4281,28.3245
4282,28.1854
4283,28.6376
4284,28.5852
4285,28.9398
4286,28.3454
4287,29.0453
4288,27.9525
4289,28.1741
4290,29.0004
4291,28.6213
4292,28.7312
4293,27.8967
4294,27.846
4295,27.9406
4296,28.0269
4297,28.8272
4298,28.9969
4299,28.5138
4300,28.4314
4301,28.8531
4302,28.0333
4303,28.624
4304,29.0639
4305,28.7066
4306,28.502
4307,28.1801
4308,28.3878
4309,28.9879
4310,28.0975
4311,28.475
4312,28.4926
4313,28.5338
4314,28.8549
4315,29.0803
4316,28.4314
4317,28.4086
4318,28.4695
4319,28.3763
4320,28.7011
4321,28.6544
4322,28.0265
4323,28.2943
4324,28.1179
4325,27.7326
4326,27.5414
4327,28.4988
4328,28.8119
4329,28.4383
4330,28.7339
4331,28.3491
4332,28.2668
4333,28.5034
4334,28.2548
4335,27.875
4336,28.153
4337,28.2719
4338,28.2057
4339,28.7551
4340,28.0946
4341,28.5838
4342,29.0584
4343,28.5201
4344,28.1989
4345,28.5382
4346,27.8992
4347,28.3972
4348,29.0854
4349,28.8351
4350,27.9756
4351,28.3255
4352,28.753
4353,28.7698
4354,28.4239
4355,28.388
4356,29.0739
4357,27.9869
4358,28.6419
4359,28.5545
4360,28.189
4361,28.7213
4362,29.1236
4363,28.7078
4364,27.9862
4365,28.2414
4366,28.656
4367,28.5701
4368,28.4443
4369,28.4346
4370,28.7672
4371,28.3158
4372,28.7073
4373,28.2104
4374,28.6715
4375,28.9316
4376,28.2756
4377,28.5225
4378,28.8402
4379,28.6394
4380,29.1008
4381,28.4964
4382,27.8337
4383,28.149
4384,28.5611
4385,28.8512
4386,28.3684
4387,28.6406
4388,27.9622
4389,28.2543
4390,28.8685
4391,28.1937
4392,29.1212
4393,28.8898
4394,28.7668
4395,28.7399
4396,27.8568
4397,29.0497
4398,28.566
4399,28.5904
4400,28.8688
4401,28.2639
4402,28.7259
4403,28.1088
4404,28.5198
4405,29.0939
4406,28.2866
4407,28.5084
4408,28.8734
4409,28.4338
4410,29.1953
4411,28.4092
4412,28.2659
4413,28.837
4414,27.6259
4415,28.0577
4416,28.0141
4417,28.7734
4418,28.401
4419,28.4937
4420,28.8983
4421,29.0703
4422,28.3165
4423,28.6029
4424,28.5273
4425,28.8886
4426,28.1705
4427,28.7807
4428,28.1981
4429,28.5615
4430,29.0864
4431,28.5849
4432,28.5978
4433,28.4329
4434,29.1655
4435,28.8469
4436,28.6219
4437,28.2284
4438,28.6132
4439,29.0263
4440,28.2949
4441,29.3371
4442,28.8315
4443,28.6424
4444,28.2243
4445,28.443
4446,28.1941
4447,27.7856
4448,29.2311
4449,27.644
4450,28.5925
4451,29.0298
4452,28.9128
4453,28.2312
4454,28.6572
4455,28.3984
4456,28.4613
4457,28.9556
4458,28.6994
4459,29.0563
4460,28.3433
4461,28.405
4462,27.9749
4463,28.3407
4464,28.8091
4465,28.0014
4466,28.6231
4467,28.864
4468,27.9719
4469,28.7665
4470,28.3417
4471,28.9865
4472,29.0905
4473,28.5374
4474,28.3866
4475,28.8625
4476,28.0065
4477,28.543
4478,28.1691
4479,28.9732
4480,28.438
4481,29.0516
4482,28.6806
4483,28.7492
4484,28.3751
4485,28.3005
4486,28.8347
4487,28.5037
4488,28.8498
4489,28.5704
4490,28.1183
4491,28.6738
4492,28.5947
4493,28.7203
4494,28.2842
4495,28.5596
4496,28.6868
4497,28.2754
4498,28.4005
4499,28.9357
4500,28.2407
4501,29.0798
4502,28.6535
4503,28.8662
4504,28.4311
4505,28.4898
4506,28.7148
4507,28.3954
4508,28.4268
4509,28.1837
4510,28.4695
4511,28.5329
4512,27.9568
4513,28.6355
4514,29.3012
4515,27.6782
4516,28.5216
4517,28.917
4518,28.3454
4519,28.4291
4520,28.0836
4521,28.2083
4522,28.262
4523,28.5426
4524,28.3857
4525,27.7162
4526,28.6398
4527,28.5938
4528,27.9963
4529,28.329
4530,28.0454
4531,27.7903
4532,28.9538
4533,28.7332
4534,28.2169
4535,28.7273
4536,28.6181
4537,29.1832
4538,28.0349
4539,28.5603
4540,28.1111
4541,28.6456
4542,28.8572
4543,27.886
4544,28.3891
4545,28.458
4546,28.5561
4547,28.6768
4548,28.0627
4549,28.1689
4550,27.9566
4551,28.5334
4552,29.3443
4553,28.3345
4554,28.3059
4555,28.3178
4556,27.9252
4557,28.526
4558,28.5584
4559,28.7339
4560,28.1341
4561,28.6926
4562,28.3809
4563,28.7189
4564,28.3655
4565,28.4069
4566,27.9255
4567,28.2942
4568,28.5048
4569,28.5774
4570,28.487
4571,29.033
4572,28.5433
4573,28.4609
4574,28.7241
4575,28.1875
4576,29.0192
4577,29.2123
4578,28.9267
4579,28.6102
4580,28.3838
4581,28.0489
4582,28.5288
4583,28.8495
4584,28.4278
4585,28.7307
4586,27.7112
4587,29.0789
4588,28.7655
4589,28.1502
4590,28.6983
4591,27.5254
4592,28.0294
4593,28.5465
4594,28.6936
4595,28.5864
4596,28.4592
4597,28.7047
4598,28.4076
4599,28.4191
4600,28.5253
4601,28.2162
4602,28.573
4603,28.8459
4604,28.4598
4605,28.1431
4606,28.268
4607,28.5027
4608,28.2539
4609,28.8199
4610,28.7819
4611,28.7508
4612,28.1965
4613,28.8209
4614,28.1384
4615,28.4123
4616,28.3391
4617,28.9012
4618,28.8209
4619,28.1695
4620,28.8537
4621,29.0924
4622,28.3756
4623,28.1074
4624,29.008
4625,28.0496
4626,28.5671
4627,28.739
4628,28.2511
4629,28.6262
4630,28.2118
4631,28.4556
4632,29.0503
4633,28.6119
4634,28.6445
4635,28.1404
4636,28.4733
4637,28.318
4638,28.1043
4639,29.1577
4640,27.8033
4641,28.4989
4642,28.6509
4643,28.087
4644,28.3988
4645,27.8958
4646,28.4932
4647,28.9635
4648,28.5263
4649,28.2255
4650,27.8821
4651,28.52
4652,28.7545
4653,28.3917
4654,28.0522
4655,27.5357
4656,28.7261
4657,28.8251
4658,28.1921
4659,28.3766
4660,28.7917
4661,28.3569
4662,28.5607
4663,28.7628
4664,28.4081
4665,28.3545
4666,28.4756
4667,28.2783
4668,28.857
4669,28.6805
4670,28.0001
4671,28.2614
4672,28.1718
4673,28.6382
4674,28.4715
4675,28.4496
4676,28.0948
4677,28.277
4678,28.4964
4679,28.8217
4680,27.9904
4681,28.6746
4682,28.4279
4683,28.6725
4684,28.9395
4685,28.5537
4686,28.4058
4687,28.6794
4688,28.7113
4689,28.3525
4690,28.479
4691,28.4658
4692,29.1313
4693,28.2209
4694,29.1393
4695,28.7561
4696,28.1877
4697,27.9927
4698,28.0833
4699,28.9998
4700,28.4793
4701,28.5703
4702,28.7972
4703,28.3905
4704,29.0186
4705,28.2507
4706,28.1598
4707,29.0877
4708,28.721
4709,28.151
4710,28.3963
4711,28.7434
4712,28.4753
4713,28.3998
4714,28.4894
4715,29.1309
4716,28.9616
4717,28.454
4718,28.6778
4719,28.4745
4720,28.422
4721,28.5518
4722,28.4985
4723,29.6477
4724,29.3123
4725,28.633
4726,28.5129
4727,28.7792
4728,28.5103
4729,28.5503
4730,28.5763
4731,28.2898
4732,29.1007
4733,28.8645
4734,28.5364
4735,28.6527
4736,29.2424
4737,28.4118
4738,28.2777
4739,29.0163
4740,27.7873
4741,29.2695
4742,28.6877
4743,29.0381
4744,28.787
4745,28.5678
4746,28.5474
4747,28.3273
4748,28.1977
4749,28.9765
4750,28.1251
4751,28.2762
4752,28.6495
4753,28.502
4754,27.9976
4755,29.0425
4756,28.8176
4757,28.2966
4758,27.5979
4759,28.6748
4760,28.1487
4761,28.4699
4762,28.4605
4763,28.5126
4764,28.5541
4765,27.4485
4766,28.699
4767,28.433
4768,28.676
4769,28.6686
4770,28.4638
4771,28.0492
4772,28.3348
4773,28.2758
4774,28.2339
4775,28.0545
4776,28.4282
4777,28.3826
4778,28.4887
4779,28.9513
4780,28.1384
4781,28.8024
4782,28.3843
4783,28.8802
4784,29.0804
4785,28.6648
4786,28.0958
4787,28.3548
4788,28.8727
4789,28.365
4790,28.358
4791,28.0599
4792,28.8683
4793,28.478
4794,28.331
4795,28.4106
4796,28.3452
4797,28.1359
4798,29.067
4799,28.2257
4800,28.3747
4801,28.1573
4802,28.7734
4803,28.7214
4804,28.3704
4805,28.0417
4806,28.5604
4807,28.4455
4808,28.1673
4809,28.7505
4810,28.5596
4811,28.0454
4812,28.3479
4813,28.8568
4814,28.5856
4815,29.0077
4816,28.0067
4817,28.4144
4818,28.6294
4819,28.7404
4820,28.0427
4821,28.5259
4822,28.617
4823,28.9293
4824,28.4867
4825,28.1922
4826,28.7289
4827,28.7121
4828,29.3814
4829,28.7263
4830,28.3785
4831,28.9554
4832,28.8062
4833,27.7808
4834,28.0722
4835,27.4043
4836,28.5445
4837,28.4988
4838,29.0646
4839,28.6419
4840,28.9275
4841,28.3123
4842,28.4615
4843,28.7406
4844,28.5272
4845,28.8578
4846,28.8398
4847,28.6254
4848,28.2811
4849,28.3158
4850,29.3292
4851,28.6191
4852,28.4442
4853,28.5729
4854,28.4118
4855,28.5537
4856,28.5447
4857,28.3679
4858,28.072
4859,28.3111
4860,28.7103
4861,28.3793
4862,28.6388
4863,28.7479
4864,28.4004
4865,28.5564
4866,28.4556
4867,28.9968
4868,28.5233
4869,28.2125
4870,28.0782
4871,28.747
4872,28.4165
4873,28.5269
4874,28.1804
4875,27.7426
4876,28.7031
4877,28.4087
4878,28.6339
4879,27.8226
4880,28.2938
4881,28.6442
4882,28.4451
4883,29.5418
4884,28.4829
4885,28.4794
4886,28.3854
4887,28.5704
4888,28.3432
4889,28.055
4890,28.7698
4891,28.6679
4892,28.1119
4893,28.2051
4894,28.5017
4895,28.3178
4896,28.6565
4897,28.928
4898,28.1862
4899,28.5743
4900,28.1519
4901,28.4017
4902,29.1755
4903,27.9224
4904,28.5279
4905,28.1334
4906,28.4968
4907,28.754
4908,28.8258
4909,27.9237
4910,28.5749
4911,28.7134
4912,28.6129
4913,28.7482
4914,28.7535
4915,28.299
4916,28.0915
4917,28.6278
4918,28.2651
4919,28.0363
4920,27.7559
4921,28.1725
4922,28.4359
4923,28.6854
4924,28.0419
4925,28.3105
4926,28.2529
4927,28.958
4928,27.9715
4929,29.0407
4930,28.9466
4931,28.8388
4932,28.2577
4933,28.394
4934,28.0511
4935,27.8344
4936,29.0184
4937,28.6076
4938,28.4723
4939,28.8386
4940,28.5989
4941,28.6359
4942,27.9483
4943,29.1049
4944,28.4566
4945,28.8617
4946,29.2536
4947,28.6681
4948,28.116
4949,28.7547
4950,28.2151
4951,28.4146
4952,28.5082
4953,28.1514
4954,28.4612
4955,28.4293
4956,28.3038
4957,28.3399
4958,28.4555
4959,29.2249
4960,28.0559
4961,28.8763
4962,28.2916
4963,28.5007
4964,28.6749
4965,28.5257
4966,27.9592
4967,28.2543
4968,27.8232
4969,29.0816
4970,28.7476
4971,28.7
4972,28.3247
4973,28.1994
4974,28.4854
4975,28.7116
4976,28.5207
4977,29.1817
4978,28.2429
4979,28.0787
4980,28.2342
4981,28.6918
4982,28.3843
4983,28.4161
4984,28.7841
4985,28.6994
4986,28.955
4987,27.8297
4988,28.4532
4989,28.6758
4990,28.8093
4991,28.5478
4992,28.4446
4993,28.8583
4994,28.0294
4995,28.2591
4996,28.3039
4997,27.9819
4998,28.6842
4999,28.4282
5000,28.5404
5001,28.3518
5002,27.9914
5003,28.5242
5004,28.2553
5005,28.6064
5006,28.1294
5007,28.5393
5008,28.3153
5009,28.2462
5010,28.0768
5011,28.501
5012,28.386
5013,28.3884
5014,28.765
5015,28.4619
5016,28.4541
5017,28.179
5018,28.7462
5019,27.8063
5020,28.7665
5021,28.7611
5022,27.9993
5023,28.3155
5024,29.1297
5025,28.4579
5026,28.5406
5027,28.943
5028,27.99
5029,28.5157
5030,28.5036
5031,28.3757
5032,27.8931
5033,28.2297
5034,28.6027
5035,28.9949
5036,28.7234
5037,28.715
5038,28.8347
5039,28.7785
5040,27.8653
5041,29.0576
5042,28.1399
5043,28.7124
5044,28.9703
5045,28.7499
5046,28.6023
5047,28.3162
5048,28.7394
5049,28.3133
5050,28.7519
5051,28.8388
5052,28.8987
5053,28.3248
5054,28.5707
5055,28.2242
5056,27.9155
5057,28.9433
5058,28.9288
5059,28.3549
5060,28.5325
5061,28.4436
5062,29.1295
5063,28.3451
5064,28.42
5065,28.4252
5066,28.4737
5067,28.5032
5068,28.3901
5069,28.4553
5070,27.7294
5071,28.5608
5072,28.3927
5073,29.2886
5074,28.6111
5075,28.1408
5076,28.0117
5077,28.4773
5078,27.9101
5079,28.6669
5080,28.3283
5081,28.3821
5082,28.0361
5083,28.5978
5084,28.1049
5085,28.4838
5086,28.5541
5087,27.6428
5088,28.5245
5089,28.6639
5090,28.2809
5091,29.0941
5092,28.1497
5093,28.3766
5094,28.5586
5095,28.1886
5096,28.1925
5097,28.7235
5098,28.6551
5099,28.0945
5100,28.3608
5101,28.6666
5102,29.1095
5103,28.536
5104,28.5429
5105,28.3599
5106,28.7056
5107,28.6729
5108,28.9569
5109,28.7501
5110,28.3917
5111,28.3861
5112,28.8134
5113,28.4536
5114,28.2089
5115,28.0464
5116,28.3661
5117,27.7524
5118,28.7812
5119,28.5347
5120,27.9631
5121,28.3859
5122,28.3659
5123,28.3213
5124,29.2327
5125,27.9219
5126,28.5013
5127,29.247
5128,28.2433
5129,28.9583
5130,28.5019
5131,28.36
5132,28.8525
5133,28.4972
5134,28.9631
5135,27.9792
5136,29.1134
5137,28.6089
5138,28.6572
5139,27.8194
5140,28.2659
5141,28.7768
5142,28.6368
5143,28.9379
5144,28.3687
5145,28.6424
5146,28.3067
5147,28.7336
5148,28.7792
5149,28.4263
5150,28.2399
5151,27.9146
5152,28.6254
5153,28.6659
5154,28.9156
5155,28.8211
5156,28.2011
5157,28.0794
5158,28.5114
5159,28.2404
5160,27.7973
5161,28.3169
5162,28.0825
5163,28.5113
5164,28.6006
5165,28.3986
5166,28.9308
5167,28.2541
5168,28.3727
5169,28.4536
5170,28.6769
5171,28.3671
5172,28.621
5173,29.5374
5174,28.712
5175,28.6721
5176,28.8313
5177,28.516
5178,28.664
5179,28.4277
5180,28.5644
5181,28.5331
5182,28.2991
5183,28.518
5184,28.4608
5185,28.6469
5186,28.4694
5187,28.3041
5188,28.1205
5189,29.3045
5190,29.6492
5191,27.7852
5192,28.4388
5193,27.9187
5194,28.8406
5195,28.8375
5196,28.6849
5197,28.2585
5198,29.3352
5199,28.4047
5200,28.5806
5201,28.2973
5202,28.5105
5203,28.326
5204,27.7255
5205,27.8097
5206,29.1305
5207,28.1134
5208,28.4945
5209,28.6037
5210,28.3604
5211,28.3847
5212,28.5436
5213,28.5535
5214,28.5631
5215,27.8747
5216,28.7078
5217,28.0824
5218,28.6425
5219,28.1772
5220,28.9732
5221,28.5232
5222,28.3619
5223,28.1887
5224,28.5656
5225,28.4733
5226,28.1758
5227,27.784
5228,29.1216
5229,28.1138
5230,28.5192
5231,28.5077
5232,28.0527
5233,27.8663
5234,28.5215
5235,28.8125
5236,28.563
5237,28.3792
5238,28.5319
5239,28.4443
5240,28.9104
5241,28.458
5242,28.327
5243,28.2251
5244,28.3923
5245,28.3248
5246,29.0152
5247,28.5648
5248,28.4987
5249,28.7598
5250,28.4567
5251,27.9268
5252,28.9718
5253,28.3614
5254,28.3138
5255,28.7837
5256,28.508
5257,28.5036
5258,28.1649
5259,28.512
5260,28.543
5261,28.3238
5262,28.0701
5263,28.1675
5264,27.9927
5265,28.9063
5266,28.4863
5267,28.0639
5268,28.0773
5269,27.8881
5270,27.8637
5271,28.0763
5272,28.472
5273,28.2376
5274,28.3738
5275,28.1741
5276,28.0862
5277,27.9666
5278,28.6691
5279,29.0733
5280,28.0569
5281,28.9772
5282,28.6726
5283,29.0958
5284,28.8076
5285,28.9013
5286,28.5926
5287,28.098
5288,28.3227
5289,28.1599
5290,28.6178
5291,28.3507
5292,28.8714
5293,28.2075
5294,28.0039
5295,29.4464
5296,28.2586
5297,28.6568
5298,28.4207
5299,28.1262
5300,28.078
5301,28.5667
5302,28.7925
5303,28.4026
5304,28.5869
5305,28.3762
5306,28.6845
5307,29.2798
5308,28.6878
5309,28.9557
5310,28.2583
5311,28.4601
5312,27.8668
5313,28.728
5314,28.5728
5315,28.5183
5316,28.4772
5317,28.1497
5318,28.4676
5319,28.7403
5320,28.8731
5321,28.6668
5322,28.5366
5323,28.7151
5324,28.7962
5325,28.1243
5326,28.2411
5327,28.6756
5328,28.0245
5329,28.2427
5330,28.87
5331,27.9788
5332,28.7767
5333,28.2834
5334,27.9887
5335,28.6401
5336,28.5406
5337,27.8358
5338,28.2185
5339,28.8242
5340,28.5919
5341,27.564
5342,28.4691
5343,28.6795
5344,28.8861
5345,28.1556
5346,28.2573
5347,29.0604
5348,29.0632
5349,28.5616
5350,28.709
5351,28.2044
5352,27.8199
5353,28.1885
5354,28.5689
5355,27.7829
5356,28.7879
5357,28.2453
5358,27.7862
5359,28.9484
5360,28.9339
5361,28.0711
5362,28.324
5363,28.1706
5364,28.6384
5365,27.6949
5366,29.2878
5367,29.037
5368,28.9223
5369,28.7447
5370,28.5175
5371,28.5999
5372,28.2355
5373,28.4915
5374,28.8747
5375,28.69
5376,28.4909
5377,28.7651
5378,28.2986
5379,28.2422
5380,28.0612
5381,28.4642
5382,27.8732
5383,28.2324
5384,29.2062
5385,28.7329
5386,28.926
5387,28.4191
5388,28.5447
5389,27.9997
5390,28.7162
5391,28.7587
5392,28.9838
5393,28.2873
5394,29.1951
5395,28.5212
5396,28.6044
5397,28.3251
5398,28.1488
5399,28.5054
5400,28.2286
5401,28.2221
5402,28.7754
5403,28.8242
5404,28.9533
5405,27.9785
5406,27.8829
5407,28.3883
5408,28.3733
5409,28.4651
5410,28.658
5411,28.6486
5412,28.5476
5413,28.8826
5414,28.7927
5415,28.4151
5416,28.4938
5417,28.9701
5418,28.4891
5419,28.2399
5420,28.9136
5421,28.3543
5422,28.6903
5423,27.7407
5424,28.4364
5425,28.3597
5426,28.3866
5427,27.7016
5428,28.0219
5429,28.9086
5430,28.5959
5431,28.2862
5432,28.366
5433,28.5243
5434,28.646
5435,28.5922
5436,28.5017
5437,29.0236
5438,28.9411
5439,28.8745
5440,28.7976
5441,28.1158
5442,28.2825
5443,28.5373
5444,28.2492
5445,28.4851
5446,28.6301
5447,28.7013
5448,27.8517
5449,28.6573
5450,28.3881
5451,28.9669
5452,28.948
5453,28.56
5454,28.2793
5455,28.5882
5456,29.1581
5457,28.4346
5458,28.4464
5459,28.3591
5460,27.8424
5461,28.498
5462,28.5951
5463,28.8308
5464,28.612
5465,28.3158
5466,28.6338
5467,29.1897
5468,28.2284
5469,28.2399
5470,28.127
5471,28.3373
5472,28.3814
5473,28.4106
5474,27.9568
5475,28.7106
5476,28.5537
5477,29.3355
5478,28.295
5479,28.2348
5480,28.6502
5481,28.7286
5482,28.6643
5483,28.7505
5484,28.763
5485,28.47
5486,28.9807
5487,27.9147
5488,28.4023
5489,28.5176
5490,29.211
5491,28.4735
5492,27.6226
5493,29.1178
5494,28.1375
5495,28.1783
5496,28.7443
5497,28.6094
5498,28.6011
5499,28.532
5500,28.1649
5501,28.6696
5502,28.0108
5503,28.4501
5504,28.8295
5505,28.4132
5506,28.5322
5507,28.2885
5508,28.2255
5509,28.5112
5510,28.9761
5511,28.8008
5512,28.3434
5513,28.8482
5514,28.4014
5515,27.9363
5516,28.3167
5517,28.2279
5518,28.3813
5519,28.4469
5520,28.2936
5521,28.0218
5522,28.6459
5523,28.6687
5524,28.2602
5525,28.2458
5526,28.336
5527,29.5776
5528,28.4142
5529,28.8418
5530,28.3275
5531,28.2512
5532,28.299
5533,28.0733
5534,28.1938
5535,29.1983
5536,28.8161
5537,28.1969
5538,28.8826
5539,28.5114
5540,28.1247
5541,28.8036
5542,28.3389
5543,28.6806
5544,28.8186
5545,28.1734
5546,28.5539
5547,28.4868
5548,28.4059
5549,28.4092
5550,28.7467
5551,28.7831
5552,28.2315
5553,28.8132
5554,29.0433
5555,29.1762
5556,28.3794
5557,28.3343
5558,29.0462
5559,28.2944
5560,28.9588
5561,29.1651
5562,28.7691
5563,28.4281
5564,27.9738
5565,29.227
5566,27.9385
5567,28.5267
5568,28.9902
5569,28.3597
5570,28.5529
5571,28.3836
5572,28.2136
5573,28.572
5574,28.5438
5575,28.9534
5576,28.6832
5577,28.5263
5578,28.6518
5579,27.9968
5580,27.8382
5581,28.1579
5582,28.3325
5583,28.5212
5584,28.3813
5585,28.4367
5586,27.684
5587,28.7663
5588,28.4674
5589,28.5054
5590,28.6718
5591,28.5623
5592,28.5638
5593,28.5184
5594,28.5509
5595,28.9491
5596,28.8651
5597,28.2442
5598,28.7782
5599,28.4745
5600,28.8336
5601,28.7682
5602,28.1029
5603,28.4001
5604,28.7825
5605,28.8285
5606,28.1114
5607,28.8525
5608,28.6668
5609,28.2882
5610,29.0201
5611,28.3998
5612,29.1194
5613,28.4719
5614,28.2812
5615,28.0719
5616,28.141
5617,28.5622
5618,29.0222
5619,28.2245
5620,28.4482
5621,28.1257
5622,28.694
5623,28.4616
5624,29.1821
5625,28.373
5626,28.3714
5627,28.4427
5628,27.7234
5629,28.2694
5630,28.9851
5631,28.1802
5632,28.5486
5633,28.3062
5634,28.7499
5635,28.1483
5636,28.9045
5637,28.9089
5638,28.6411
5639,28.883
5640,28.894
5641,28.3895
5642,27.9665
5643,28.752
5644,27.9309
5645,28.4649
5646,28.8091
5647,28.3848
5648,28.1614
5649,28.3673
5650,28.3454
5651,28.8113
5652,28.541
5653,28.612
5654,28.2619
5655,28.688
5656,28.4658
5657,28.5127
5658,28.5595
5659,29.2988
5660,29.1158
5661,28.0979
5662,28.6283
5663,28.7362
5664,28.5221
5665,29.1915
5666,28.7677
5667,27.6487
5668,28.559
5669,29.0546
5670,28.2129
5671,28.7782
5672,28.7907
5673,28.6354
5674,27.8805
5675,27.9048
5676,28.1621
5677,28.3684
5678,28.6088
5679,28.286
5680,28.7662
5681,28.4302
5682,28.8501
5683,28.8052
5684,28.6792
5685,28.1862
5686,28.5812
5687,28.1781
5688,28.3549
5689,28.7684
5690,28.819
5691,28.7617
5692,28.5363
5693,28.3365
5694,28.8736
5695,28.2197
5696,28.4375
5697,28.5817
5698,28.361
5699,28.1202
5700,29.1101
5701,28.214
5702,28.6887
5703,28.5343
5704,28.0589
5705,28.4137
5706,28.9583
5707,28.058
5708,28.8568
5709,28.4894
5710,28.1303
5711,28.5897
5712,28.4424
5713,28.6649
5714,28.0112
5715,28.2251
5716,27.7209
5717,29.0025
5718,28.4622
5719,28.6178
5720,28.0845
5721,28.6333
5722,28.2973
5723,28.2476
5724,28.3136
5725,28.1428
5726,27.9819
5727,28.2987
5728,28.0219
5729,28.1726
5730,28.5059
5731,28.6849
5732,28.746
5733,28.4938
5734,28.2835
5735,28.0942
5736,27.8415
5737,28.0795
5738,28.7357
5739,27.7977
5740,28.8551
5741,27.8667
5742,28.555
5743,27.713
5744,29.034
5745,27.7723
5746,28.64
5747,28.5938
5748,28.9639
5749,28.0825
5750,28.3778
5751,27.9898
5752,28.3501
5753,28.4211
5754,28.5168
5755,28.8352
5756,28.2262
5757,28.339
5758,29.0845
5759,28.8032
5760,28.0564
5761,28.4735
5762,28.5385
5763,28.7128
5764,28.1043
5765,28.6529
5766,28.0947
5767,28.5113
5768,28.545
5769,28.8849
5770,28.3333
5771,27.8729
5772,28.7043
5773,28.7024
5774,28.5328
5775,28.7067
5776,27.6728
5777,28.6018
5778,28.2565
5779,28.4534
5780,28.5111
5781,27.7738
5782,28.5081
5783,28.4662
5784,28.687
5785,29.0588
5786,28.2388
5787,28.4885
5788,28.9927
5789,28.0401
5790,28.6808
5791,28.6908
5792,28.9161
5793,28.4926
5794,28.4259
5795,28.2304
5796,28.011
5797,28.3251
5798,28.2002
5799,28.3472
5800,28.9078
5801,28.5567
5802,28.5765
5803,28.7027
5804,27.9688
5805,28.8597
5806,28.7682
5807,28.7688
5808,28.4182
5809,28.2417
5810,28.8387
5811,28.8394
5812,28.5439
5813,28.869
5814,28.3615
5815,28.4828
5816,28.9223
5817,28.2636
5818,27.9302
5819,28.7028
5820,28.5484
5821,28.7439
5822,28.5388
5823,28.5017
5824,27.999
5825,28.7549
5826,28.2483
5827,28.4208
5828,28.63
5829,28.8036
5830,28.5527
5831,28.9101
5832,28.4583
5833,27.9579
5834,28.7089
5835,29.2857
5836,28.0886
5837,28.3488
5838,27.985
5839,28.4435
5840,28.7814
5841,28.6472
5842,28.8414
5843,28.6165
5844,28.2538
5845,28.7464
5846,28.684
5847,28.4421
5848,28.6554
5849,28.4979
5850,28.0912
5851,28.4404
5852,28.3248
5853,28.4903
5854,28.7959
5855,28.3619
5856,28.3667
5857,27.4915
5858,28.0387
5859,28.2499
5860,28.0862
5861,28.3514
5862,28.6226
5863,29.095
5864,28.7935
5865,28.4782
5866,27.8661
5867,28.5184
5868,28.2439
5869,28.3996
5870,28.7951
5871,27.6314
5872,27.9376
5873,28.3755
5874,28.5475
5875,28.9571
5876,27.9453
5877,28.218
5878,27.9503
5879,28.3849
5880,28.4181
5881,28.3789
5882,28.5769
5883,28.1328
5884,28.1313
5885,28.4776
5886,28.6487
5887,27.8072
5888,28.0961
5889,28.6529
5890,28.4733
5891,28.2862
5892,28.597
5893,28.791
5894,28.598
5895,28.4571
5896,29.0945
5897,28.5619
5898,28.177
5899,28.9368
5900,28.4489
5901,28.4132
5902,28.6092
5903,28.4012
5904,28.7157
5905,28.5001
5906,28.0195
5907,28.4282
5908,28.8945
5909,28.2242
5910,28.5359
5911,29.1685
5912,28.3018
5913,27.513
5914,28.6262
5915,28.6823
5916,28.1559
5917,28.2798
5918,28.082
5919,28.4872
5920,28.5523
5921,28.5141
5922,28.8887
5923,28.2637
5924,28.6546
5925,28.4378
5926,29.0477
5927,28.2007
5928,29.0095
5929,28.697
5930,28.396
5931,27.7047
5932,28.1181
5933,28.9129
5934,28.9196
5935,28.4965
5936,28.4087
5937,28.1356
5938,28.3053
5939,28.7816
5940,28.0629
5941,28.6713
5942,28.6947
5943,28.1883
5944,28.6806
5945,28.738
5946,27.9617
5947,28.7505
5948,28.2695
5949,27.9433
5950,28.1352
5951,28.8421
5952,28.6545
5953,28.4948
5954,28.7341
5955,28.166
5956,28.5208
5957,28.6365
5958,27.9721
5959,27.9507
5960,27.6369
5961,28.3547
5962,28.7537
5963,28.0251
5964,28.357
5965,28.3509
5966,28.8623
5967,28.7799
5968,28.6166
5969,29.0237
5970,28.6132
5971,28.7634
5972,28.9723
5973,27.8955
5974,28.2025
5975,28.28
5976,28.4355
5977,28.6981
5978,28.89
5979,28.5251
5980,28.6049
5981,28.6219
5982,28.3011
5983,28.8854
5984,28.3279
5985,28.9013
5986,29.23
5987,28.5685
5988,28.359
5989,28.8819
5990,28.5473
5991,28.3105
5992,28.6102
5993,28.6624
5994,28.1108
5995,28.3877
5996,28.6614
5997,28.0291
5998,28.4227
5999,29.0884
6000,28.3868
6001,28.1052
6002,28.2767
6003,28.507
6004,29.0263
6005,28.1592
6006,28.7508
6007,28.7942
6008,28.2974
6009,28.1168
6010,28.9224
6011,28.7482
6012,28.7376
6013,28.9988
6014,28.4078
6015,28.405
6016,28.7525
6017,28.2424
6018,28.2946
6019,27.9034
6020,28.6559
6021,29.0564
6022,28.4418
6023,27.9191
6024,28.7799
6025,28.3975
6026,27.7654
6027,28.7199
6028,28.0928
6029,29.0108
6030,28.433
6031,29.0524
6032,28.3163
6033,28.5297
6034,28.3881
6035,28.6362
6036,28.4018
6037,29.008
6038,28.3857
6039,28.3554
6040,28.1995
6041,28.8787
6042,27.7032
6043,28.3477
6044,28.3993
6045,28.4005
6046,28.8206
6047,28.5714
6048,28.5961
6049,29.266
6050,28.5626
6051,29.0452
6052,28.4404
6053,28.5942
6054,27.8883
6055,28.2375
6056,28.7889
6057,28.2586
6058,28.3953
6059,28.5789
6060,29.2551
6061,28.626
6062,28.3566
6063,28.9363
6064,28.3628
6065,28.1328
6066,28.5032
6067,28.5528
6068,28.8897
6069,28.4417
6070,27.8061
6071,28.2478
6072,28.2137
6073,28.0642
6074,28.7354
6075,28.7447
6076,28.5375
6077,28.3812
6078,28.3543
6079,28.6908
6080,28.6381
6081,27.7429
6082,28.9206
6083,28.4978
6084,28.6294
6085,28.2255
6086,28.3346
6087,28.5796
6088,28.5187
6089,28.2241
6090,28.4891
6091,28.2311
6092,29.1191
6093,28.2978
6094,28.3753
6095,28.3672
6096,28.7787
6097,27.8549
6098,28.499
6099,28.4098
6100,28.8712
6101,28.6525
6102,28.827
6103,28.2227
6104,28.8171
6105,28.8621
6106,28.5135
6107,28.0172
6108,28.9665
6109,28.5146
6110,28.3771
6111,28.5356
6112,28.5798
6113,28.6198
6114,29.0439
6115,29.2066
6116,28.8779
6117,28.1716
6118,27.8977
6119,28.7997
6120,29.2145
6121,28.4485
6122,28.2626
6123,28.6978
6124,28.1512
6125,28.8826
6126,29.1744
6127,28.7884
6128,28.2718
6129,28.2867
6130,28.4213
6131,28.4874
6132,27.7832
6133,28.6341
6134,28.4853
6135,28.2399
6136,28.2748
6137,28.5219
6138,28.1764
6139,28.2552
6140,28.2058
6141,28.6611
6142,28.9672
6143,28.9285
6144,28.7207
6145,28.912
6146,28.5293
6147,28.7473
6148,28.5336
6149,28.4674
6150,27.965
6151,28.4666
6152,28.6104
6153,28.6624
6154,28.5692
6155,28.7599
6156,28.2391
6157,28.399
6158,29.0374
6159,28.9976
6160,28.2701
6161,28.8629
6162,28.3743
6163,28.4104
6164,27.9766
6165,27.876
6166,28.7354
6167,29.0112
6168,28.4075
6169,28.954
6170,28.975
6171,28.3966
6172,28.2548
6173,28.4495
6174,28.583
6175,28.7277
6176,28.1772
6177,28.6785
6178,28.4896
6179,28.2501
6180,28.5965
6181,28.0766
6182,28.9472
6183,28.4132
6184,28.469
6185,28.5386
6186,28.6638
6187,28.3928
6188,28.322
6189,27.9653
6190,28.3791
6191,28.3323
6192,28.5809
6193,28.8228
6194,28.9271
6195,28.4026
6196,28.9379
6197,28.6368
6198,29.3747
6199,28.1042
6200,27.9758
6201,28.1081
6202,28.136
6203,28.6327
6204,28.6434
6205,28.4398
6206,28.898
6207,28.6939
6208,28.1672
6209,29.0092
6210,29.1789
6211,28.3698
6212,28.8409
6213,28.9205
6214,28.1867
6215,28.2183
6216,28.1609
6217,28.2678
6218,28.88
6219,27.9625
6220,28.2088
6221,28.2476
6222,28.5915
6223,28.6132
6224,28.2157
6225,28.8739
6226,28.538
6227,27.9896
6228,27.8855
6229,28.1072
6230,27.9659
6231,28.8144
6232,28.3955
6233,28.2893
6234,28.7389
6235,27.8675
6236,28.4891
6237,28.0414
6238,28.7909
6239,28.1349
6240,28.1869
6241,28.5958
6242,28.6053
6243,28.4081
6244,28.3526
6245,28.5979
6246,27.997
6247,28.3496
6248,29.2771
6249,28.6087
6250,28.194
6251,28.7985
6252,28.2085
6253,28.799
6254,27.7759
6255,28.7974
6256,28.2905
6257,28.0562
6258,28.8582
6259,27.7613
6260,28.5662
6261,28.418
6262,28.3747
6263,28.3044
6264,28.9384
6265,2.57614
6266,2.36462
6267,28.3153
6268,28.399
6269,2.56277
6270,28.5546
6271,2.24113
6272,2.4889
6273,28.8671
6274,28.5252
6275,28.2941
6276,28.2069
6277,28.265
6278,28.5763
6279,28.399
6280,28.5948
6281,28.339
6282,28.3296
6283,28.8425
6284,28.5027
6285,28.5469
6286,28.1914
6287,28.4552
6288,28.7929
6289,28.8758
6290,28.7433
6291,28.9848
6292,28.5251
6293,28.7828
6294,28.9421
6295,28.8125
6296,28.3754
6297,27.7378
6298,28.5808
6299,28.1525
6300,28.5356
6301,27.9554
6302,28.9479
6303,27.9504
6304,28.4775
6305,28.7336
6306,28.2041
6307,28.0187
6308,28.473
6309,28.6926
6310,27.8359
6311,28.1785
6312,28.2584
6313,28.5511
6314,28.5601
6315,28.1848
6316,28.2687
6317,27.904
6318,28.4414
6319,28.0149
6320,28.6612
6321,28.3973
6322,28.6867
6323,28.1226
6324,28.2452
6325,28.7413
6326,28.5063
6327,28.7484
6328,28.167
6329,28.7067
6330,27.8715
6331,28.5746
6332,28.7414
6333,28.7613
6334,28.5936
6335,28.456
6336,27.9244
6337,27.5697
6338,28.5797
6339,27.6108
6340,28.4586
6341,28.3228
6342,28.6183
6343,28.432
6344,28.7242
6345,29.0867
6346,29.2272
6347,28.1738
6348,28.3958
6349,28.2461
6350,28.2279
6351,28.5573
6352,28.1169
6353,28.3214
6354,28.569
6355,28.1807
6356,28.4813
6357,28.3846
6358,28.6676
6359,28.3771
6360,28.5746
6361,28.2776
6362,28.2204
6363,28.1873
6364,27.8826
6365,28.0027
6366,28.8682
6367,28.8184
6368,28.5877
6369,28.4789
6370,29.1275
6371,28.8405
6372,27.9669
6373,28.5581
6374,28.2413
6375,28.5944
6376,29.0388
6377,27.9164
6378,27.7202
6379,28.6401
6380,28.6618
6381,28.2447
6382,28.338
6383,28.4542
6384,28.013
6385,28.9657
6386,27.9056
6387,27.6298
6388,28.8459
6389,28.6419
6390,28.0023
6391,28.4373
6392,28.5364
6393,27.662
6394,28.6509
6395,28.5274
6396,28.7437
6397,28.9143
6398,28.4121
6399,28.4635
6400,28.3889
6401,28.5027
