0,2.59389
1,2.63136
2,2.44395
3,2.49212
4,2.27732
5,2.32811
6,2.73269
7,0
8,0
9,2.87267
10,1.92056
11,0
12,2.46881
13,2.81494
14,2.76333
15,0
16,2.98584
17,2.67883
18,2.5619
19,0
20,0
21,2.46289
22,2.63416
23,0
24,2.50746
25,2.30702
26,2.05666
27,2.29227
28,3.13307
29,0
30,0
31,0
32,0
33,0
34,0
35,2.55248
36,2.44116
37,0
38,2.40184
39,2.65967
40,0
41,0
42,2.71535
43,2.10555
44,2.34731
45,2.43076
46,2.5083
47,2.2779
48,2.77384
49,0
50,2.28104
51,2.55849
52,3.15665
53,2.25307
54,2.57133
55,0
56,2.40073
57,2.59461
58,0
59,2.58998
60,2.13928
61,2.61377
62,0
63,0
64,1.88773
65,0
66,0
67,2.46912
68,2.40009
69,3.01235
70,2.14612
71,2.61891
72,0
73,0
74,2.09533
75,0
76,2.45434
77,3.24775
78,2.77365
79,0
80,0
81,2.18221
82,2.58989
83,0
84,3.09259
85,2.1325
86,2.57584
87,3.02426
88,0
89,0
90,0
91,2.41387
92,2.17049
93,0
94,0
95,3.04789
96,2.84801
97,2.67437
98,2.63353
99,2.30934
100,0
101,0
102,2.72522
103,2.19582
104,2.22423
105,2.05716
106,20.046
107,0
108,19.3987
109,19.6661
110,20.2544
111,0
112,20.5199
113,0
114,20.0417
115,19.4694
116,19.2927
117,20.0327
118,19.4077
119,19.618
120,19.6492
121,19.4002
122,19.1857
123,20.2948
124,19.8105
125,19.2159
126,19.7413
127,0
128,19.8903
129,19.7848
130,19.7677
131,19.6184
132,0
133,0
134,20.1177
135,0
136,19.7387
137,0
138,0
139,19.6096
140,19.8662
141,19.7506
142,19.9667
143,19.6924
144,0
145,19.2608
146,0
147,20.0801
148,19.6445
149,0
150,19.9058
151,0
152,0
153,19.4667
154,19.4988
155,0
156,0
157,19.8252
158,0
159,0
160,0
161,19.5937
162,19.9139
163,19.9083
164,20.0096
165,20.215
166,0
167,19.9135
168,19.4663
169,0
170,0
171,19.7705
172,0
173,20.0154
174,19.51
175,19.5483
176,19.1508
177,19.784
178,0
179,0
180,19.7259
181,19.409
182,20.1673
183,20.1923
184,19.2226
185,0
186,0
187,19.8401
188,20.0662
189,19.8421
190,0
191,19.9411
192,20.1139
193,0
194,0
195,20.2719
196,19.9562
197,20.0721
198,19.6095
199,0
200,19.4365
201,19.6401
202,0
203,19.5778
204,20.4168
205,19.6514
206,19.5719
207,19.4889
208,20.0152
209,20.2819
210,19.7786
211,20.1761
212,19.3358
213,19.5281
214,19.2142
215,19.6545
216,19.5946
217,19.9817
218,19.497
219,19.6069
220,0
221,19.7935
222,20.0082
223,20.1202
224,20.0572
225,19.5414
226,19.4391
227,19.5909
228,19.5512
229,19.7952
230,19.8025
231,20.0619
232,19.9373
233,19.9833
234,19.8899
235,20.6706
236,19.8657
237,19.4851
238,20.254
239,19.4236
240,20.0925
241,19.5325
242,19.5873
243,19.8717
244,0
245,20.4559
246,19.6874
247,19.5987
248,20.1853
249,19.7572
250,19.4794
251,19.6284
252,19.3717
253,20.1116
254,19.9284
255,19.2655
256,19.4006
257,20.225
258,19.6303
259,20.1742
260,19.4983
261,20.6901
262,0
263,20.1854
264,19.6368
265,19.607
266,19.249
267,19.9942
268,19.4777
269,0
270,19.9974
271,20.5255
272,20.2669
273,19.6485
274,19.8377
275,19.6026
276,19.9875
277,19.7138
278,0
279,19.7045
280,19.5325
281,19.7441
282,19.4241
283,19.7611
284,20.0883
285,20.229
286,19.9024
287,0
288,19.3454
289,19.2071
290,19.6225
291,19.4374
292,0
293,19.6204
294,0
295,19.9471
296,20.0103
297,19.7906
298,19.8583
299,19.9821
300,19.8935
301,19.8426
302,19.519
303,19.7719
304,19.8673
305,19.717
306,0
307,19.7889
308,20.3086
309,20.0677
310,0
311,19.7224
312,20.1325
313,19.5833
314,19.2886
315,19.9159
316,19.5999
317,20.4148
318,19.7241
319,19.1218
320,19.3242
321,19.9258
322,19.1791
323,0
324,0
325,19.9577
326,19.3645
327,20.3248
328,19.9204
329,19.776
330,19.3579
331,19.6992
332,0
333,0
334,20.0142
335,19.9092
336,19.5348
337,19.9123
338,20.2091
339,20.308
340,19.9975
341,20.0206
342,19.792
343,19.3723
344,20.234
345,19.8362
346,19.9307
347,19.7933
348,19.8185
349,19.7908
350,19.8678
351,0
352,19.6183
353,19.5546
354,19.7617
355,20.5052
356,19.6474
357,19.3459
358,20.1124
359,19.6576
360,20.0707
361,20.3007
362,19.6964
363,20.1591
364,20.007
365,19.4727
366,0
367,19.839
368,19.7286
369,20.3804
370,20.1074
371,19.6013
372,19.67
373,19.6178
374,19.4189
375,19.285
376,19.6386
377,19.6354
378,20.2743
379,19.6804
380,20.0161
381,20.4834
382,19.6424
383,19.4406
384,19.9846
385,19.0008
386,19.4824
387,20.0572
388,19.652
389,19.7603
390,0
391,19.9714
392,19.693
393,19.5289
394,19.4537
395,0
396,19.7556
397,19.6543
398,19.6477
399,19.563
400,19.6761
401,19.9867
402,20.002
403,18.8273
404,19.6604
405,19.5912
406,20.1101
407,20.0208
408,19.2317
409,20.2334
410,20.0697
411,19.4467
412,0
413,19.57
414,18.794
415,20.1735
416,19.7925
417,19.6399
418,19.9857
419,20.4822
420,0
421,0
422,19.8705
423,19.5129
424,19.9059
425,20.2287
426,20.0361
427,19.9024
428,19.7821
429,19.8126
430,19.7228
431,19.3594
432,19.9297
433,19.7196
434,20.0052
435,20.1986
436,0
437,19.1556
438,19.5195
439,19.1772
440,19.6951
441,19.5483
442,20.6331
443,19.5386
444,19.6871
445,20.1243
446,18.7629
447,20.3665
448,20.4784
449,19.4828
450,19.8474
451,19.6253
452,19.7858
453,19.3448
454,19.6019
455,20.0669
456,19.037
457,19.299
458,19.8808
459,20.1706
460,19.8687
461,20.1748
462,19.5278
463,0
464,19.6091
465,19.9031
466,20.1839
467,0
468,19.3096
469,19.2569
470,19.9374
471,0
472,20.273
473,19.8075
474,19.8875
475,0
476,20.3227
477,20.0891
478,19.8059
479,20.0769
480,19.7525
481,19.5871
482,19.9489
483,19.9144
484,20.0601
485,19.5512
486,0
487,19.6939
488,19.8157
489,19.1907
490,19.3569
491,19.6907
492,19.6207
493,19.005
494,19.3966
495,19.7431
496,19.4326
497,19.9623
498,19.8836
499,19.7605
500,20.5681
501,19.6617
502,20.0438
503,19.7681
504,19.2952
505,20.1225
506,19.5776
507,19.6242
508,19.7897
509,19.6388
510,19.3205
511,19.7014
512,19.1913
513,19.6395
514,20.1415
515,19.8498
516,20.1883
517,19.5296
518,19.4311
519,20.0755
520,20.4591
521,19.4652
522,19.6983
523,20.2102
524,19.0867
525,19.7491
526,20.2
527,20.0784
528,19.4792
529,0
530,19.8483
531,19.9783
532,20.3669
533,19.9111
534,20.0346
535,19.8846
536,19.4894
537,19.3003
538,0
539,19.5821
540,19.8166
541,20.0385
542,0
543,20.3375
544,0
545,19.4167
546,0
547,20.0606
548,0
549,0
550,19.3303
551,19.9655
552,20.1265
553,19.6242
554,20.1702
555,19.5829
556,20.0657
557,19.9606
558,19.8053
559,20.1098
560,19.7724
561,19.399
562,19.3779
563,19.7836
564,19.3247
565,19.736
566,19.9364
567,19.7801
568,19.2708
569,19.5638
570,20.4313
571,19.9453
572,19.5561
573,19.5418
574,19.4804
575,19.2016
576,19.5837
577,19.5884
578,19.6786
579,19.2875
580,19.3811
581,19.3452
582,19.6951
583,19.2515
584,19.4345
585,20.273
586,19.7134
587,20.0046
588,20.4924
589,19.8468
590,19.4206
591,20.1259
592,20.1517
593,0
594,19.0723
595,19.6267
596,0
597,20.2205
598,20.1544
599,19.1708
600,0
601,19.5495
602,20.5591
603,0
604,19.3284
605,21.0038
606,19.8543
607,0
608,19.7016
609,20.115
610,20.1653
611,19.467
612,19.6491
613,20.3728
614,20.078
615,19.7236
616,19.6526
617,20.1277
618,0
619,19.4201
620,0
621,20.0755
622,19.6966
623,19.7339
624,20.0867
625,20.2205
626,0
627,20.1626
628,19.6477
629,19.9643
630,20.2376
631,19.6093
632,0
633,19.6311
634,20.3364
635,0
636,19.5935
637,19.6188
638,20.3049
639,19.7593
640,19.9678
641,20.8769
642,19.808
643,20.0369
644,19.9573
645,20.3182
646,19.2652
647,0
648,19.5028
649,20.3728
650,19.7506
651,20.4773
652,19.8442
653,20.1015
654,20.2133
655,19.5631
656,0
657,19.5617
658,0
659,19.8618
660,19.5044
661,19.4042
662,20.3096
663,19.8828
664,20.2643
665,19.9107
666,20.3659
667,19.4303
668,19.7381
669,20.0169
670,19.5933
671,19.6206
672,19.0443
673,19.7948
674,19.5485
675,20.103
676,19.3578
677,19.8695
678,20.2247
679,20.0923
680,19.9416
681,19.8486
682,19.566
683,20.2421
684,19.6873
685,20.1544
686,19.8329
687,20.0734
688,19.8133
689,0
690,0
691,20.1028
692,19.6305
693,19.4404
694,19.699
695,19.7678
696,20.0243
697,0
698,20.3099
699,20.2636
700,0
701,19.9628
702,19.9487
703,19.2895
704,20.3938
705,19.6218
706,19.9144
707,19.6519
708,19.5242
709,19.3977
710,19.9451
711,19.6857
712,19.6416
713,19.4105
714,19.0046
715,19.3894
716,19.2106
717,19.602
718,19.379
719,19.6567
720,0
721,19.8375
722,20.4864
723,19.9029
724,19.1906
725,20.1135
726,19.9518
727,0
728,20.2262
729,19.7443
730,0
731,20.4346
732,0
733,20.3023
734,20.5257
735,19.8745
736,19.5725
737,19.8089
738,19.017
739,20.4595
740,19.2556
741,20.2343
742,19.6384
743,19.4154
744,19.5461
745,19.472
746,19.6429
747,19.7413
748,19.982
749,20.0668
750,19.5599
751,20.0471
752,19.9041
753,0
754,20.1207
755,0
756,20.2853
757,20.1616
758,18.9003
759,19.2905
760,20.0239
761,19.85
762,19.6412
763,19.7929
764,0
765,19.8605
766,20.405
767,19.2931
768,19.8668
769,19.9571
770,19.6939
771,19.5641
772,19.7192
773,19.1143
774,19.6654
775,19.654
776,19.898
777,20.0859
778,0
779,0
780,19.8556
781,19.0769
782,20.0748
783,20.2586
784,19.6816
785,19.7737
786,19.4572
787,19.4629
788,20.2687
789,19.7433
790,19.656
791,20.1607
792,20.0587
793,19.8015
794,20.3102
795,19.6278
796,20.0819
797,20.0355
798,19.6032
799,19.7693
800,19.8627
801,19.6496
802,0
803,20.3542
804,19.7108
805,19.7625
806,0
807,19.9132
808,0
809,0
810,0
811,19.372
812,20.0342
813,19.4815
814,19.7044
815,0
816,19.8818
817,19.831
818,19.3544
819,19.6862
820,19.4657
821,19.8
822,20.4113
823,19.6613
824,19.9835
825,19.7947
826,19.8372
827,20.035
828,19.7815
829,20.0771
830,19.711
831,19.6634
832,20.2133
833,19.0332
834,20.1018
835,19.5245
836,19.8888
837,20.0875
838,19.5394
839,19.7874
840,19.3166
841,19.408
842,19.6803
843,19.7839
844,19.5894
845,19.4282
846,19.6614
847,19.9325
848,19.2853
849,19.6909
850,20.6185
851,19.4065
852,19.7342
853,19.4232
854,19.8329
855,19.5838
856,19.2031
857,20.1699
858,19.3192
859,19.3975
860,20.2698
861,19.2162
862,20.4608
863,19.6366
864,19.4124
865,19.7436
866,19.7908
867,19.568
868,19.8556
869,19.6441
870,20.6737
871,19.3171
872,19.8709
873,20.7502
874,19.3577
875,19.8376
876,19.2829
877,19.7254
878,19.7173
879,19.7669
880,19.7991
881,19.6693
882,19.0335
883,19.8025
884,20.0932
885,19.1506
886,19.8681
887,19.9308
888,19.5685
889,19.7764
890,19.2254
891,19.7248
892,20.0682
893,20.0013
894,19.9339
895,19.6806
896,19.8337
897,20.0795
898,19.235
899,19.7616
900,19.8338
901,19.2248
902,19.6858
903,0
904,20.0581
905,19.6805
906,20.2633
907,20.4094
908,19.9643
909,19.7546
910,19.9335
911,19.6148
912,0
913,0
914,19.3257
915,19.5767
916,19.3592
917,19.4078
918,19.2988
919,19.5522
920,19.9469
921,20.2681
922,20.0167
923,19.9305
924,0
925,19.6777
926,19.6715
927,19.225
928,0
929,19.7859
930,19.6317
931,20.0767
932,20.3593
933,19.3898
934,0
935,19.3577
936,19.1324
937,19.7785
938,19.5193
939,20.4097
940,19.5399
941,19.7608
942,19.3921
943,20.4561
944,19.7181
945,20.1046
946,20.2926
947,19.9168
948,19.6537
949,19.5635
950,19.3753
951,19.9391
952,19.7051
953,19.3732
954,0
955,19.0299
956,19.6633
957,19.7948
958,19.7095
959,19.4947
960,20.3063
961,0
962,19.3816
963,0
964,19.4064
965,20.0464
966,19.0861
967,19.5891
968,19.8762
969,19.5933
970,19.4562
971,19.6268
972,19.537
973,19.9935
974,19.2839
975,19.2588
976,19.6447
977,0
978,19.8837
979,20.3921
980,19.5759
981,19.8698
982,19.5582
983,19.8043
984,19.9645
985,19.7226
986,0
987,20.008
988,19.8443
989,19.8956
990,0
991,19.6563
992,19.6129
993,19.499
994,0
995,19.7416
996,20.0108
997,20.0095
998,20.3476
999,20.0318
1000,20.2215
1001,19.7378
1002,19.3916
1003,20.3999
1004,19.6705
1005,19.8508
1006,19.5097
1007,20.1461
1008,0
1009,0
1010,20.091
1011,19.6934
1012,19.8878
1013,20.07
1014,20.4334
1015,20.0853
1016,19.6495
1017,19.7952
1018,19.8236
1019,19.7453
1020,19.9883
1021,19.3174
1022,19.9141
1023,19.2915
1024,20.28
1025,0
1026,0
1027,19.6131
1028,20.1279
1029,19.7038
1030,19.7285
1031,20.1323
1032,20.5023
1033,0
1034,19.5882
1035,19.9851
1036,19.3912
1037,20.1963
1038,20.0486
1039,19.5709
1040,19.38
1041,19.8312
1042,20.2292
1043,0
1044,19.836
1045,19.9169
1046,20.4112
1047,19.8438
1048,19.3866
1049,19.5343
1050,19.6436
1051,19.589
1052,20.1952
1053,20.1061
1054,19.5885
1055,20.06
1056,0
1057,19.4492
1058,19.5903
1059,19.2533
1060,19.5244
1061,19.8641
1062,20.0916
1063,20.0155
1064,20.3316
1065,19.602
1066,19.8203
1067,19.9189
1068,19.5766
1069,19.9734
1070,19.7371
1071,19.7945
1072,0
1073,19.744
1074,0
1075,19.6503
1076,19.952
1077,20.3775
1078,20.0687
1079,0
1080,20.621
1081,19.4608
1082,19.7636
1083,19.6023
1084,19.6329
1085,19.923
1086,20.0747
1087,19.5489
1088,20.0517
1089,0
1090,19.215
1091,20.0899
1092,19.512
1093,19.3305
1094,0
1095,20.1157
1096,0
1097,19.3747
1098,19.5792
1099,19.9194
1100,19.6519
1101,19.6926
1102,19.6246
1103,19.3117
1104,19.932
1105,19.7644
1106,19.948
1107,19.876
1108,19.884
1109,19.7716
1110,0
1111,19.8666
1112,19.3884
1113,19.3617
1114,20.3915
1115,19.7994
1116,20.7517
1117,19.5399
1118,19.2912
1119,20.0271
1120,20.2166
1121,19.9908
1122,19.5428
1123,19.3799
1124,19.6802
1125,20.2745
1126,19.9862
1127,20.1862
1128,19.6732
1129,19.9807
1130,0
1131,20.4649
1132,19.5612
1133,20.0045
1134,20.0758
1135,0
1136,19.7917
1137,19.5256
1138,19.5454
1139,19.5999
1140,19.5961
1141,19.2651
1142,19.7386
1143,19.7772
1144,19.6236
1145,20.324
1146,0
1147,20.0144
1148,19.7162
1149,20.0823
1150,19.7849
1151,19.7331
1152,20.129
1153,19.3735
1154,19.6345
1155,19.4627
1156,19.3813
1157,20.1597
1158,19.7457
1159,0
1160,20.2775
1161,19.6693
1162,19.0713
1163,19.5632
1164,19.7492
1165,0
1166,19.5967
1167,19.565
1168,19.6347
1169,0
1170,0
1171,19.5325
1172,19.4668
1173,20.3
1174,0
1175,19.7257
1176,19.5685
1177,19.5483
1178,19.6602
1179,19.2317
1180,19.9433
1181,19.5414
1182,19.8363
1183,19.6016
1184,19.3093
1185,19.5376
1186,0
1187,19.532
1188,19.6328
1189,19.6948
1190,19.8351
1191,19.3977
1192,20.3793
1193,19.3854
1194,19.7042
1195,19.334
1196,19.61
1197,19.9127
1198,19.4597
1199,19.8656
1200,20.1941
1201,20.0817
1202,19.7618
1203,19.6964
1204,19.3576
1205,19.808
1206,20.2606
1207,20.108
1208,19.597
1209,20.1229
1210,19.8801
1211,19.9271
1212,19.5802
1213,20.0623
1214,20.3354
1215,19.2613
1216,0
1217,0
1218,19.5257
1219,19.566
1220,20.266
1221,19.8748
1222,19.7922
1223,19.596
1224,19.7054
1225,20.1102
1226,0
1227,20.0593
1228,19.6416
1229,0
1230,19.9711
1231,20.4188
1232,19.5704
1233,20.374
1234,20.1535
1235,20.4098
1236,19.413
1237,0
1238,19.9644
1239,20.055
1240,19.2872
1241,0
1242,19.8251
1243,19.5841
1244,0
1245,0
1246,0
1247,19.8458
1248,19.8008
1249,19.9299
1250,19.9279
1251,0
1252,19.7444
1253,19.518
1254,20.1546
1255,19.6262
1256,0
1257,19.6094
1258,19.6701
1259,19.9084
1260,19.4824
1261,19.4109
1262,19.7101
1263,19.9406
1264,20.2184
1265,19.737
1266,19.5998
1267,19.318
1268,19.757
1269,19.5951
1270,19.477
1271,20.0486
1272,20.0539
1273,20.0418
1274,20.0793
1275,19.5781
1276,19.6263
1277,19.2389
1278,19.466
1279,19.5538
1280,20.4017
1281,19.6623
1282,20.4671
1283,19.8883
1284,19.4758
1285,19.2832
1286,19.8739
1287,20.0656
1288,19.6393
1289,19.5173
1290,19.5248
1291,20.3236
1292,20.1024
1293,0
1294,19.8228
1295,0
1296,19.859
1297,19.2737
1298,19.7669
1299,19.4962
1300,19.6737
1301,0
1302,19.4246
1303,19.5879
1304,20.1355
1305,19.3634
1306,20.4919
1307,19.9709
1308,19.6664
1309,19.7115
1310,20.333
1311,19.3391
1312,19.6647
1313,19.7252
1314,19.5514
1315,20.0969
1316,20.2349
1317,19.5959
1318,19.9704
1319,19.609
1320,19.4926
1321,19.9995
1322,19.619
1323,19.9978
1324,19.2946
1325,19.3847
1326,19.6962
1327,19.5011
1328,20.2888
1329,19.9177
1330,19.6544
1331,20.1371
1332,19.3424
1333,19.9937
1334,20.5349
1335,20.0526
1336,19.696
1337,0
1338,19.8786
1339,19.4523
1340,19.9101
1341,19.1953
1342,19.4399
1343,19.3478
1344,0
1345,19.6055
1346,19.8296
1347,19.8844
1348,0
1349,0
1350,20.1636
1351,19.678
1352,0
1353,19.8677
1354,19.8132
1355,0
1356,0
1357,19.897
1358,19.2682
1359,0
1360,19.5153
1361,19.9231
1362,20.3113
1363,19.5477
1364,0
1365,19.7521
1366,19.6643
1367,19.5922
1368,19.6713
1369,19.9739
1370,20.042
1371,19.755
1372,19.3999
1373,0
1374,0
1375,19.7533
1376,19.119
1377,20.0384
1378,20.3181
1379,0
1380,19.6728
1381,20.0497
1382,20.6469
1383,19.8735
1384,0
1385,19.2147
1386,19.9009
1387,19.5614
1388,19.9514
1389,19.5939
1390,19.4132
1391,19.4085
1392,19.2857
1393,19.4451
1394,20.183
1395,19.5468
1396,19.7181
1397,19.2695
1398,19.5064
1399,20.2109
1400,19.7315
1401,19.6688
1402,0
1403,19.8868
1404,19.4946
1405,0
1406,19.7082
1407,0
1408,0
1409,19.9804
1410,20.082
1411,19.3367
1412,20.2214
1413,19.7468
1414,19.7428
1415,0
1416,20.0127
1417,20.1563
1418,19.8093
1419,0
1420,20.5542
1421,19.717
1422,19.295
1423,19.8958
1424,19.3788
1425,20.1839
1426,20.7723
1427,19.5103
1428,0
1429,0
1430,0
1431,19.7113
1432,20.1283
1433,0
1434,20.0954
1435,19.7573
1436,0
1437,19.7533
1438,19.6445
1439,20.4374
1440,20.3206
1441,19.8446
1442,0
1443,19.6774
1444,19.8479
1445,19.6185
1446,19.3245
1447,0
1448,19.433
1449,20.0398
1450,0
1451,19.5449
1452,0
1453,19.116
1454,20.0148
1455,19.6683
1456,19.1031
1457,19.96
1458,19.8404
1459,0
1460,20.0963
1461,19.8619
1462,20.493
1463,0
1464,19.928
1465,19.4892
1466,20.1375
1467,19.0306
1468,19.5101
1469,19.3762
1470,20.1304
1471,19.8193
1472,19.3683
1473,20.0488
1474,19.9339
1475,19.5837
1476,0
1477,19.6472
1478,19.8869
1479,19.4457
1480,19.5305
1481,19.9077
1482,19.1499
1483,19.5291
1484,19.7379
1485,19.8456
1486,19.5064
1487,19.7007
1488,19.3519
1489,19.3107
1490,0
1491,20.0621
1492,19.3656
1493,0
1494,19.8581
1495,19.5909
1496,0
1497,20.1239
1498,19.9683
1499,20.0051
1500,19.9673
1501,0
1502,19.6306
1503,19.756
1504,19.4437
1505,20.5163
1506,0
1507,19.854
1508,20.0984
1509,19.7796
1510,19.121
1511,19.7138
1512,19.864
1513,19.2722
1514,19.9168
1515,19.674
1516,0
1517,20.4207
1518,0
1519,19.4027
1520,19.5364
1521,0
1522,19.9036
1523,19.813
1524,19.723
1525,19.7094
1526,19.5339
1527,19.4015
1528,19.3792
1529,19.9469
1530,19.5761
1531,19.8644
1532,19.2862
1533,19.7516
1534,20.0639
1535,19.0007
1536,20.0737
1537,19.5336
1538,0
1539,18.9939
1540,20.1474
1541,20.0567
1542,19.3654
1543,0
1544,20.0757
1545,19.5584
1546,19.6888
1547,19.5454
1548,0
1549,20.1424
1550,19.4624
1551,0
1552,0
1553,19.3755
1554,19.8387
1555,19.7954
1556,19.5765
1557,0
1558,19.7079
1559,0
1560,20.6773
1561,19.6884
1562,19.2293
1563,20.1735
1564,19.8789
1565,19.5398
1566,19.9556
1567,19.6933
1568,19.4014
1569,20.357
1570,19.8731
1571,19.301
1572,19.9831
1573,19.987
1574,19.9158
1575,19.9888
1576,19.6727
1577,20.2999
1578,19.4083
1579,19.5792
1580,0
1581,19.8419
1582,19.5003
1583,19.7103
1584,20.4765
1585,20.1332
1586,19.6371
1587,19.8196
1588,19.8029
1589,20.1707
1590,0
1591,18.9258
1592,0
1593,19.176
1594,20.3711
1595,20.2405
1596,19.8343
1597,19.7479
1598,19.7684
1599,19.5883
1600,20.117
1601,0
1602,19.5886
1603,0
1604,20.3609
1605,19.8848
1606,19.5275
1607,0
1608,19.8917
1609,20.1267
1610,0
1611,19.6849
1612,19.699
1613,19.7615
1614,19.2584
1615,19.8675
1616,19.9052
1617,20.118
1618,19.2386
1619,20.0979
1620,19.7552
1621,0
1622,19.9596
1623,0
1624,20.0456
1625,19.3128
1626,20.133
1627,19.7753
1628,20.0877
1629,20.0944
1630,19.8645
1631,19.4816
1632,20.2917
1633,20.1448
1634,19.6298
1635,19.9355
1636,20.0131
1637,19.6376
1638,19.5975
1639,20.384
1640,19.5491
1641,20.1722
1642,19.5531
1643,19.7512
1644,19.6253
1645,19.6885
1646,19.5425
1647,19.8997
1648,19.9872
1649,19.6333
1650,0
1651,19.3979
1652,20.1404
1653,19.9542
1654,0
1655,19.4515
1656,19.8904
1657,19.6299
1658,20.0332
1659,19.7292
1660,19.4221
1661,19.9725
1662,19.843
1663,19.7471
1664,19.8495
1665,0
1666,0
1667,19.5985
1668,0
1669,19.8857
1670,19.8139
1671,19.5389
1672,0
1673,0
1674,19.7958
1675,0
1676,19.6945
1677,19.0887
1678,19.9047
1679,20.3181
1680,19.5975
1681,20.0981
1682,0
1683,19.9828
1684,0
1685,0
1686,19.7466
1687,0
1688,0
1689,19.566
1690,19.6296
1691,19.3857
1692,19.6688
1693,20.1549
1694,19.4871
1695,0
1696,19.2621
1697,19.7851
1698,19.7358
1699,19.2074
1700,19.2438
1701,0
1702,19.7789
1703,19.9711
1704,0
1705,20.1091
1706,0
1707,0
1708,19.4737
1709,20.1537
1710,0
1711,0
1712,19.2112
1713,19.9271
1714,0
1715,19.946
1716,20.1043
1717,19.7973
1718,0
1719,19.5776
1720,20.0855
1721,19.6471
1722,0
1723,19.8274
1724,19.5717
1725,19.4499
1726,0
1727,19.8223
1728,20.2354
1729,19.9124
1730,19.039
1731,19.9018
1732,20.4983
1733,19.6619
1734,0
1735,20.3135
1736,20.2673
1737,20.2715
1738,19.7683
1739,19.7089
1740,19.7491
1741,19.1586
1742,0
1743,20.325
1744,20.0693
1745,19.4497
1746,20.1018
1747,19.9323
1748,19.6979
1749,19.8384
1750,0
1751,20.4066
1752,0
1753,20.2181
1754,19.8481
1755,0
1756,0
1757,19.7832
1758,19.9117
1759,19.646
1760,20.2296
1761,0
1762,20.3021
1763,19.8269
1764,0
1765,19.4219
1766,19.7525
1767,18.9098
1768,19.5268
1769,19.7865
1770,19.8317
1771,20.1696
1772,19.6495
1773,19.9918
1774,19.5819
1775,20.2658
1776,19.5347
1777,19.826
1778,20.4242
1779,19.2985
1780,19.993
1781,0
1782,19.666
1783,19.227
1784,0
1785,20.5424
1786,19.3153
1787,20.3113
1788,20.0246
1789,19.7523
1790,19.8235
1791,20.6443
1792,19.8322
1793,0
1794,19.9532
1795,19.3017
1796,20.1553
1797,20.1537
1798,19.5721
1799,19.7231
1800,19.2746
1801,19.6432
1802,20.1541
1803,19.7241
1804,19.4364
1805,0
1806,19.6479
1807,0
1808,19.3335
1809,19.8349
1810,19.5976
1811,0
1812,19.3251
1813,18.9128
1814,20.038
1815,0
1816,19.0523
1817,19.7553
1818,0
1819,19.6992
1820,19.4826
1821,20.2241
1822,19.5627
1823,20.0019
1824,19.9951
1825,19.5919
1826,19.5477
1827,19.9174
1828,19.8647
1829,18.8503
1830,19.7562
1831,20.2851
1832,20.0351
1833,19.7463
1834,19.2711
1835,19.4641
1836,19.7183
1837,19.6774
1838,19.5864
1839,19.4661
1840,19.3687
1841,0
1842,19.5403
1843,19.4701
1844,19.6194
1845,20.396
1846,0
1847,19.8435
1848,0
1849,0
1850,0
1851,20.0668
1852,19.8498
1853,19.7379
1854,19.564
1855,19.8767
1856,19.8854
1857,20.0358
1858,19.7805
1859,19.8869
1860,0
1861,0
1862,19.8591
1863,20.1887
1864,19.4596
1865,20.0909
1866,20.057
1867,19.8129
1868,19.6663
1869,19.9077
1870,20.0236
1871,19.6567
1872,19.029
1873,19.9848
1874,20.5607
1875,20.343
1876,19.5968
1877,19.7496
1878,20.1879
1879,19.686
1880,19.1646
1881,20.0828
1882,19.9915
1883,20.0375
1884,19.0875
1885,20.0139
1886,19.6414
1887,20.2403
1888,19.4299
1889,20.1533
1890,19.8323
1891,20.0347
1892,19.9915
1893,19.4926
1894,0
1895,19.7814
1896,0
1897,19.3317
1898,0
1899,19.5703
1900,19.2021
1901,0
1902,19.1238
1903,19.9764
1904,19.812
1905,19.6695
1906,0
1907,19.9076
1908,19.9197
1909,20.0416
1910,19.3198
1911,19.9683
1912,19.4751
1913,0
1914,19.5565
1915,19.3152
1916,19.5385
1917,19.6418
1918,19.2909
1919,0
1920,19.4879
1921,19.6336
1922,20.1275
1923,20.382
1924,20.438
1925,19.6027
1926,19.6944
1927,19.8312
1928,20.154
1929,19.5163
1930,19.3485
1931,20.0317
1932,20.1857
1933,19.6856
1934,20.1249
1935,20.0245
1936,20.3048
1937,19.429
1938,19.777
1939,20.4639
1940,19.3364
1941,19.8486
1942,19.5533
1943,0
1944,19.7455
1945,20.4952
1946,19.017
1947,19.6419
1948,19.1482
1949,19.3896
1950,19.2834
1951,20.1406
1952,19.4834
1953,19.7211
1954,0
1955,19.4449
1956,19.6354
1957,20.3304
1958,19.5985
1959,0
1960,20.1238
1961,20.2207
1962,19.9663
1963,20.1699
1964,19.9435
1965,19.8973
1966,19.8295
1967,19.992
1968,19.7622
1969,19.9409
1970,0
1971,19.6937
1972,19.2257
1973,19.5606
1974,20.3641
1975,19.6414
1976,20.5179
1977,19.6759
1978,19.4208
1979,0
1980,0
1981,19.2925
1982,20.3795
1983,20.4327
1984,20.3292
1985,19.9535
1986,19.7487
1987,19.7169
1988,19.727
1989,20.2307
1990,0
1991,0
1992,20.0031
1993,19.9428
1994,18.8518
1995,19.7709
1996,19.8724
1997,19.4246
1998,19.7166
1999,0
2000,19.3671
2001,19.8793
2002,19.7536
2003,19.2021
2004,19.4305
2005,20.0893
2006,19.5639
2007,19.2704
2008,19.4828
2009,19.6012
2010,19.9171
2011,20.0072
2012,20.3058
2013,19.5053
2014,19.445
2015,18.9603
2016,19.2773
2017,20.0774
2018,19.5082
2019,19.6192
2020,19.812
2021,20.1168
2022,20.1657
2023,19.4121
2024,20.1646
2025,20.1206
2026,19.8859
2027,19.6718
2028,19.5481
2029,20.0745
2030,19.1045
2031,19.6575
2032,20.1661
2033,19.6066
2034,20.4264
2035,20.0073
2036,20.1539
2037,19.9904
2038,19.506
2039,20.2817
2040,19.7777
2041,19.4075
2042,20.0318
2043,19.7479
2044,19.9926
2045,20.0363
2046,20.3157
2047,19.6341
2048,19.6386
2049,19.905
2050,19.8932
2051,19.2837
2052,20.1098
2053,19.9186
2054,19.5973
2055,20.0187
2056,19.7872
2057,19.8784
2058,19.2534
2059,19.4557
2060,20.1148
2061,18.9305
2062,19.5469
2063,19.7558
2064,20.0197
2065,19.7617
2066,19.1311
2067,19.5022
2068,19.5962
2069,19.7202
2070,19.9065
2071,19.7949
2072,19.1025
2073,19.692
2074,19.8627
2075,19.5835
2076,19.6298
2077,19.8703
2078,19.796
2079,20.2596
2080,19.7881
2081,19.4272
2082,19.433
2083,19.5955
2084,19.3878
2085,19.2259
2086,19.8275
2087,19.8927
2088,19.7667
2089,19.2705
2090,19.4244
2091,20.2386
2092,19.9461
2093,19.3854
2094,20.045
2095,20.0621
2096,19.5231
2097,20.3022
2098,19.6326
2099,19.5796
2100,18.9479
2101,19.7264
2102,20.2608
2103,19.4828
2104,19.7387
2105,20.4753
2106,19.27
2107,19.6769
2108,19.4262
2109,20.2155
2110,19.5489
2111,20.1624
2112,19.5831
2113,19.6558
2114,19.9798
2115,19.95
2116,20.6808
2117,20.0852
2118,19.7299
2119,19.6959
2120,19.6026
2121,19.4226
2122,19.5568
2123,19.4522
2124,18.9806
2125,19.7668
2126,19.1491
2127,19.6639
2128,19.283
2129,19.1313
2130,19.9871
2131,20.035
2132,19.4835
2133,19.6764
2134,19.3903
2135,19.6763
2136,20.3826
2137,19.5367
2138,19.5569
2139,19.2857
2140,19.5999
2141,19.9734
2142,20.2099
2143,19.3244
2144,20.2242
2145,19.4446
2146,19.9253
2147,19.8018
2148,20.3891
2149,19.5906
2150,19.7642
2151,19.8023
2152,19.746
2153,19.3353
2154,19.3769
2155,19.723
2156,19.6737
2157,19.1127
2158,19.6532
2159,20.659
2160,19.9139
2161,19.6879
2162,20.5074
2163,19.7496
2164,20.2171
2165,19.6514
2166,19.8489
2167,19.4598
2168,19.7385
2169,19.6811
2170,20.1209
2171,20.0147
2172,19.7032
2173,19.6869
2174,19.8433
2175,20.4608
2176,20.2228
2177,20.5093
2178,20.0734
2179,19.0416
2180,20.138
2181,19.6376
2182,19.5819
2183,19.451
2184,18.9862
2185,19.6136
2186,19.9643
2187,19.4823
2188,19.677
2189,19.7464
2190,19.9957
2191,19.2711
2192,19.9799
2193,20.0943
2194,19.8045
2195,19.9961
2196,19.6688
2197,19.4352
2198,0
2199,19.6848
2200,19.843
2201,19.588
2202,19.9778
2203,19.8898
2204,19.4184
2205,20.0767
2206,19.7944
2207,19.5998
2208,20.2287
2209,0
2210,19.7504
2211,19.6552
2212,19.4342
2213,19.6276
2214,0
2215,19.6021
2216,19.9235
2217,19.2755
2218,20.3539
2219,19.8325
2220,19.8774
2221,19.3433
2222,19.678
2223,19.8612
2224,19.5972
2225,19.4223
2226,20.2066
2227,0
2228,19.5338
2229,19.4537
2230,20.0411
2231,19.9711
2232,19.6354
2233,20.0585
2234,19.5951
2235,19.3798
2236,19.3698
2237,19.56
2238,19.6995
2239,19.7743
2240,19.2438
2241,0
2242,19.5365
2243,19.6988
2244,19.4755
2245,19.8922
2246,20.4503
2247,19.4101
2248,19.4913
2249,0
2250,19.4823
2251,19.6675
2252,19.2233
2253,19.4965
2254,19.7667
2255,0
2256,19.7255
2257,20.178
2258,19.4683
2259,19.9527
2260,19.5216
2261,19.2368
2262,19.7555
2263,19.6319
2264,19.6674
2265,20.4141
2266,19.4519
2267,0
2268,19.4342
2269,20.0289
2270,19.025
2271,19.457
2272,19.419
2273,19.4142
2274,19.6802
2275,20.1022
2276,0
2277,20.0878
2278,19.528
2279,19.6456
2280,20.1517
2281,19.65
2282,19.5597
2283,18.9586
2284,19.7253
2285,19.5514
2286,20.1771
2287,19.7972
2288,0
2289,20.0578
2290,19.9422
2291,19.3185
2292,19.5912
2293,19.9415
2294,19.729
2295,0
2296,0
2297,19.8844
2298,19.9006
2299,19.5719
2300,0
2301,19.2729
2302,19.5117
2303,19.6693
2304,20.3962
2305,19.7397
2306,19.4319
2307,19.5599
2308,19.8131
2309,20.0663
2310,20.2761
2311,19.6077
2312,20.3969
2313,19.8047
2314,19.828
2315,18.6867
2316,19.857
2317,20.1727
2318,19.4644
2319,19.7692
2320,19.2823
2321,20.2231
2322,20.7382
2323,19.8706
2324,20.2803
2325,19.8788
2326,0
2327,19.5086
2328,20.0989
2329,19.6214
2330,0
2331,0
2332,20.6502
2333,20.5521
2334,19.9847
2335,19.7983
2336,20.6181
2337,19.856
2338,19.8592
2339,0
2340,19.9901
2341,19.422
2342,19.8619
2343,0
2344,19.9056
2345,19.7073
2346,19.9908
2347,19.7085
2348,19.4356
2349,20.0504
2350,20.0206
2351,19.7472
2352,19.5699
2353,19.6155
2354,19.6907
2355,19.5264
2356,19.4874
2357,20.4339
2358,20.0052
2359,19.536
2360,19.3582
2361,19.5799
2362,20.1878
2363,20.4514
2364,20.1182
2365,19.9911
2366,19.0612
2367,0
2368,19.6488
2369,0
2370,20.164
2371,19.6669
2372,20.1435
2373,19.5801
2374,19.679
2375,0
2376,20.182
2377,0
2378,19.3466
2379,20.2207
2380,19.1872
2381,19.7858
2382,19.6921
2383,19.9284
2384,0
2385,19.9795
2386,19.9245
2387,19.7205
2388,19.2979
2389,20.1347
2390,19.3957
2391,19.7678
2392,19.7316
2393,19.8714
2394,20.3629
2395,20.2401
2396,0
2397,19.9809
2398,19.4876
2399,19.4333
2400,18.8164
2401,20.1745
2402,19.5595
2403,19.8371
2404,19.6629
2405,19.4606
2406,19.9125
2407,19.0827
2408,19.4929
2409,0
2410,19.6685
2411,19.653
2412,19.1901
2413,19.4806
2414,19.1146
2415,19.5039
2416,0
2417,19.9636
2418,20.2664
2419,19.631
2420,20.0983
2421,19.4353
2422,19.7976
2423,19.8307
2424,19.5305
2425,20.2325
2426,20.2602
2427,19.2572
2428,19.7739
2429,19.2013
2430,0
2431,19.3738
2432,0
2433,19.8944
2434,0
2435,0
2436,20.1328
2437,19.6492
2438,19.795
2439,19.5531
2440,19.4609
2441,19.5098
2442,19.85
2443,19.9377
2444,20.0853
2445,20.16
2446,19.4786
2447,19.7369
2448,19.6146
2449,19.3959
2450,19.315
2451,19.4894
2452,0
2453,19.6907
2454,18.8847
2455,19.7788
2456,19.7991
2457,19.6829
2458,20.4349
2459,19.8115
2460,0
2461,19.951
2462,19.939
2463,20.1397
2464,19.7263
2465,20.0444
2466,19.6624
2467,19.8611
2468,19.9197
2469,19.9709
2470,19.5896
2471,0
2472,20.158
2473,19.4753
2474,20.1403
2475,20.1164
2476,19.5615
2477,20.0786
2478,18.8437
2479,20.0157
2480,19.3735
2481,19.8521
2482,19.514
2483,19.2093
2484,19.6572
2485,20.3264
2486,20.1124
2487,20.2855
2488,20.1953
2489,19.4755
2490,20.1218
2491,0
2492,20.4328
2493,19.7021
2494,20.7603
2495,19.5905
2496,0
2497,19.8936
2498,19.7643
2499,20.0154
2500,19.7981
2501,19.4928
2502,19.9455
2503,19.8157
2504,19.917
2505,0
2506,19.0226
2507,19.2778
2508,19.853
2509,20.2896
2510,0
2511,19.5257
2512,20.2806
2513,19.7393
2514,20.3334
2515,0
2516,20.2042
2517,0
2518,19.8979
2519,0
2520,19.401
2521,19.5903
2522,19.9516
2523,20.0878
2524,0
2525,19.9838
2526,19.8569
2527,20.2458
2528,19.8701
2529,19.6847
2530,19.9491
2531,19.6161
2532,20.3561
2533,19.5526
2534,19.4881
2535,0
2536,20.3049
2537,19.623
2538,19.6718
2539,19.5709
2540,19.5152
2541,19.5922
2542,0
2543,20.3622
2544,19.9257
2545,19.9261
2546,20.152
2547,19.6175
2548,19.4867
2549,20.5653
2550,19.5288
2551,19.0018
2552,18.9151
2553,20.0016
2554,20.0328
2555,19.4452
2556,0
2557,20.0496
2558,20.1119
2559,19.0542
2560,0
2561,19.9386
2562,20.0605
2563,19.5649
2564,0
2565,19.4112
2566,19.9023
2567,19.7614
2568,20.2601
2569,20.3197
2570,19.3766
2571,19.5261
2572,19.1987
2573,19.5489
2574,19.6894
2575,0
2576,0
2577,19.8208
2578,19.6729
2579,19.7993
2580,19.7823
2581,19.6956
2582,19.4155
2583,19.6655
2584,19.821
2585,19.7542
2586,19.3602
2587,20.3266
2588,19.7139
2589,19.7989
2590,19.8012
2591,19.6064
2592,19.9671
2593,19.7168
2594,20.5202
2595,19.0225
2596,19.4601
2597,0
2598,19.0702
2599,20.0515
2600,19.4176
2601,19.7088
2602,19.7237
2603,19.528
2604,20.1062
2605,20.4141
2606,19.584
2607,20.0657
2608,20.2509
2609,19.7261
2610,19.8322
2611,20.2745
2612,20.1244
2613,19.8069
2614,0
2615,19.1656
2616,0
2617,19.4256
2618,19.806
2619,19.0218
2620,19.5638
2621,19.6633
2622,19.6263
2623,0
2624,0
2625,19.8234
2626,20.2065
2627,19.5347
2628,0
2629,19.23
2630,19.3724
2631,19.8916
2632,19.9606
2633,19.8427
2634,0
2635,19.5278
2636,19.8379
2637,19.9111
2638,19.8825
2639,19.9319
2640,19.6348
2641,19.5002
2642,19.5594
2643,19.7724
2644,19.4104
2645,19.8859
2646,19.8796
2647,19.4511
2648,0
2649,0
2650,19.5565
2651,19.5991
2652,20.162
2653,19.986
2654,19.9255
2655,20.2305
2656,20.1696
2657,19.9227
2658,20.1239
2659,19.3486
2660,20.366
2661,19.9654
2662,19.8211
2663,20.0471
2664,19.5966
2665,20.0656
2666,19.7397
2667,20.0422
2668,19.7718
2669,19.0131
2670,19.8582
2671,19.746
2672,19.8208
2673,0
2674,19.5834
2675,0
2676,19.6024
2677,18.5521
2678,20.1319
2679,19.4643
2680,0
2681,20.4001
2682,0
2683,20.6822
2684,19.8418
2685,19.8425
2686,19.8906
2687,0
2688,0
2689,20.0383
2690,19.0043
2691,19.5928
2692,0
2693,19.4245
2694,0
2695,19.9391
2696,19.4423
2697,19.8355
2698,19.7704
2699,19.8981
2700,19.8584
2701,0
2702,19.7132
2703,19.7612
2704,19.2884
2705,19.5184
2706,0
2707,19.2704
2708,0
2709,19.0219
2710,20.034
2711,20.0142
2712,19.4787
2713,0
2714,19.9626
2715,19.7131
2716,19.304
2717,19.0153
2718,19.906
2719,19.6543
2720,0
2721,19.4407
2722,19.9216
2723,19.6226
2724,0
2725,19.9278
2726,19.7445
2727,0
2728,19.1426
2729,19.5318
2730,0
2731,19.8238
2732,19.8081
2733,19.9199
2734,19.1321
2735,19.8491
2736,20.076
2737,19.5391
2738,19.4316
2739,19.9418
2740,19.5714
2741,19.8733
2742,19.9805
2743,19.6147
2744,19.8667
2745,0
2746,19.7023
2747,20.006
2748,19.1917
2749,20.6469
2750,20.8351
2751,19.9954
2752,0
2753,20.0588
2754,20.1798
2755,20.1967
2756,0
2757,19.182
2758,20.426
2759,20.0188
2760,20.1952
2761,19.8283
2762,20.3482
2763,19.6656
2764,20.576
2765,19.6768
2766,19.4271
2767,19.7594
2768,19.7643
2769,19.9708
2770,0
2771,19.8067
2772,20.6861
2773,19.6565
2774,19.6627
2775,19.6147
2776,20.2159
2777,19.6389
2778,19.7325
2779,19.4929
2780,19.6329
2781,0
2782,0
2783,19.496
2784,19.7209
2785,0
2786,19.9178
2787,19.0023
2788,20.1205
2789,19.8953
2790,19.6874
2791,19.5827
2792,19.4192
2793,19.5643
2794,19.5147
2795,19.5839
2796,19.8782
2797,0
2798,19.836
2799,19.7881
2800,19.4586
2801,19.6553
2802,0
2803,19.862
2804,19.2872
2805,20.0305
2806,19.7505
2807,19.9453
2808,20.074
2809,19.7435
2810,19.6383
2811,19.2329
2812,19.7936
2813,19.6675
2814,0
2815,19.826
2816,19.555
2817,19.8883
2818,19.4579
2819,19.7601
2820,19.1434
2821,19.9066
2822,0
2823,19.4279
2824,19.9841
2825,19.7535
2826,0
2827,19.1656
2828,19.9259
2829,19.9214
2830,19.2533
2831,19.4636
2832,19.6427
2833,0
2834,20.0372
2835,19.8305
2836,19.6275
2837,0
2838,20.149
2839,19.6441
2840,0
2841,20.2489
2842,20.2743
2843,19.9137
2844,19.7644
2845,19.5418
2846,19.9932
2847,19.6252
2848,20.0316
2849,19.2783
2850,19.9992
2851,20.0009
2852,20.1444
2853,19.4814
2854,0
2855,19.516
2856,19.7328
2857,0
2858,20.3785
2859,0
2860,19.9539
2861,19.9304
2862,19.903
2863,19.7175
2864,20.4356
2865,20.1014
2866,19.6173
2867,20.0693
2868,19.4628
2869,19.851
2870,19.6295
2871,19.6676
2872,19.768
2873,20.2683
2874,19.9618
2875,19.0335
2876,19.953
2877,19.886
2878,0
2879,19.3817
2880,19.3305
2881,0
2882,19.9229
2883,19.7512
2884,0
2885,19.2661
2886,19.4683
2887,19.6172
2888,19.9665
2889,19.6404
2890,19.2443
2891,19.7497
2892,19.7752
2893,19.4429
2894,19.1296
2895,19.301
2896,19.8919
2897,19.7182
2898,19.3718
2899,19.885
2900,18.8293
2901,19.746
2902,19.8469
2903,20.0034
2904,19.5168
2905,20.2902
2906,20.5437
2907,19.8179
2908,0
2909,0
2910,0
2911,19.5095
2912,2.49372
2913,3.20023
2914,2.39491
2915,2.34906
2916,0
2917,2.32358
2918,2.99308
2919,2.88158
2920,4.09726
2921,0
2922,20.2045
2923,20.1288
2924,19.795
2925,20.0482
2926,19.3781
2927,20.0717
2928,19.6818
2929,0
2930,19.6424
2931,19.4116
2932,19.9556
2933,19.7399
2934,19.9156
2935,19.5723
2936,20.2363
2937,19.9074
2938,19.6858
2939,20.5394
2940,20.1581
2941,19.8076
2942,20.0027
2943,19.0489
2944,20.199
2945,19.7265
2946,20.2272
2947,19.9076
2948,19.6736
2949,19.6209
2950,19.9376
2951,0
2952,19.68
2953,0
2954,19.9954
2955,19.7462
2956,19.9822
2957,19.4399
2958,20.136
2959,0
2960,18.7015
2961,19.6035
2962,18.9058
2963,19.2693
2964,19.8582
2965,18.9457
2966,0
2967,0
2968,0
2969,20.0634
2970,0
2971,19.2989
2972,19.9399
2973,20.0452
2974,0
2975,19.6923
2976,19.9525
2977,20.5002
2978,19.9704
2979,19.9757
2980,19.0561
2981,20.2817
2982,20.097
2983,20.0487
2984,19.941
2985,19.5965
2986,0
2987,20.1955
2988,20.0566
2989,19.3443
2990,19.4417
2991,19.992
2992,19.4906
2993,19.8161
2994,19.9281
2995,19.8627
2996,20.615
2997,20.2583
2998,19.3578
2999,20.4905
3000,18.9785
3001,19.9589
3002,0
3003,19.4426
3004,19.7906
3005,20.0289
3006,19.6278
3007,19.6556
3008,19.7789
3009,19.3934
3010,0
3011,19.8155
3012,19.2963
3013,19.3964
3014,19.163
3015,20.1994
3016,19.6504
3017,19.5357
3018,0
3019,19.7863
3020,0
3021,19.6865
3022,20.4357
3023,19.7447
3024,19.6949
3025,19.8464
3026,19.9565
3027,20.0253
3028,19.5636
3029,19.5085
3030,20.2674
3031,19.7608
3032,19.6741
3033,20.0166
3034,0
3035,20.2019
3036,19.6367
3037,19.5513
3038,20.0849
3039,0
3040,19.797
3041,19.8728
3042,19.8784
3043,19.8343
3044,0
3045,0
3046,20.6684
3047,20.0091
3048,19.0481
3049,20.1499
3050,20.0747
3051,0
3052,19.8662
3053,19.6169
3054,19.3475
3055,19.8913
3056,19.8544
3057,0
3058,19.8675
3059,0
3060,19.6084
3061,19.3527
3062,20.0163
3063,20.0078
3064,19.4407
3065,19.6775
3066,0
3067,19.2148
3068,19.8244
3069,19.6588
3070,19.4723
3071,19.5646
3072,19.7827
3073,19.6815
3074,19.557
3075,19.697
3076,19.1959
3077,19.673
3078,19.582
3079,19.9586
3080,20.5266
3081,19.4136
3082,20.0441
3083,19.0546
3084,19.5818
3085,19.4981
3086,0
3087,19.7998
3088,20.1312
3089,20.5589
3090,19.4911
3091,0
3092,0
3093,0
3094,19.8758
3095,20.521
3096,19.4043
3097,19.9611
3098,19.9472
3099,20.0303
3100,19.9595
3101,0
3102,19.9774
3103,19.2625
3104,19.642
3105,19.8848
3106,18.8058
3107,20.0038
3108,0
3109,19.4547
3110,20.0005
3111,20.1047
3112,20.534
3113,19.0783
3114,19.3204
3115,19.6141
3116,18.8715
3117,19.21
3118,20.4672
3119,0
3120,19.6551
3121,19.5671
3122,20.0912
3123,19.9643
3124,19.3277
3125,19.4096
3126,20.1217
3127,0
3128,19.7039
3129,19.9178
3130,19.9572
3131,20.0919
3132,20.0154
3133,19.783
3134,19.8137
3135,20.0457
3136,20.439
3137,20.3365
3138,19.3866
3139,20.0686
3140,19.8251
3141,0
3142,19.7546
3143,19.4128
3144,19.4703
3145,20.3905
3146,0
3147,20.4401
3148,0
3149,20.326
3150,19.8889
3151,19.6084
3152,19.5502
3153,20.2652
3154,19.0739
3155,18.8054
3156,20.1379
3157,19.8169
3158,0
3159,19.93
3160,19.6581
3161,19.3945
3162,19.7429
3163,19.6925
3164,20.1362
3165,19.7631
3166,19.5441
3167,19.7396
3168,0
3169,20.2469
3170,19.8693
3171,19.8478
3172,19.215
3173,19.5355
3174,19.3797
3175,19.9234
3176,20.1293
3177,0
3178,19.7224
3179,19.2921
3180,0
3181,19.4262
3182,19.803
3183,20.0401
3184,19.2804
3185,19.8843
3186,20.2422
3187,0
3188,19.9522
3189,20.3167
3190,20.1365
3191,19.649
3192,19.2923
3193,19.644
3194,19.8313
3195,20.0172
3196,20.2594
3197,19.8891
3198,20.1288
3199,19.6918
3200,19.9416
3201,20.041
3202,19.3592
3203,20.1329
3204,19.9303
3205,0
3206,19.9628
3207,19.8418
3208,19.75
3209,19.3614
3210,19.8087
3211,0
3212,19.8117
3213,20.1655
3214,19.7591
3215,19.5925
3216,19.6799
3217,19.9719
3218,19.6723
3219,19.7287
3220,19.5293
3221,20.435
3222,19.6806
3223,19.8934
3224,20.3313
3225,20.2102
3226,0
3227,19.9978
3228,19.533
3229,19.8797
3230,0
3231,19.6894
3232,20.1233
3233,19.006
3234,0
3235,19.687
3236,20.4339
3237,19.9648
3238,19.9545
3239,20.019
3240,0
3241,19.3651
3242,19.4375
3243,19.6119
3244,19.1778
3245,19.905
3246,19.5116
3247,0
3248,20.0067
3249,19.789
3250,19.9391
3251,19.6165
3252,20.0385
3253,19.6079
3254,20.0673
3255,20.3369
3256,0
3257,19.5763
3258,20.0169
3259,20.4439
3260,19.9619
3261,19.6345
3262,19.7895
3263,19.798
3264,19.6356
3265,19.6661
3266,19.2641
3267,19.9815
3268,19.721
3269,0
3270,19.3724
3271,19.9133
3272,0
3273,20.2581
3274,0
3275,19.3997
3276,19.374
3277,19.6034
3278,20.0392
3279,20.1318
3280,19.4619
3281,20.1491
3282,0
3283,0
3284,19.2014
3285,19.7338
3286,19.3636
3287,19.5568
3288,0
3289,0
3290,19.8787
3291,19.3876
3292,19.7555
3293,19.7423
3294,19.2362
3295,19.8731
3296,19.0297
3297,19.8465
3298,20.2706
3299,20.3309
3300,19.7397
3301,19.9057
3302,19.6184
3303,19.1579
3304,19.7704
3305,19.5225
3306,19.313
3307,19.7909
3308,19.9179
3309,0
3310,19.6964
3311,19.329
3312,20.5607
3313,19.5786
3314,19.6296
3315,19.3448
3316,19.4265
3317,19.0264
3318,19.5122
3319,20.2703
3320,19.8126
3321,19.9372
3322,0
3323,19.9271
3324,19.3268
3325,0
3326,19.5107
3327,19.5451
3328,20.2434
3329,19.372
3330,19.2126
3331,19.7139
3332,19.8323
3333,18.9918
3334,19.9847
3335,19.8099
3336,19.7773
3337,0
3338,19.4295
3339,20.2689
3340,19.8162
3341,19.3642
3342,20.3518
3343,19.4818
3344,20.2333
3345,19.2151
3346,0
3347,19.654
3348,19.1218
3349,19.9125
3350,20.011
3351,0
3352,20.3366
3353,19.4318
3354,20.0383
3355,19.921
3356,18.9886
3357,19.6832
3358,0
3359,20.0622
3360,19.9406
3361,20.0799
3362,19.6046
3363,19.7442
3364,20.1497
3365,20.4726
3366,19.3876
3367,19.1654
3368,19.9792
3369,19.6769
3370,20.2032
3371,19.4812
3372,19.2997
3373,19.747
3374,19.1445
3375,19.9277
3376,19.559
3377,20.4139
3378,19.965
3379,19.7817
3380,19.9481
3381,19.7967
3382,19.9193
3383,19.7626
3384,20.4885
3385,19.4941
3386,19.9412
3387,19.6089
3388,0
3389,20.6597
3390,0
3391,19.5183
3392,0
3393,19.4808
3394,19.8529
3395,20.1643
3396,19.7618
3397,19.4517
3398,19.8402
3399,0
3400,19.4944
3401,20.1771
3402,20.0458
3403,20.1615
3404,19.5311
3405,19.3349
3406,0
3407,19.2979
3408,0
3409,20.4495
3410,20.2174
3411,19.6535
3412,19.5175
3413,19.7344
3414,19.324
3415,20.1536
3416,19.2092
3417,20.6384
3418,19.9655
3419,0
3420,20.1246
3421,19.0399
3422,19.6297
3423,19.283
3424,19.7725
3425,19.7342
3426,19.5646
3427,19.967
3428,18.9362
3429,19.8258
3430,20.6249
3431,19.8654
3432,0
3433,19.9106
3434,19.8972
3435,20.1221
3436,19.5757
3437,18.8753
3438,19.3675
3439,19.6836
3440,19.5488
3441,0
3442,18.9539
3443,20.088
3444,19.4165
3445,19.9204
3446,19.1013
3447,20.5312
3448,19.955
3449,0
3450,19.9724
3451,19.4968
3452,20.1734
3453,19.9332
3454,20.1665
3455,20.4153
3456,19.6004
3457,20.0051
3458,20.3265
3459,18.8814
3460,20.062
3461,0
3462,19.6474
3463,19.5528
3464,19.5092
3465,19.2423
3466,0
3467,19.2668
3468,20.1016
3469,19.4049
3470,20.0541
3471,20.0639
3472,19.6771
3473,20.2511
3474,20.1093
3475,19.663
3476,0
3477,19.513
3478,19.923
3479,19.8848
3480,19.79
3481,20.2818
3482,19.6334
3483,0
3484,19.1995
3485,19.3938
3486,19.2161
3487,20.1286
3488,20.1535
3489,0
3490,19.7366
3491,0
3492,19.1305
3493,0
3494,20.1041
3495,20.0002
3496,19.6478
3497,0
3498,20.1453
3499,19.7616
3500,19.9271
3501,19.346
3502,0
3503,20.119
3504,0
3505,19.7841
3506,0
3507,20.0317
3508,19.8506
3509,19.5945
3510,19.6259
3511,19.7097
3512,20.0186
3513,19.6216
3514,19.7261
3515,0
3516,19.4151
3517,20.0496
3518,0
3519,20.0189
3520,0
3521,19.6748
3522,19.9847
3523,20.3143
3524,19.9936
3525,20.3805
3526,19.4893
3527,0
3528,20.0653
3529,19.9888
3530,19.8671
3531,19.2711
3532,19.8997
3533,20.1739
3534,19.7641
3535,19.9843
3536,19.8182
3537,19.0274
3538,19.5402
3539,19.3238
3540,19.5502
3541,19.6002
3542,20.1228
3543,0
3544,19.5017
3545,19.4343
3546,19.9361
3547,19.9546
3548,19.5321
3549,0
3550,0
3551,19.9024
3552,19.8639
3553,20.2955
3554,19.7138
3555,0
3556,20.0765
3557,20.0876
3558,19.9463
3559,19.6735
3560,19.7259
3561,19.5106
3562,19.5916
3563,19.4698
3564,20.1088
3565,0
3566,19.5654
3567,19.5315
3568,19.6224
3569,19.8355
3570,20.2187
3571,19.982
3572,19.7138
3573,19.3681
3574,19.5737
3575,20.4313
3576,19.3442
3577,19.5047
3578,19.5937
3579,19.7342
3580,19.688
3581,19.6428
3582,19.2548
3583,19.6824
3584,19.5715
3585,19.3112
3586,20.1774
3587,19.2238
3588,0
3589,19.5403
3590,19.8184
3591,19.4816
3592,20.09
3593,19.375
3594,20.4226
3595,19.5518
3596,19.9558
3597,0
3598,19.2774
3599,19.6687
3600,20.1105
3601,19.6205
3602,20.3839
3603,0
3604,20.2025
3605,19.6474
3606,19.2816
3607,19.7365
3608,19.6934
3609,20.311
3610,19.5587
3611,19.6632
3612,20.1076
3613,19.598
3614,20.1023
3615,19.8922
3616,19.9167
3617,19.5748
3618,20.1301
3619,20.1624
3620,20.2667
3621,0
3622,0
3623,0
3624,20.4151
3625,19.9272
3626,19.5373
3627,19.4034
3628,19.6075
3629,19.4527
3630,19.888
3631,19.3159
3632,19.8999
3633,0
3634,0
3635,19.5707
3636,19.2527
3637,0
3638,19.9799
3639,19.6864
3640,19.5265
3641,19.9935
3642,20.2228
3643,19.3295
3644,0
3645,19.6326
3646,19.9607
3647,19.3384
3648,19.6779
3649,19.612
3650,19.9042
3651,20.5024
3652,0
3653,20.1777
3654,19.5401
3655,0
3656,0
3657,19.5125
3658,0
3659,19.3173
3660,0
3661,19.5273
3662,0
3663,19.9393
3664,19.2292
3665,19.349
3666,20.0069
3667,19.9981
3668,19.9106
3669,20.2549
3670,19.7497
3671,19.7785
3672,19.7632
3673,19.8567
3674,19.5089
3675,19.8489
3676,19.8022
3677,20.1213
3678,19.465
3679,19.8935
3680,19.8536
3681,19.5297
3682,19.1539
3683,19.1306
3684,20.0803
3685,19.3178
3686,19.8257
3687,20.1345
3688,0
3689,19.6934
3690,20.1107
3691,19.9134
3692,19.045
3693,20.0156
3694,20.6355
3695,19.9086
3696,19.7555
3697,19.6972
3698,19.3567
3699,19.3886
3700,20.2132
3701,19.9655
3702,20.2957
3703,20.0635
3704,20.3929
3705,19.2805
3706,19.4436
3707,20.1256
3708,20.2171
3709,19.214
3710,20.0139
3711,20.8031
3712,18.813
3713,20.4291
3714,20.3504
3715,19.5392
3716,0
3717,20.1238
3718,19.7293
3719,19.8336
3720,19.5837
3721,0
3722,19.8337
3723,20.2517
3724,19.6069
3725,0
3726,20.2721
3727,20.266
3728,0
3729,0
3730,19.9435
3731,20.0487
3732,19.664
3733,0
3734,20.0726
3735,0
3736,0
3737,19.9972
3738,0
3739,20.2521
3740,19.6233
3741,19.8323
3742,20.4686
3743,19.5903
3744,0
3745,20.1546
3746,20.0204
3747,20.1306
3748,19.5762
3749,0
3750,19.8496
3751,19.734
3752,19.5351
3753,0
3754,19.6652
3755,19.9059
3756,19.8467
3757,19.3358
3758,19.9063
3759,19.4478
3760,0
3761,19.4985
3762,20.1873
3763,19.4174
3764,19.3281
3765,19.5796
3766,20.1483
3767,19.4779
3768,19.5606
3769,19.7058
3770,20.3025
3771,19.3953
3772,19.4036
3773,20.0515
3774,0
3775,19.5533
3776,19.9422
3777,19.5447
3778,0
3779,19.7255
3780,19.9934
3781,0
3782,20.0703
3783,0
3784,19.9975
3785,0
3786,20.0289
3787,0
3788,0
3789,19.57
3790,19.7436
3791,19.6766
3792,19.6707
3793,18.9825
3794,19.2238
3795,19.6737
3796,19.5128
3797,0
3798,20.0332
3799,19.4498
3800,20.262
3801,20.3995
3802,19.5015
3803,20.4041
3804,19.6618
3805,19.5452
3806,0
3807,0
3808,19.4203
3809,0
3810,19.7019
3811,19.8393
3812,19.6305
3813,19.8442
3814,19.4423
3815,0
3816,20.8765
3817,19.8155
3818,0
3819,19.8852
3820,19.7481
3821,19.723
3822,20.1929
3823,19.7663
3824,20.089
3825,19.7039
3826,20.2028
3827,20.0309
3828,19.8478
3829,0
3830,0
3831,19.8876
3832,19.4888
3833,20.0804
3834,19.7324
3835,20.6145
3836,19.4505
3837,19.7484
3838,19.7709
3839,19.7069
3840,0
3841,19.8625
3842,0
3843,19.5764
3844,19.5588
3845,19.5059
3846,20.176
3847,20.1448
3848,20.1919
3849,19.5089
3850,19.6573
3851,0
3852,20.0794
3853,20.0205
3854,19.5774
3855,19.8585
3856,20.105
3857,0
3858,20.1271
3859,19.3894
3860,20.0059
3861,0
3862,20.0801
3863,20.1043
3864,19.9523
3865,20.1895
3866,20.3546
3867,19.6025
3868,19.3864
3869,20.0985
3870,20.0675
3871,19.8595
3872,20.1022
3873,19.15
3874,0
3875,19.7018
3876,19.7376
3877,19.6764
3878,19.5635
3879,19.9371
3880,19.8643
3881,19.6739
3882,20.1103
3883,19.7273
3884,20.1617
3885,19.4737
3886,19.8381
3887,19.9129
3888,19.4353
3889,19.991
3890,19.6399
3891,20.1145
3892,19.8518
3893,0
3894,19.6522
3895,19.7668
3896,19.8512
3897,19.4956
3898,19.0213
3899,19.0663
3900,19.1159
3901,19.63
3902,19.8032
3903,0
3904,19.3851
3905,19.6974
3906,19.9873
3907,19.6441
3908,20.1517
3909,18.9269
3910,0
3911,19.4234
3912,19.851
3913,0
3914,19.7802
3915,20.0409
3916,19.4981
3917,19.5883
3918,19.8676
3919,0
3920,19.7605
3921,0
3922,19.9493
3923,19.8888
3924,19.7631
3925,19.3172
3926,19.5326
3927,0
3928,19.5833
3929,20.3148
3930,19.6826
3931,20.2117
3932,19.4512
3933,0
3934,19.6912
3935,19.5126
3936,20.0394
3937,19.5659
3938,19.652
3939,0
3940,19.4579
3941,19.8377
3942,20.0127
3943,19.2242
3944,20.2249
3945,20.0426
3946,20.2424
3947,19.3261
3948,19.5123
3949,19.9477
3950,19.6382
3951,20.0434
3952,0
3953,19.7884
3954,19.712
3955,20.132
3956,20.0847
3957,20.0695
3958,0
3959,19.3901
3960,20.3097
3961,19.7127
3962,0
3963,19.1964
3964,0
3965,19.9747
3966,19.774
3967,19.4389
3968,0
3969,20.075
3970,20.3613
3971,19.5097
3972,19.6665
3973,19.7538
3974,20.0619
3975,19.7566
3976,20.7035
3977,0
3978,19.7963
3979,19.4824
3980,19.752
3981,19.7505
3982,19.6426
3983,20.347
3984,19.4706
3985,19.8776
3986,20.2721
3987,19.6941
3988,20.1119
3989,19.7425
3990,19.9929
3991,19.731
3992,19.9811
3993,0
3994,19.8154
3995,19.3041
3996,19.682
3997,0
3998,19.1928
3999,19.7405
4000,20.149
4001,19.7853
4002,20.3262
4003,19.4768
4004,20.3766
4005,19.3665
4006,19.5145
4007,20.1789
4008,19.7232
4009,19.5392
4010,19.3874
4011,20.2708
4012,2.46881
4013,19.2545
4014,19.4658
4015,19.5983
4016,19.4716
4017,2.67883
4018,19.6138
4019,20.2322
4020,19.5225
4021,18.9981
4022,19.4087
4023,20.113
4024,19.7893
4025,19.8491
4026,19.5194
4027,19.8146
4028,19.6157
4029,19.5592
4030,19.8643
4031,19.7514
4032,2.15003
4033,19.823
4034,19.778
4035,19.5416
4036,2.44116
4037,19.6777
4038,19.6567
4039,20.0127
4040,20.1568
4041,20.1966
4042,2.71535
4043,19.5937
4044,2.34731
4045,19.4609
4046,2.5083
4047,2.2779
4048,19.8421
4049,19.867
4050,20.1582
4051,19.2223
4052,20.2625
4053,19.9671
4054,19.9011
4055,20.1073
4056,19.7406
4057,19.4579
4058,19.5755
4059,20.3655
4060,19.7791
4061,2.61377
4062,19.5686
4063,19.5615
4064,19.7558
4065,19.9256
4066,19.7706
4067,2.46912
4068,2.40009
4069,20.0122
4070,19.836
4071,20.3132
4072,19.7371
4073,19.8729
4074,19.3533
4075,19.5745
4076,19.77
4077,3.24775
4078,20.1502
4079,19.5147
4080,19.447
4081,20.0954
4082,19.9635
4083,20.1513
4084,19.5989
4085,19.5177
4086,19.617
4087,20.3717
4088,19.4288
4089,19.8811
4090,19.9041
4091,19.6774
4092,19.608
4093,2.50716
4094,2.72767
4095,19.6938
4096,19.4806
4097,19.2581
4098,19.1733
4099,20.2821
4100,19.6956
4101,2.12274
4102,2.72522
4103,20.061
4104,19.5269
4105,20.0176
4106,19.569
4107,19.7235
4108,20.1275
4109,19.6965
4110,19.5739
4111,19.6891
4112,20.057
4113,19.4084
4114,19.9214
4115,19.8588
4116,20.2218
4117,19.7399
4118,20.0049
4119,20.3628
4120,20.0162
4121,19.8474
4122,19.3011
4123,20.2948
4124,19.3053
4125,19.7849
4126,19.722
4127,20.0827
4128,19.487
4129,19.7848
4130,19.7933
4131,19.0194
4132,19.9122
4133,19.9215
4134,20.1177
4135,19.9571
4136,19.3486
4137,20.3479
4138,20.4039
4139,20.1555
4140,20.0094
4141,19.7779
4142,20.6557
4143,19.6924
4144,19.5013
4145,19.9429
4146,19.7811
4147,19.2582
4148,19.626
4149,19.8147
4150,19.7427
4151,19.4963
4152,19.7889
4153,20.2556
4154,19.7404
4155,19.272
4156,19.9995
4157,19.8252
4158,20.6291
4159,19.4683
4160,21.3689
4161,19.0508
4162,19.9139
4163,19.995
4164,19.7642
4165,19.9704
4166,19.7902
4167,19.3738
4168,20.1145
4169,19.4557
4170,20.3834
4171,19.3893
4172,20.1889
4173,19.3337
4174,19.9371
4175,20.3583
4176,20.3666
4177,19.3126
4178,19.9169
4179,20.0629
4180,19.7259
4181,19.4918
4182,19.8457
4183,20.1923
4184,19.6918
4185,19.7899
4186,19.6579
4187,19.2195
4188,19.6665
4189,19.7265
4190,19.9779
4191,19.5336
4192,19.4314
4193,19.7274
4194,19.7186
4195,19.7255
4196,19.9562
4197,19.4491
4198,19.6095
4199,20.2826
4200,20.0389
4201,19.818
4202,19.8495
4203,19.8625
4204,20.4168
4205,20.2418
4206,19.635
4207,19.6067
4208,20.0152
4209,20.3024
4210,21.0751
4211,19.4684
4212,19.4976
4213,19.5254
4214,19.6656
4215,19.942
4216,19.6361
4217,19.1685
4218,19.3236
4219,19.6069
4220,19.9775
4221,19.4937
4222,19.696
4223,19.7692
4224,19.7529
4225,19.5414
4226,19.9292
4227,19.9707
4228,20.3323
4229,20.0664
4230,19.9563
4231,20.1443
4232,19.5779
4233,19.7
4234,19.4461
4235,20.28
4236,19.9126
4237,19.8445
4238,19.9876
4239,19.2085
4240,19.5054
4241,19.4884
4242,19.5873
4243,19.3351
4244,19.6833
4245,20.1137
4246,20.1673
4247,20.4111
4248,19.8339
4249,19.7572
4250,19.9098
4251,19.7923
4252,19.3717
4253,20.2613
4254,20.0371
4255,19.4101
4256,19.8278
4257,19.9601
4258,19.4625
4259,20.1012
4260,20.3023
4261,18.8658
4262,19.8632
4263,19.7437
4264,19.6368
4265,19.5526
4266,19.249
4267,19.7981
4268,19.5988
4269,20.0714
4270,19.9974
4271,20.0251
4272,20.1699
4273,19.6485
4274,19.7837
4275,19.7338
4276,19.5529
4277,20.0117
4278,19.9321
4279,20.4714
4280,19.5325
4281,19.7441
4282,19.4988
4283,19.9128
4284,19.7622
4285,20.229
4286,19.8497
4287,19.6555
4288,19.9774
4289,19.3141
4290,19.6225
4291,19.5798
4292,20.0594
4293,20.0968
4294,19.708
4295,19.9471
4296,20.5173
4297,19.8953
4298,19.5011
4299,19.9752
4300,19.4672
4301,19.0933
4302,19.519
4303,20.0205
4304,19.5102
4305,20.0775
4306,20.1866
4307,19.9809
4308,19.8996
4309,19.2694
4310,19.6617
4311,19.7585
4312,19.4112
4313,19.8554
4314,19.863
4315,19.5651
4316,19.3565
4317,20.4743
4318,18.4109
4319,19.5835
4320,19.3609
4321,19.8064
4322,20.2828
4323,19.4667
4324,19.6435
4325,20.181
4326,20.0889
4327,19.8346
4328,19.9204
4329,19.776
4330,19.7455
4331,20.3952
4332,19.497
4333,19.8033
4334,20.2041
4335,19.8562
4336,19.5348
4337,19.9053
4338,20.2165
4339,19.4983
4340,19.2019
4341,20.0885
4342,19.8756
4343,20.4256
4344,19.8695
4345,19.8362
4346,19.7739
4347,20.1727
4348,20.2402
4349,19.4833
4350,20.1836
4351,20.1108
4352,19.5934
4353,19.6392
4354,19.9239
4355,19.8911
4356,19.6474
4357,19.9628
4358,20.3801
4359,19.7729
4360,20.136
4361,19.7665
4362,19.7215
4363,20.1591
4364,19.253
4365,19.5868
4366,20.021
4367,19.659
4368,19.8538
4369,20.4047
4370,19.7509
4371,19.2951
4372,20.3234
4373,19.6178
4374,20.264
4375,20.3616
4376,19.6569
4377,20.3388
4378,19.498
4379,20.0026
4380,19.7297
4381,20.4834
4382,19.6409
4383,19.1593
4384,19.5198
4385,19.396
4386,19.8245
4387,19.4876
4388,19.6363
4389,19.6924
4390,20.1545
4391,19.853
4392,19.693
4393,19.5289
4394,19.1336
4395,20.527
4396,20.2628
4397,19.4007
4398,19.6477
4399,19.2671
4400,19.7633
4401,19.386
4402,19.7114
4403,19.5063
4404,19.6029
4405,19.2271
4406,19.9879
4407,19.7951
4408,19.9055
4409,20.0227
4410,20.0697
4411,19.4467
4412,19.7435
4413,19.57
4414,18.794
4415,20.1735
4416,19.7028
4417,19.6718
4418,19.4283
4419,19.9042
4420,19.5291
4421,20.2942
4422,19.8446
4423,20.3319
4424,19.461
4425,20.2287
4426,19.9743
4427,20.159
4428,19.7821
4429,19.8126
4430,20.2115
4431,19.9788
4432,19.6812
4433,19.6203
4434,19.9559
4435,20.2293
4436,19.6807
4437,19.4115
4438,20.1852
4439,19.6716
4440,19.6951
4441,19.9426
4442,19.5256
4443,19.7418
4444,19.9371
4445,19.2019
4446,19.6401
4447,19.3973
4448,19.5235
4449,19.4828
4450,19.4886
4451,20.2558
4452,19.3365
4453,19.0562
4454,19.0921
4455,19.7653
4456,19.5749
4457,19.299
4458,19.5558
4459,20.0535
4460,20.1268
4461,19.9622
4462,19.6308
4463,19.9718
4464,19.4244
4465,20.0469
4466,20.1971
4467,19.5975
4468,19.9162
4469,19.3752
4470,19.3647
4471,20.0202
4472,19.8348
4473,19.8992
4474,20.4469
4475,20.2348
4476,19.8891
4477,19.2695
4478,19.8401
4479,19.5303
4480,19.7316
4481,20.1541
4482,20.3202
4483,19.5512
4484,19.6072
4485,19.4487
4486,19.4517
4487,19.8908
4488,20.0951
4489,19.5064
4490,19.3969
4491,19.6043
4492,19.6458
4493,20.2822
4494,19.3966
4495,20.3309
4496,19.4326
4497,19.1443
4498,19.8836
4499,19.7919
4500,19.3556
4501,19.0012
4502,19.6117
4503,19.3001
4504,19.5465
4505,19.5466
4506,19.5522
4507,19.4233
4508,19.9746
4509,19.8013
4510,19.5995
4511,19.7014
4512,19.1913
4513,19.6395
4514,19.4725
4515,19.8498
4516,20.1883
4517,20.2975
4518,19.9429
4519,19.4824
4520,19.0306
4521,19.4652
4522,19.6806
4523,19.4533
4524,19.947
4525,19.7491
4526,20.2
4527,20.0784
4528,19.8827
4529,19.97
4530,19.8483
4531,19.4131
4532,19.5197
4533,19.9111
4534,20.0346
4535,19.578
4536,19.4894
4537,19.3835
4538,19.4273
4539,19.5821
4540,19.8166
4541,20.0385
4542,19.559
4543,20.1684
4544,19.695
4545,19.4167
4546,20.2501
4547,19.1026
4548,19.3768
4549,19.6065
4550,19.8621
4551,19.6743
4552,20.2919
4553,19.5819
4554,20.1702
4555,19.5829
4556,20.1193
4557,19.4601
4558,19.7034
4559,20.1098
4560,19.61
4561,19.399
4562,19.3779
4563,19.8626
4564,19.5681
4565,19.736
4566,20.237
4567,19.3924
4568,19.2708
4569,19.5638
4570,20.4313
4571,19.706
4572,19.5561
4573,19.5418
4574,19.4804
4575,19.2016
4576,19.7894
4577,19.6127
4578,19.6786
4579,19.2875
4580,19.3811
4581,19.3452
4582,19.7739
4583,19.41
4584,19.6407
4585,19.3315
4586,19.6065
4587,19.6902
4588,20.1997
4589,20.5768
4590,19.4206
4591,20.0416
4592,19.9811
4593,19.9267
4594,19.0723
4595,20.1345
4596,19.7747
4597,20.2205
4598,20.1544
4599,19.1708
4600,19.5522
4601,19.2508
4602,19.9358
4603,19.5458
4604,19.3284
4605,21.0038
4606,19.8543
4607,19.6074
4608,19.7016
4609,20.115
4610,20.1653
4611,19.6779
4612,19.4724
4613,20.3728
4614,19.9613
4615,19.7236
4616,19.6526
4617,20.1277
4618,19.734
4619,19.6422
4620,19.5074
4621,18.9413
4622,19.9572
4623,19.7339
4624,20.0867
4625,20.2205
4626,19.7478
4627,20.1626
4628,19.7382
4629,19.9643
4630,20.2376
4631,19.6093
4632,19.8077
4633,20.0532
4634,19.5381
4635,20.0373
4636,19.5935
4637,19.6188
4638,19.5894
4639,19.7593
4640,19.7397
4641,20.8769
4642,19.8935
4643,20.0369
4644,19.9573
4645,20.3182
4646,19.2652
4647,19.3884
4648,19.5028
4649,20.3728
4650,20.0052
4651,20.0152
4652,19.8442
4653,19.1693
4654,20.2133
4655,19.5631
4656,20.0188
4657,19.5617
4658,19.6263
4659,19.8618
4660,19.2536
4661,19.4042
4662,19.7637
4663,19.8828
4664,19.8201
4665,20.3551
4666,20.3659
4667,19.3339
4668,19.9922
4669,20.0216
4670,19.5933
4671,19.6206
4672,20.0677
4673,19.7948
4674,20.1508
4675,20.103
4676,20.047
4677,19.8695
4678,19.844
4679,20.1711
4680,19.9416
4681,19.8486
4682,19.7283
4683,20.4144
4684,19.6873
4685,20.1544
4686,19.78
4687,19.4487
4688,19.8133
4689,19.9332
4690,19.1646
4691,20.1028
4692,19.6305
4693,19.2434
4694,20.1038
4695,19.7678
4696,20.0243
4697,19.2826
4698,20.3099
4699,19.3161
4700,19.8444
4701,19.8072
4702,20.1926
4703,20.0917
4704,19.3536
4705,19.6218
4706,19.7263
4707,19.6519
4708,19.5559
4709,19.3977
4710,18.8096
4711,19.0945
4712,19.6416
4713,19.4105
4714,19.0046
4715,19.6857
4716,19.2106
4717,19.602
4718,19.379
4719,19.6567
4720,20.1068
4721,19.8375
4722,19.6007
4723,19.9029
4724,19.3429
4725,19.3728
4726,18.8664
4727,19.9657
4728,19.8987
4729,19.161
4730,19.3516
4731,20.4346
4732,19.3438
4733,19.9737
4734,19.7517
4735,19.8745
4736,19.4957
4737,19.8089
4738,19.017
4739,20.4595
4740,19.3402
4741,20.2343
4742,19.6384
4743,20.0799
4744,19.5461
4745,19.472
4746,19.6429
4747,19.6132
4748,19.982
4749,20.0668
4750,19.5599
4751,20.0471
4752,19.9008
4753,19.551
4754,19.5728
4755,20.3471
4756,20.2853
4757,20.1616
4758,18.9003
4759,20.2805
4760,20.0239
4761,20.0298
4762,20.1918
4763,19.7929
4764,20.2491
4765,19.1837
4766,20.405
4767,19.2931
4768,19.8668
4769,19.9571
4770,19.6939
4771,19.5641
4772,19.9869
4773,19.8618
4774,19.6654
4775,19.4735
4776,19.8935
4777,19.6248
4778,19.6704
4779,19.9161
4780,19.8556
4781,19.0769
4782,19.902
4783,19.8413
4784,19.6816
4785,19.6811
4786,19.6216
4787,19.4629
4788,20.2687
4789,19.7433
4790,20.4842
4791,19.6891
4792,20.0587
4793,20.2283
4794,20.3102
4795,19.6278
4796,19.1781
4797,19.7008
4798,19.6902
4799,19.7693
4800,19.8627
4801,19.1144
4802,20.2955
4803,20.3542
4804,19.7108
4805,20.0746
4806,19.7201
4807,20.508
4808,20.299
4809,19.6473
4810,19.7448
4811,19.372
4812,20.0466
4813,19.4815
4814,19.9386
4815,20.1824
4816,19.9688
4817,20.2171
4818,19.7706
4819,20.4762
4820,19.4657
4821,19.8
4822,19.7971
4823,19.6613
4824,19.9835
4825,20.1838
4826,20.2389
4827,20.035
4828,19.7815
4829,19.5344
4830,19.6395
4831,19.6634
4832,20.2133
4833,19.8082
4834,20.1018
4835,19.5245
4836,19.8888
4837,20.06
4838,19.5394
4839,19.5693
4840,20.0522
4841,19.7285
4842,19.6803
4843,20.0986
4844,20.0492
4845,19.3067
4846,19.6614
4847,19.7787
4848,19.7325
4849,19.6909
4850,20.6185
4851,19.9494
4852,19.7342
4853,19.4232
4854,19.8329
4855,19.542
4856,19.9395
4857,20.0888
4858,19.5209
4859,19.3975
4860,19.6205
4861,19.2162
4862,19.588
4863,19.6366
4864,19.4124
4865,19.385
4866,19.7908
4867,19.568
4868,19.7639
4869,19.6441
4870,20.0077
4871,19.3171
4872,19.7352
4873,20.7502
4874,19.3577
4875,19.8376
4876,19.2829
4877,20.0751
4878,19.7173
4879,19.7669
4880,18.7931
4881,19.6693
4882,19.0335
4883,19.6107
4884,19.6536
4885,19.0674
4886,19.0741
4887,19.9308
4888,19.936
4889,19.7764
4890,19.6231
4891,19.4592
4892,20.0682
4893,20.0013
4894,19.9339
4895,19.9865
4896,19.8337
4897,19.5343
4898,19.4726
4899,19.7616
4900,19.8338
4901,19.9052
4902,19.6214
4903,19.7612
4904,19.7796
4905,19.6805
4906,20.2633
4907,20.4094
4908,20.0579
4909,19.5267
4910,19.9335
4911,19.6148
4912,19.4924
4913,19.5122
4914,19.4208
4915,19.5767
4916,19.3592
4917,19.4078
4918,19.2988
4919,19.3251
4920,19.5497
4921,20.2681
4922,20.0167
4923,19.799
4924,19.6577
4925,19.6551
4926,19.6715
4927,19.225
4928,20.1768
4929,19.7859
4930,19.7072
4931,20.0767
4932,19.4305
4933,19.632
4934,20.1749
4935,19.3577
4936,19.1324
4937,20.1955
4938,19.5193
4939,19.6639
4940,19.5399
4941,20.1497
4942,19.915
4943,20.4561
4944,19.9742
4945,20.1046
4946,20.2802
4947,19.9168
4948,19.7668
4949,19.5635
4950,19.3753
4951,19.9391
4952,19.8114
4953,19.3732
4954,19.7572
4955,19.9074
4956,19.6633
4957,19.7948
4958,19.7095
4959,19.3332
4960,19.4555
4961,20.1547
4962,19.3816
4963,19.8788
4964,20.249
4965,19.5247
4966,20.2899
4967,19.5891
4968,19.8762
4969,20.3479
4970,19.7362
4971,19.3466
4972,19.9806
4973,19.198
4974,19.2839
4975,19.2588
4976,19.6447
4977,19.9051
4978,19.8837
4979,20.3921
4980,19.5759
4981,19.8698
4982,19.5582
4983,19.7024
4984,20.5545
4985,20.1723
4986,19.8243
4987,20.008
4988,19.8443
4989,19.4471
4990,19.5072
4991,20.0541
4992,19.2253
4993,19.499
4994,19.7965
4995,19.5289
4996,20.0108
4997,20.0095
4998,20.3476
4999,19.2775
5000,19.5688
5001,19.7378
5002,19.3484
5003,19.4177
5004,19.6705
5005,19.8508
5006,19.5097
5007,20.4573
5008,20.0101
5009,19.9053
5010,20.091
5011,19.6934
5012,19.8878
5013,19.2104
5014,20.4334
5015,20.0853
5016,19.6495
5017,19.8408
5018,19.6573
5019,19.5532
5020,19.9883
5021,19.7394
5022,20.3245
5023,19.8471
5024,20.28
5025,20.0192
5026,20.1443
5027,19.3682
5028,19.9433
5029,20.0548
5030,19.7285
5031,19.932
5032,19.352
5033,19.8791
5034,20.2281
5035,19.4989
5036,20.1702
5037,20.1963
5038,19.7758
5039,19.5709
5040,19.38
5041,19.8312
5042,19.7774
5043,19.7065
5044,20.3698
5045,19.7101
5046,20.4112
5047,19.8438
5048,19.7594
5049,19.9324
5050,19.6436
5051,19.589
5052,20.1952
5053,20.1061
5054,20.0469
5055,19.4834
5056,19.7465
5057,19.4492
5058,19.5903
5059,19.2533
5060,19.4656
5061,20.3369
5062,20.0916
5063,20.0393
5064,20.3316
5065,19.602
5066,19.8203
5067,19.8148
5068,19.5766
5069,19.9734
5070,19.7371
5071,20.1231
5072,19.4529
5073,19.744
5074,20.2017
5075,20.1715
5076,19.1872
5077,20.3775
5078,19.6228
5079,19.8444
5080,20.621
5081,19.4608
5082,19.7636
5083,19.6023
5084,20.1793
5085,19.9503
5086,20.0747
5087,19.5489
5088,19.7454
5089,19.8368
5090,19.215
5091,19.9218
5092,19.3719
5093,19.3305
5094,19.4043
5095,20.2926
5096,18.9275
5097,19.626
5098,19.5792
5099,20.0156
5100,19.6519
5101,19.6926
5102,19.4621
5103,19.3117
5104,19.6409
5105,19.4699
5106,19.948
5107,20.304
5108,19.884
5109,19.9357
5110,19.7985
5111,19.7591
5112,19.3884
5113,19.3617
5114,19.9954
5115,19.2138
5116,19.5534
5117,19.5399
5118,19.2912
5119,20.0271
5120,20.2166
5121,19.9908
5122,19.8932
5123,19.3799
5124,20.4224
5125,19.5306
5126,19.5819
5127,20.1862
5128,20.2411
5129,19.9807
5130,19.8962
5131,20.4649
5132,19.5612
5133,20.0045
5134,20.0758
5135,19.8396
5136,19.1444
5137,20.11
5138,20.5837
5139,19.5999
5140,19.5961
5141,19.2651
5142,20.7999
5143,19.998
5144,19.6236
5145,20.324
5146,20.0983
5147,20.0144
5148,19.5959
5149,19.3457
5150,19.7849
5151,20.6815
5152,19.4602
5153,19.3735
5154,19.6345
5155,19.4627
5156,19.8306
5157,20.034
5158,19.7457
5159,19.9888
5160,19.4082
5161,19.6693
5162,19.0713
5163,19.4823
5164,19.9083
5165,19.749
5166,19.5967
5167,19.565
5168,19.6347
5169,19.6942
5170,19.7801
5171,19.5325
5172,19.4668
5173,20.3918
5174,19.6649
5175,19.9658
5176,19.5685
5177,19.3994
5178,19.6602
5179,19.2317
5180,19.9433
5181,18.7882
5182,19.8363
5183,19.6016
5184,19.3093
5185,19.5376
5186,19.9364
5187,19.8176
5188,20.0438
5189,20.0183
5190,19.8351
5191,19.3977
5192,19.4999
5193,20.1123
5194,19.7042
5195,19.9279
5196,19.8914
5197,19.9127
5198,19.4597
5199,19.8656
5200,19.2821
5201,19.5433
5202,19.6651
5203,20.3331
5204,19.7379
5205,20.5019
5206,20.2606
5207,18.4861
5208,19.8166
5209,20.5242
5210,19.8801
5211,19.9271
5212,19.5802
5213,20.0623
5214,20.3354
5215,20.0183
5216,19.4944
5217,19.6674
5218,19.5257
5219,19.2761
5220,20.266
5221,20.041
5222,20.3977
5223,19.596
5224,19.534
5225,19.9494
5226,19.7016
5227,20.0593
5228,19.6416
5229,19.2294
5230,19.9711
5231,20.4188
5232,19.5704
5233,20.2609
5234,19.2603
5235,19.7432
5236,19.2753
5237,19.1616
5238,19.9644
5239,19.885
5240,19.5396
5241,19.8244
5242,20.5203
5243,19.5841
5244,19.1651
5245,19.6995
5246,20.1112
5247,19.8086
5248,19.303
5249,19.8821
5250,19.5477
5251,19.427
5252,19.7444
5253,19.518
5254,19.3262
5255,19.6262
5256,20.5162
5257,19.5835
5258,19.6701
5259,19.9084
5260,19.4824
5261,19.7085
5262,20.0399
5263,19.9441
5264,20.0774
5265,19.737
5266,19.5998
5267,19.318
5268,19.7842
5269,19.5336
5270,19.6604
5271,19.0072
5272,19.6913
5273,20.0418
5274,19.8378
5275,19.6064
5276,19.6263
5277,19.2389
5278,19.9222
5279,19.5538
5280,20.4017
5281,19.6623
5282,20.4962
5283,19.9299
5284,19.4758
5285,19.7108
5286,19.3576
5287,20.0656
5288,19.6393
5289,20.2076
5290,19.5248
5291,20.2211
5292,19.6722
5293,19.5949
5294,19.2881
5295,20.3647
5296,19.859
5297,19.5859
5298,19.7669
5299,20.2945
5300,19.6737
5301,20.0051
5302,19.4246
5303,19.5879
5304,20.1355
5305,20.3429
5306,19.7273
5307,19.2138
5308,19.6664
5309,20.3131
5310,20.333
5311,19.3391
5312,20.7275
5313,19.4407
5314,19.9612
5315,20.0969
5316,19.629
5317,19.7287
5318,19.9704
5319,19.2298
5320,19.7756
5321,19.966
5322,19.619
5323,19.9978
5324,19.4673
5325,19.3847
5326,19.6962
5327,19.6547
5328,20.2508
5329,19.9177
5330,19.6544
5331,20.1371
5332,19.621
5333,19.4523
5334,20.5349
5335,19.4712
5336,19.696
5337,19.8949
5338,19.8786
5339,19.7774
5340,19.9101
5341,19.1953
5342,19.3636
5343,20.2631
5344,19.64
5345,19.6055
5346,19.9971
5347,19.8844
5348,19.1591
5349,19.7639
5350,19.6882
5351,19.678
5352,20.2532
5353,19.8677
5354,19.9778
5355,19.189
5356,20.0395
5357,19.897
5358,20.0405
5359,19.8123
5360,19.3863
5361,19.9231
5362,20.0175
5363,19.8489
5364,20.4077
5365,19.7521
5366,19.6643
5367,19.7835
5368,19.6713
5369,19.3852
5370,20.042
5371,19.755
5372,19.3999
5373,19.9139
5374,19.3681
5375,19.7533
5376,19.119
5377,20.0384
5378,19.7145
5379,19.7957
5380,19.6728
5381,19.8752
5382,20.1013
5383,19.8735
5384,19.5915
5385,19.2147
5386,19.6672
5387,19.5614
5388,19.411
5389,19.609
5390,19.4132
5391,19.7977
5392,19.9896
5393,19.4451
5394,20.183
5395,19.6785
5396,19.5609
5397,19.2695
5398,20.7012
5399,20.2109
5400,19.7315
5401,19.6688
5402,19.3823
5403,19.9261
5404,19.4946
5405,19.0119
5406,19.7082
5407,20.1073
5408,19.543
5409,19.2942
5410,19.4942
5411,19.3367
5412,19.4155
5413,19.5771
5414,19.7428
5415,19.6992
5416,20.0127
5417,19.6328
5418,19.8093
5419,19.348
5420,19.816
5421,19.717
5422,19.295
5423,20.4795
5424,19.8643
5425,20.1839
5426,20.7723
5427,20.2561
5428,19.7361
5429,20.0243
5430,19.9269
5431,19.9187
5432,19.6194
5433,19.8865
5434,20.0954
5435,19.6932
5436,19.8855
5437,19.2843
5438,19.6445
5439,20.4374
5440,20.3206
5441,19.8446
5442,19.9941
5443,19.7579
5444,20.8582
5445,19.9592
5446,19.7013
5447,19.881
5448,19.718
5449,20.0685
5450,19.8945
5451,19.5449
5452,19.574
5453,19.116
5454,20.2319
5455,20.2182
5456,20.1784
5457,20.56
5458,19.8404
5459,19.6153
5460,20.0963
5461,19.8619
5462,19.9485
5463,19.4423
5464,19.928
5465,19.4892
5466,20.1375
5467,20.4753
5468,19.809
5469,19.3762
5470,20.1304
5471,20.271
5472,20.7302
5473,19.7597
5474,19.9339
5475,19.8703
5476,20.0183
5477,19.6472
5478,19.8869
5479,19.4457
5480,20.3531
5481,19.249
5482,19.1499
5483,19.8045
5484,19.7379
5485,19.8456
5486,19.5064
5487,19.7476
5488,20.3174
5489,19.3107
5490,20.3117
5491,20.0621
5492,19.3656
5493,19.6239
5494,19.9062
5495,19.5909
5496,19.474
5497,20.1239
5498,20.228
5499,20.0051
5500,19.9673
5501,19.9411
5502,19.6306
5503,19.756
5504,19.4437
5505,20.5163
5506,19.5294
5507,20.2686
5508,20.0984
5509,19.7796
5510,19.121
5511,19.7138
5512,19.864
5513,19.7912
5514,19.9168
5515,19.4729
5516,19.5708
5517,20.4207
5518,19.9346
5519,20.333
5520,19.5364
5521,18.9086
5522,19.9036
5523,20.1095
5524,19.723
5525,19.6266
5526,19.4505
5527,19.4015
5528,19.3792
5529,19.9469
5530,19.5761
5531,19.8311
5532,19.2862
5533,19.7882
5534,20.0639
5535,19.2885
5536,20.0737
5537,19.4962
5538,19.7838
5539,18.9939
5540,20.2938
5541,20.0567
5542,19.3654
5543,20.0594
5544,19.7356
5545,20.0493
5546,19.4955
5547,19.5454
5548,19.8793
5549,20.1123
5550,19.7631
5551,19.4298
5552,19.5937
5553,19.215
5554,19.8387
5555,19.931
5556,19.5765
5557,19.7725
5558,19.7079
5559,19.5798
5560,20.6773
5561,19.6884
5562,19.6888
5563,20.1735
5564,19.8789
5565,19.5398
5566,19.4558
5567,19.6933
5568,19.4014
5569,19.9392
5570,19.3932
5571,19.301
5572,19.9831
5573,19.3872
5574,19.8292
5575,19.9888
5576,19.6727
5577,19.4753
5578,19.4083
5579,20.1499
5580,20.3637
5581,20.4457
5582,19.5003
5583,19.3935
5584,20.1226
5585,20.1332
5586,19.6371
5587,20.0985
5588,19.8591
5589,20.1707
5590,19.8896
5591,18.9258
5592,20.3642
5593,19.4968
5594,20.3711
5595,20.2405
5596,19.8343
5597,19.7479
5598,19.7684
5599,19.5883
5600,19.988
5601,19.8717
5602,19.5886
5603,19.1624
5604,20.3609
5605,19.5974
5606,19.9702
5607,19.5461
5608,19.873
5609,20.1267
5610,19.3757
5611,19.6849
5612,19.8227
5613,19.7615
5614,20.0526
5615,20.3849
5616,19.9052
5617,20.118
5618,19.2386
5619,20.0979
5620,19.7552
5621,19.9175
5622,19.9596
5623,20.5152
5624,20.0456
5625,19.3128
5626,19.9717
5627,19.7753
5628,20.0877
5629,19.1233
5630,19.3981
5631,20.1984
5632,20.1422
5633,20.1448
5634,19.6298
5635,19.9355
5636,20.0131
5637,19.9012
5638,20.0475
5639,20.384
5640,20.1645
5641,20.1722
5642,19.5531
5643,19.7512
5644,19.6253
5645,19.6885
5646,19.5425
5647,19.2183
5648,20.0481
5649,19.6333
5650,19.7851
5651,19.5979
5652,19.3632
5653,20.033
5654,19.7708
5655,20.0526
5656,19.8904
5657,19.7822
5658,20.0332
5659,19.7292
5660,19.4221
5661,19.9725
5662,18.8427
5663,19.7471
5664,19.3182
5665,19.9752
5666,19.9309
5667,19.5985
5668,20.1523
5669,19.8008
5670,19.8139
5671,19.9215
5672,19.4385
5673,20.2738
5674,19.7958
5675,19.3331
5676,19.5982
5677,19.0887
5678,19.4262
5679,20.0092
5680,20.3229
5681,20.0981
5682,19.5367
5683,19.2671
5684,19.4507
5685,19.4346
5686,20.0221
5687,19.7809
5688,19.6648
5689,19.566
5690,19.4573
5691,19.3857
5692,19.6343
5693,20.1549
5694,19.3166
5695,20.2088
5696,20.1628
5697,19.8888
5698,19.7358
5699,19.2074
5700,19.2438
5701,19.6531
5702,19.9398
5703,19.7508
5704,19.2805
5705,20.1091
5706,20.2169
5707,19.5493
5708,19.4737
5709,19.2716
5710,19.6383
5711,20.3446
5712,19.2358
5713,19.9271
5714,19.3792
5715,19.946
5716,19.8046
5717,19.3972
5718,19.7223
5719,19.0017
5720,20.2409
5721,19.4945
5722,20.0059
5723,19.8274
5724,19.5717
5725,19.567
5726,19.7378
5727,20.0287
5728,20.2354
5729,19.9124
5730,19.8545
5731,19.9018
5732,20.4983
5733,19.6403
5734,19.1259
5735,20.3135
5736,19.7752
5737,19.8403
5738,19.7683
5739,19.7089
5740,19.6996
5741,19.4502
5742,19.3101
5743,19.919
5744,19.9475
5745,19.4497
5746,19.9753
5747,20.33
5748,19.2363
5749,19.2936
5750,19.2341
5751,20.4066
5752,19.5897
5753,19.5528
5754,19.672
5755,19.5583
5756,19.7672
5757,19.8223
5758,19.7235
5759,19.646
5760,19.3952
5761,19.6334
5762,20.3021
5763,19.8269
5764,19.6303
5765,20.2676
5766,19.9826
5767,18.9098
5768,19.5268
5769,19.4755
5770,19.8317
5771,20.1696
5772,19.6495
5773,19.9918
5774,20.0023
5775,20.2658
5776,19.5347
5777,20.3641
5778,19.9218
5779,19.2985
5780,19.993
5781,20.4983
5782,19.1773
5783,19.227
5784,20.0425
5785,20.5424
5786,19.3153
5787,20.3113
5788,19.9275
5789,19.7523
5790,19.8235
5791,20.6443
5792,20.2306
5793,19.9172
5794,20.5087
5795,19.3017
5796,20.5574
5797,20.1537
5798,19.4096
5799,19.7231
5800,19.3184
5801,19.6432
5802,19.8869
5803,19.7241
5804,19.4911
5805,19.8661
5806,20.0331
5807,19.4672
5808,19.3335
5809,19.5617
5810,19.5976
5811,20.6327
5812,19.3251
5813,19.5687
5814,20.5024
5815,19.2324
5816,19.0523
5817,19.7553
5818,19.8087
5819,19.6992
5820,20.2586
5821,19.3951
5822,19.5627
5823,20.0019
5824,19.6587
5825,19.696
5826,19.5477
5827,19.9167
5828,19.8647
5829,19.8164
5830,19.9618
5831,19.7953
5832,19.8055
5833,19.7463
5834,20.2858
5835,19.5761
5836,19.7183
5837,19.6774
5838,20.5082
5839,20.1226
5840,19.3687
5841,19.9888
5842,19.5403
5843,19.2926
5844,19.4933
5845,19.4686
5846,20.4502
5847,19.8435
5848,19.5058
5849,19.2569
5850,19.3347
5851,20.0668
5852,19.7277
5853,19.7379
5854,19.564
5855,19.8767
5856,19.8854
5857,20.0147
5858,19.7805
5859,19.7998
5860,20.6485
5861,20.2981
5862,19.7299
5863,20.1887
5864,20.0171
5865,20.0909
5866,20.057
5867,19.8129
5868,19.6052
5869,19.6342
5870,20.0236
5871,19.6567
5872,19.9715
5873,20.1764
5874,20.5607
5875,19.6206
5876,19.5968
5877,19.7496
5878,19.5889
5879,20.0397
5880,19.1646
5881,20.0828
5882,19.5201
5883,19.4676
5884,20.2098
5885,19.8232
5886,19.6414
5887,20.2452
5888,19.4299
5889,19.3313
5890,19.8323
5891,19.0821
5892,19.9915
5893,19.6289
5894,20.0936
5895,19.9513
5896,19.6484
5897,19.9395
5898,19.4073
5899,19.5703
5900,19.2021
5901,19.2523
5902,20.9228
5903,19.9764
5904,20.005
5905,19.2618
5906,19.424
5907,19.7058
5908,19.9197
5909,20.0416
5910,19.3198
5911,20.0948
5912,19.4751
5913,19.3962
5914,19.8286
5915,19.3152
5916,19.5385
5917,20.2321
5918,19.4758
5919,19.6526
5920,19.4879
5921,19.7882
5922,19.2486
5923,20.382
5924,20.438
5925,19.6027
5926,19.6944
5927,19.8312
5928,20.3017
5929,19.5163
5930,19.3485
5931,20.0317
5932,20.1857
5933,19.6856
5934,20.1249
5935,19.1648
5936,20.3048
5937,19.429
5938,19.2434
5939,20.4639
5940,19.3364
5941,19.8288
5942,19.62
5943,19.7905
5944,19.8471
5945,20.4952
5946,19.6491
5947,19.6419
5948,19.5742
5949,19.3896
5950,19.8014
5951,20.1406
5952,19.4834
5953,19.7211
5954,19.1451
5955,19.6406
5956,19.6354
5957,20.3304
5958,19.4433
5959,19.8968
5960,20.1238
5961,20.2207
5962,19.9663
5963,20.1699
5964,19.9435
5965,19.8973
5966,20.2808
5967,19.992
5968,19.6204
5969,19.9409
5970,19.418
5971,19.6937
5972,19.8425
5973,19.5606
5974,19.3551
5975,18.8227
5976,20.5179
5977,19.6759
5978,19.4208
5979,19.3648
5980,19.6229
5981,19.621
5982,20.0257
5983,19.2552
5984,20.2411
5985,20.2317
5986,19.7487
5987,19.7169
5988,19.727
5989,20.2307
5990,18.6785
5991,19.4709
5992,20.0031
5993,19.9428
5994,20.169
5995,19.7709
5996,19.8724
5997,20.0049
5998,19.797
5999,20.1799
6000,19.767
6001,19.8793
6002,19.7536
6003,19.2021
6004,19.4305
6005,18.9143
6006,19.5639
6007,19.2704
6008,19.4828
6009,20.2383
6010,19.9171
6011,20.0072
6012,19.7704
6013,20.1732
6014,19.445
6015,20.0726
6016,19.2773
6017,20.0774
6018,19.5082
6019,19.9244
6020,19.812
6021,20.1168
6022,19.5685
6023,19.4121
6024,20.1646
6025,20.1206
6026,19.8859
6027,19.8104
6028,19.5481
6029,19.5677
6030,19.1045
6031,19.6741
6032,20.1661
6033,19.6066
6034,20.5928
6035,20.0073
6036,19.7527
6037,19.9418
6038,19.506
6039,19.6348
6040,19.7932
6041,19.4075
6042,20.0318
6043,19.7479
6044,19.9926
6045,19.346
6046,20.3157
6047,19.7429
6048,19.6386
6049,20.1132
6050,19.8932
6051,19.845
6052,20.0724
6053,19.9186
6054,20.2484
6055,20.0187
6056,19.7872
6057,19.8784
6058,19.9718
6059,20.3501
6060,19.8692
6061,19.6339
6062,19.5469
6063,19.7558
6064,20.0197
6065,19.7617
6066,19.5322
6067,19.5022
6068,19.5962
6069,20.0258
6070,20.3456
6071,19.7949
6072,19.6534
6073,19.692
6074,19.8627
6075,19.5835
6076,20.1917
6077,19.099
6078,19.8213
6079,20.2596
6080,19.2832
6081,19.4272
6082,20.1284
6083,19.5955
6084,19.3878
6085,19.6088
6086,19.8275
6087,19.9002
6088,19.3321
6089,19.8534
6090,19.4244
6091,20.2386
6092,19.6294
6093,19.3854
6094,19.9932
6095,19.9748
6096,19.5231
6097,20.3022
6098,20.1252
6099,19.5796
6100,19.7157
6101,19.7264
6102,20.2608
6103,19.4828
6104,20.4609
6105,20.4753
6106,20.256
6107,19.6769
6108,19.6045
6109,19.4411
6110,19.5489
6111,20.0143
6112,19.5831
6113,20.5876
6114,19.9798
6115,19.8575
6116,19.8153
6117,20.0852
6118,19.7299
6119,19.7167
6120,19.2011
6121,19.6283
6122,19.4656
6123,20.1411
6124,19.3667
6125,19.7668
6126,19.1491
6127,19.6639
6128,20.1023
6129,19.1313
6130,19.3385
6131,20.035
6132,19.4835
6133,19.9332
6134,19.3903
6135,19.6763
6136,19.9166
6137,20.1001
6138,19.6615
6139,19.2857
6140,19.5999
6141,19.9734
6142,20.2099
6143,19.3316
6144,20.2242
6145,19.3074
6146,19.9253
6147,19.8018
6148,20.3891
6149,19.5906
6150,20.0191
6151,19.46
6152,19.4963
6153,19.3353
6154,19.3769
6155,19.3931
6156,19.7887
6157,19.1127
6158,19.4048
6159,20.659
6160,19.9139
6161,20.1459
6162,20.5074
6163,19.7496
6164,20.2171
6165,19.5807
6166,19.8489
6167,19.4598
6168,19.7385
6169,19.6811
6170,20.1209
6171,20.0147
6172,19.4703
6173,19.8573
6174,19.4414
6175,20.3729
6176,20.1965
6177,20.5093
6178,20.0734
6179,19.0416
6180,20.138
6181,20.7495
6182,19.5819
6183,20.3514
6184,18.9862
6185,19.6136
6186,19.9643
6187,19.7056
6188,19.2625
6189,19.7464
6190,19.8469
6191,19.2711
6192,19.9799
6193,20.0943
6194,19.8045
6195,19.9961
6196,19.6688
6197,19.6015
6198,19.8481
6199,19.6848
6200,20.2556
6201,19.588
6202,20.5206
6203,19.8898
6204,19.3762
6205,20.0767
6206,19.8497
6207,19.5998
6208,20.2287
6209,19.864
6210,20.1142
6211,20.0558
6212,19.4342
6213,19.6276
6214,20.2997
6215,19.0162
6216,19.9226
6217,19.6149
6218,20.3539
6219,19.8192
6220,19.8774
6221,19.3433
6222,19.678
6223,19.8612
6224,20.0429
6225,19.4882
6226,19.7683
6227,19.4511
6228,19.5338
6229,19.4537
6230,20.5422
6231,20.2068
6232,19.6354
6233,20.0585
6234,19.9843
6235,19.1114
6236,19.3698
6237,20.2336
6238,19.6995
6239,19.7743
6240,19.439
6241,20.2028
6242,19.5365
6243,19.6988
6244,19.9125
6245,20.1466
6246,20.4503
6247,19.4101
6248,20.2851
6249,19.6373
6250,19.324
6251,19.6675
6252,19.5197
6253,19.4965
6254,20.1951
6255,20.0405
6256,19.8062
6257,20.178
6258,19.4683
6259,19.4196
6260,20.1163
6261,19.2368
6262,19.1214
6263,20.5957
6264,19.586
6265,20.4141
6266,19.6804
6267,20.3733
6268,19.8046
6269,19.9641
6270,19.025
6271,19.457
6272,19.419
6273,18.9981
6274,19.6802
6275,20.1022
6276,19.4525
6277,20.0575
6278,19.528
6279,20.0607
6280,19.3203
6281,19.65
6282,19.5597
6283,18.9586
6284,19.7253
6285,20.409
6286,20.1771
6287,19.9536
6288,20.053
6289,19.8306
6290,19.9422
6291,19.3185
6292,19.3461
6293,19.9415
6294,19.2035
6295,20.0179
6296,20.2916
6297,19.8844
6298,19.846
6299,19.2543
6300,19.5026
6301,19.9999
6302,19.6166
6303,19.4161
6304,20.3962
6305,19.7397
6306,19.4736
6307,19.5599
6308,19.6076
6309,19.7148
6310,19.3864
6311,20.1102
6312,19.746
6313,20.0456
6314,19.828
6315,18.6867
6316,19.9566
6317,19.6108
6318,19.4644
6319,19.7692
6320,19.8673
6321,20.2231
6322,20.7382
6323,19.8706
6324,20.192
6325,19.8788
6326,19.883
6327,19.6779
6328,20.0989
6329,19.6214
6330,19.7428
6331,20.2061
6332,20.6502
6333,20.5521
6334,19.507
6335,19.7983
6336,20.6181
6337,19.7809
6338,19.8103
6339,19.6494
6340,19.9901
6341,19.347
6342,19.8619
6343,19.4144
6344,19.9056
6345,20.0788
6346,19.9908
6347,19.7595
6348,19.4356
6349,20.2886
6350,20.0206
6351,19.7472
6352,19.6518
6353,19.5805
6354,19.6907
6355,19.5264
6356,20.3015
6357,20.4339
6358,20.0052
6359,19.536
6360,19.4634
6361,19.5799
6362,20.1878
6363,20.4514
6364,20.1176
6365,20.1232
6366,19.958
6367,20.0027
6368,19.6488
6369,20.4534
6370,20.164
6371,19.6669
6372,20.1435
6373,20.0103
6374,19.679
6375,20.2376
6376,20.182
6377,19.6246
6378,19.3466
6379,20.2207
6380,19.9357
6381,19.7858
6382,20.0085
6383,19.8395
6384,19.7242
6385,20.4456
6386,19.7184
6387,19.9847
6388,20.488
6389,19.8604
6390,19.1053
6391,20.0933
6392,19.5622
6393,20.1493
6394,19.3933
6395,19.7605
6396,19.4918
6397,19.7298
6398,19.3492
6399,20.1252
6400,18.8164
6401,19.6017
6402,19.6845
6403,19.8371
6404,19.6629
6405,19.4606
6406,19.714
6407,19.2299
6408,19.4929
6409,20.1578
6410,20.14
6411,19.653
6412,19.1901
6413,20.3893
6414,19.7841
6415,19.5039
6416,19.3602
6417,19.9636
6418,19.8311
6419,19.632
6420,20.0983
