0,2.95838
1,2.94909
2,2.65257
3,2.68184
4,0
5,2.20987
6,0
7,0
8,0
9,2.35213
10,3.06148
11,0
12,0
13,0
14,2.8311
15,2.16606
16,0
17,0
18,2.41076
19,2.34525
20,0
21,0
22,2.62612
23,0
24,2.66255
25,0
26,2.67501
27,0
28,2.41763
29,3.05641
30,2.66989
31,0
32,0
33,0
34,3.11805
35,0
36,0
37,2.53729
38,2.62531
39,0
40,3.09136
41,0
42,2.44321
43,0
44,2.2625
45,2.9508
46,2.48378
47,0
48,0
49,0
50,2.35719
51,2.37454
52,0
53,0
54,0
55,3.19447
56,0
57,0
58,0
59,2.44953
60,2.65669
61,0
62,2.56251
63,2.5015
64,0
65,0
66,0
67,2.1212
68,0
69,0
70,0
71,2.43435
72,2.90548
73,2.56069
74,2.24876
75,2.03696
76,0
77,2.05638
78,0
79,2.35252
80,0
81,0
82,0
83,2.44643
84,0
85,0
86,0
87,0
88,2.50631
89,0
90,0
91,2.38974
92,3.44884
93,2.29939
94,2.8227
95,0
96,2.70832
97,0
98,0
99,0
100,2.59929
101,0
102,0
103,0
104,2.1363
105,0
106,0
107,2.26208
108,2.38441
109,0
110,0
111,0
112,2.73508
113,0
114,0
115,1.95044
116,2.37063
117,2.15249
118,0
119,0
120,0
121,2.28497
122,0
123,0
124,2.15638
125,0
126,0
127,0
128,2.65237
129,2.25534
130,2.62323
131,0
132,0
133,2.81521
134,0
135,0
136,0
137,2.74815
138,0
139,0
140,0
141,1.59601
142,2.92961
143,0
144,2.75593
145,2.09374
146,0
147,0
148,0
149,2.86532
150,0
151,0
152,0
153,2.83037
154,0
155,0
156,0
157,2.78569
158,2.66508
159,0
160,2.31542
161,0
162,2.80798
163,0
164,0
165,0
166,2.3896
167,2.97959
168,0
169,0
170,2.35003
171,0
172,0
173,0
174,2.48018
175,2.24146
176,0
177,0
178,2.17619
179,3.04026
180,0
181,2.65323
182,0
183,2.6999
184,0
185,2.6668
186,0
187,2.29915
188,0
189,0
190,0
191,0
192,2.53464
193,1.85721
194,2.30403
195,2.88927
196,3.2826
197,0
198,0
199,2.08602
200,2.74315
201,0
202,0
203,2.12898
204,2.32828
205,2.95625
206,0
207,0
208,0
209,2.48027
210,0
211,0
212,0
213,2.52676
214,2.79714
215,2.35541
216,2.82339
217,2.25631
218,0
219,0
220,2.43695
221,2.8142
222,0
223,2.87815
224,0
225,0
226,0
227,28.6651
228,0
229,29.5903
230,0
231,28.4143
232,0
233,0
234,29.1981
235,28.9991
236,0
237,0
238,29.3872
239,29.5241
240,0
241,0
242,28.6022
243,0
244,0
245,0
246,29.2127
247,29.3174
248,0
249,29.7792
250,28.9648
251,0
252,0
253,0
254,28.8086
255,28.7513
256,29.4383
257,0
258,29.1548
259,29.8346
260,29.874
261,28.9005
262,29.103
263,0
264,28.3728
265,0
266,29.2297
267,0
268,29.3756
269,29.6315
270,29.0506
271,0
272,0
273,29.5929
274,0
275,0
276,0
277,29.6169
278,0
279,0
280,0
281,29.1098
282,29.3361
283,0
284,0
285,28.798
286,0
287,0
288,29.1053
289,0
290,29.0992
291,29.5606
292,29.1791
293,0
294,0
295,28.351
296,29.6814
297,0
298,28.9968
299,29.3775
300,29.1569
301,29.6997
302,0
303,29.3664
304,0
305,0
306,0
307,29.371
308,0
309,0
310,0
311,29.5177
312,29.1214
313,0
314,0
315,29.1025
316,29.4584
317,28.6415
318,0
319,29.3274
320,28.6948
321,0
322,29.6464
323,0
324,0
325,28.7256
326,29.2861
327,0
328,0
329,0
330,29.0884
331,0
332,29.1792
333,0
334,28.7278
335,0
336,0
337,29.2611
338,0
339,0
340,0
341,29.0394
342,0
343,29.5207
344,0
345,0
346,0
347,28.9862
348,0
349,29.7227
350,0
351,0
352,30.2031
353,0
354,0
355,0
356,29.5357
357,0
358,29.4033
359,0
360,29.0699
361,29.1739
362,0
363,29.0649
364,28.4459
365,29.3891
366,0
367,28.5025
368,28.9826
369,28.5814
370,29.1967
371,28.8399
372,0
373,29.962
374,0
375,29.5542
376,0
377,29.0425
378,28.6439
379,29.0842
380,29.1565
381,28.5354
382,29.0052
383,28.817
384,0
385,29.4259
386,0
387,29.1921
388,0
389,28.702
390,0
391,29.5704
392,0
393,0
394,29.5403
395,29.1022
396,29.1495
397,29.8254
398,29.02
399,0
400,29.2369
401,0
402,29.0118
403,29.1252
404,29.5156
405,0
406,29.9797
407,0
408,0
409,29.4187
410,0
411,28.4195
412,29.6235
413,29.0934
414,0
415,0
416,0
417,28.9717
418,0
419,28.7254
420,0
421,29.4575
422,29.3186
423,28.9739
424,28.999
425,29.5693
426,29.6022
427,29.256
428,28.7196
429,29.2357
430,29.3322
431,29.1666
432,0
433,28.7002
434,29.4313
435,28.7838
436,29.3811
437,28.6337
438,28.9923
439,29.3128
440,29.3065
441,29.6906
442,0
443,0
444,29.358
445,29.1663
446,29.3106
447,29.0724
448,29.1832
449,29.2406
450,29.5904
451,29.4195
452,29.1456
453,28.8033
454,0
455,29.4677
456,0
457,29.3063
458,0
459,29.6277
460,0
461,29.3061
462,29.0537
463,29.0188
464,0
465,0
466,0
467,28.8879
468,29.1398
469,29.0939
470,29.6962
471,29.183
472,28.7489
473,0
474,29.6996
475,29.1401
476,28.9312
477,28.6678
478,29.2697
479,0
480,28.6464
481,29.4349
482,29.6334
483,0
484,0
485,28.8525
486,28.8908
487,28.2633
488,29.0172
489,28.8031
490,29.4289
491,29.3684
492,29.0942
493,29.1089
494,0
495,0
496,29.2889
497,29.3446
498,0
499,29.1261
500,0
501,28.4891
502,0
503,0
504,29.0925
505,29.1164
506,29.0104
507,29.4345
508,29.41
509,0
510,28.9669
511,29.3796
512,29.4989
513,0
514,29.0892
515,29.2613
516,29.0402
517,0
518,29.2351
519,29.6642
520,29.1637
521,28.8551
522,28.5896
523,28.7876
524,29.3649
525,28.8429
526,0
527,28.6048
528,29.3019
529,28.5338
530,28.9249
531,29.2922
532,0
533,29.5855
534,0
535,29.5948
536,0
537,28.9645
538,29.5218
539,0
540,0
541,0
542,29.0147
543,29.2305
544,28.6954
545,0
546,28.5458
547,29.399
548,0
549,29.1773
550,0
551,29.1318
552,0
553,28.5066
554,29.1769
555,29.5502
556,0
557,29.1313
558,29.2386
559,0
560,0
561,29.3573
562,29.274
563,29.167
564,29.5398
565,29.1235
566,29.1684
567,0
568,29.0331
569,29.3191
570,29.5346
571,29.4986
572,29.1682
573,29.1492
574,0
575,28.3399
576,29.2495
577,28.8864
578,29.4857
579,0
580,28.9095
581,28.8646
582,29.1439
583,29.6551
584,29.7533
585,0
586,0
587,28.7923
588,0
589,29.2829
590,29.5442
591,29.5842
592,28.9869
593,0
594,28.7636
595,28.4035
596,0
597,28.6317
598,29.3625
599,28.7557
600,0
601,28.7036
602,29.7849
603,30.0138
604,28.9948
605,29.2218
606,29.5042
607,29.2845
608,28.1678
609,28.7144
610,29.2359
611,0
612,28.6512
613,29.0507
614,0
615,0
616,0
617,28.9999
618,29.3298
619,29.3804
620,29.116
621,29.4213
622,0
623,0
624,29.2124
625,29.2151
626,28.8452
627,29.6613
628,0
629,28.4516
630,29.0031
631,28.5917
632,0
633,28.9896
634,0
635,29.482
636,29.4661
637,29.5284
638,0
639,0
640,29.3593
641,28.763
642,29.279
643,29.6054
644,29.143
645,29.2687
646,0
647,0
648,29.1346
649,29.7253
650,28.4766
651,29.2193
652,29.6554
653,0
654,0
655,29.7254
656,0
657,29.2243
658,28.8875
659,30.0157
660,0
661,29.3737
662,0
663,28.7587
664,29.146
665,0
666,0
667,29.1575
668,0
669,0
670,28.5815
671,0
672,28.9004
673,29.4862
674,28.4772
675,0
676,0
677,0
678,29.5595
679,29.4169
680,29.4742
681,29.3656
682,29.3413
683,28.9239
684,28.8536
685,28.5056
686,29.4332
687,0
688,28.7243
689,0
690,29.0042
691,29.2546
692,29.0845
693,29.2038
694,29.4408
695,0
696,29.0757
697,29.1061
698,28.9081
699,0
700,29.9595
701,29.3733
702,0
703,29.5251
704,29.2308
705,0
706,29.2525
707,28.8664
708,29.5243
709,29.1021
710,29.2024
711,0
712,29.5044
713,0
714,0
715,29.0479
716,29.4138
717,29.5084
718,0
719,29.1694
720,29.1201
721,29.1403
722,28.9654
723,29.0131
724,28.9683
725,29.6475
726,29.7106
727,29.041
728,29.6389
729,0
730,0
731,28.778
732,29.3391
733,0
734,0
735,29.3367
736,0
737,29.1305
738,0
739,29.1681
740,0
741,28.9155
742,29.4704
743,0
744,28.6386
745,0
746,29.2376
747,29.1807
748,29.5446
749,0
750,28.9723
751,28.7822
752,29.5653
753,30.2428
754,29.3796
755,0
756,0
757,29.3298
758,0
759,29.0163
760,0
761,29.0283
762,28.9832
763,0
764,29.2595
765,28.7865
766,0
767,0
768,28.9146
769,29.39
770,28.9496
771,0
772,28.8011
773,28.965
774,0
775,28.5899
776,29.4569
777,29.8853
778,29.5476
779,29.1517
780,0
781,29.0897
782,0
783,29.7542
784,29.4398
785,28.5606
786,29.5999
787,29.7993
788,28.8838
789,28.9773
790,0
791,0
792,29.0325
793,0
794,29.2746
795,0
796,29.2857
797,29.2647
798,29.2508
799,28.6539
800,29.3401
801,29.9231
802,0
803,29.4034
804,0
805,0
806,29.0546
807,30.1954
808,28.2606
809,0
810,0
811,29.3974
812,0
813,29.2127
814,29.6053
815,28.9869
816,29.1416
817,29.052
818,0
819,29.1108
820,29.8406
821,29.3975
822,28.4768
823,30.0388
824,29.6871
825,28.9083
826,29.8232
827,28.9578
828,0
829,0
830,29.2484
831,0
832,0
833,29.1305
834,28.834
835,29.4733
836,28.8783
837,29.6294
838,29.8648
839,29.2883
840,29.0401
841,29.0907
842,29.2515
843,0
844,0
845,28.6981
846,29.1498
847,29.646
848,28.679
849,29.584
850,29.1017
851,30.054
852,29.5193
853,29.6228
854,28.6003
855,29.5226
856,29.3629
857,29.1593
858,29.3853
859,0
860,28.7285
861,28.9829
862,29.2103
863,29.3665
864,28.61
865,0
866,0
867,29.7701
868,29.4008
869,0
870,0
871,0
872,28.528
873,0
874,0
875,29.0922
876,0
877,29.4652
878,0
879,29.3828
880,28.4008
881,0
882,29.2448
883,28.782
884,28.6598
885,0
886,29.9364
887,28.8832
888,0
889,29.1164
890,0
891,29.4421
892,0
893,0
894,28.751
895,29.8058
896,29.6434
897,28.9626
898,0
899,29.6504
900,29.2767
901,29.0573
902,28.954
903,29.3946
904,28.8691
905,29.2272
906,29.3481
907,0
908,0
909,29.4931
910,28.9389
911,29.3685
912,0
913,29.2939
914,28.9669
915,29.0871
916,0
917,28.8678
918,28.8541
919,0
920,28.9094
921,29.427
922,28.8989
923,28.953
924,0
925,29.4632
926,29.159
927,0
928,29.3044
929,29.1703
930,0
931,29.104
932,29.1431
933,28.9606
934,29.1785
935,29.9596
936,28.9165
937,29.061
938,29.6482
939,29.5921
940,29.1166
941,0
942,0
943,29.6361
944,29.1524
945,28.9918
946,29.3481
947,0
948,29.3976
949,29.6576
950,0
951,0
952,29.4904
953,29.5682
954,0
955,28.9957
956,0
957,0
958,0
959,29.356
960,28.8554
961,29.2277
962,0
963,29.4443
964,0
965,28.8
966,29.6603
967,29.7415
968,0
969,0
970,0
971,28.5427
972,28.7442
973,0
974,29.7067
975,29.744
976,28.8381
977,28.4793
978,0
979,29.1821
980,0
981,0
982,29.1781
983,29.5188
984,29.0634
985,0
986,29.659
987,0
988,28.999
989,0
990,29.0502
991,29.0949
992,28.9747
993,28.8294
994,0
995,0
996,28.7116
997,29.3317
998,0
999,0
1000,28.6461
1001,29.2986
1002,0
1003,29.1257
1004,0
1005,29.0939
1006,0
1007,28.798
1008,28.9602
1009,0
1010,29.0695
1011,28.7679
1012,29.0618
1013,29.2173
1014,0
1015,29.2054
1016,29.3147
1017,0
1018,28.7
1019,0
1020,29.4725
1021,0
1022,0
1023,28.8605
1024,29.0317
1025,0
1026,29.1982
1027,29.2155
1028,0
1029,28.9151
1030,0
1031,28.8305
1032,28.9263
1033,29.2769
1034,0
1035,29.3444
1036,29.1699
1037,0
1038,29.0831
1039,29.6376
1040,29.3892
1041,29.0656
1042,29.0095
1043,28.9393
1044,0
1045,28.9755
1046,0
1047,29.0682
1048,0
1049,28.8624
1050,29.1144
1051,29.083
1052,28.7008
1053,29.6382
1054,29.285
1055,29.4778
1056,28.6738
1057,29.1069
1058,0
1059,29.4262
1060,29.123
1061,28.8168
1062,0
1063,28.7738
1064,0
1065,28.4225
1066,29.5098
1067,28.9408
1068,0
1069,28.7728
1070,29.3942
1071,0
1072,29.3619
1073,29.5268
1074,29.4059
1075,29.3748
1076,0
1077,29.5134
1078,0
1079,29.1454
1080,29.3931
1081,29.4329
1082,29.1982
1083,0
1084,0
1085,0
1086,0
1087,29.1817
1088,29.3699
1089,29.262
1090,29.942
1091,29.4673
1092,28.8888
1093,0
1094,0
1095,29.2541
1096,29.1921
1097,29.48
1098,0
1099,29.91
1100,29.1863
1101,29.2059
1102,30.0263
1103,29.2952
1104,30.3302
1105,0
1106,0
1107,29.0065
1108,29.1219
1109,29.3353
1110,0
1111,0
1112,29.707
1113,29.2039
1114,29.2248
1115,28.4235
1116,0
1117,28.5398
1118,28.6955
1119,28.9549
1120,29.2978
1121,29.3149
1122,29.246
1123,0
1124,29.3394
1125,29.6341
1126,28.7388
1127,0
1128,0
1129,28.435
1130,29.0716
1131,0
1132,0
1133,28.9604
1134,0
1135,0
1136,28.8673
1137,0
1138,0
1139,0
1140,29.059
1141,28.6131
1142,29.1384
1143,29.1795
1144,29.3587
1145,0
1146,0
1147,0
1148,29.4757
1149,29.3543
1150,29.1163
1151,29.5152
1152,29.3937
1153,0
1154,29.6339
1155,0
1156,28.9462
1157,0
1158,29.698
1159,0
1160,29.405
1161,0
1162,29.5819
1163,0
1164,29.4851
1165,29.0738
1166,29.2141
1167,29.5037
1168,0
1169,0
1170,0
1171,28.9528
1172,0
1173,0
1174,0
1175,28.8816
1176,29.0845
1177,0
1178,29.1752
1179,28.9525
1180,29.4108
1181,29.4857
1182,0
1183,29.1492
1184,29.2163
1185,0
1186,28.9532
1187,0
1188,28.7823
1189,0
1190,29.4961
1191,28.8851
1192,29.3417
1193,0
1194,29.3668
1195,0
1196,29.7218
1197,29.5601
1198,29.1729
1199,0
1200,28.9977
1201,29.3414
1202,29.1882
1203,29.1483
1204,29.1081
1205,28.7041
1206,0
1207,0
1208,0
1209,0
1210,29.6549
1211,0
1212,29.16
1213,29.0997
1214,29.2936
1215,29.4062
1216,28.5714
1217,29.2686
1218,0
1219,28.7982
1220,28.9613
1221,0
1222,0
1223,29.3712
1224,29.0622
1225,0
1226,0
1227,0
1228,29.774
1229,0
1230,0
1231,0
1232,29.3448
1233,29.5504
1234,0
1235,0
1236,29.5194
1237,28.5786
1238,0
1239,0
1240,29.336
1241,29.0977
1242,28.9871
1243,29.0272
1244,29.1434
1245,28.443
1246,0
1247,29.4015
1248,0
1249,29.7648
1250,0
1251,29.3416
1252,0
1253,29.3119
1254,29.0626
1255,0
1256,0
1257,0
1258,28.4823
1259,29.3629
1260,0
1261,0
1262,29.3935
1263,28.7668
1264,29.8304
1265,28.8579
1266,29.5745
1267,29.0106
1268,28.9272
1269,0
1270,29.1585
1271,29.5135
1272,29.1474
1273,29.1796
1274,29.8815
1275,0
1276,0
1277,28.6998
1278,0
1279,29.0023
1280,29.1668
1281,29.432
1282,29.3307
1283,28.9279
1284,29.7764
1285,29.2161
1286,0
1287,0
1288,0
1289,28.9172
1290,29.5178
1291,0
1292,28.8568
1293,29.514
1294,0
1295,28.6307
1296,29.2212
1297,28.7809
1298,28.761
1299,0
1300,28.5125
1301,29.245
1302,0
1303,0
1304,28.5421
1305,0
1306,29.3392
1307,28.6898
1308,28.5208
1309,28.8582
1310,29.0378
1311,28.8
1312,0
1313,29.0939
1314,0
1315,29.2286
1316,29.2491
1317,29.0289
1318,0
1319,28.8461
1320,28.8649
1321,29.3323
1322,28.5616
1323,28.9506
1324,0
1325,29.3073
1326,29.2192
1327,29.4859
1328,0
1329,0
1330,29.1339
1331,28.7351
1332,29.075
1333,29.3555
1334,29.3946
1335,29.171
1336,0
1337,29.4031
1338,29.3708
1339,28.8015
1340,0
1341,29.2735
1342,28.9083
1343,0
1344,0
1345,29.1581
1346,0
1347,29.2272
1348,29.6545
1349,0
1350,29.4914
1351,29.2666
1352,29.4223
1353,0
1354,29.1423
1355,0
1356,28.6155
1357,0
1358,0
1359,0
1360,28.7931
1361,30.1655
1362,29.2305
1363,29.026
1364,29.0857
1365,29.7114
1366,29.1878
1367,28.9823
1368,28.7195
1369,0
1370,0
1371,29.9829
1372,0
1373,29.0315
1374,0
1375,29.1964
1376,29.1825
1377,0
1378,0
1379,29.3801
1380,0
1381,0
1382,29.6883
1383,0
1384,29.3977
1385,29.3927
1386,29.4971
1387,28.9364
1388,0
1389,29.1948
1390,0
1391,0
1392,0
1393,0
1394,29.6431
1395,29.1021
1396,28.6277
1397,0
1398,29.3007
1399,29.7044
1400,29.4997
1401,29.3495
1402,29.4796
1403,29.5289
1404,29.3695
1405,29.3934
1406,29.2762
1407,28.8994
1408,0
1409,29.0224
1410,0
1411,29.2495
1412,0
1413,28.7736
1414,0
1415,0
1416,28.8876
1417,29.172
1418,0
1419,0
1420,29.3453
1421,0
1422,0
1423,0
1424,29.2209
1425,0
1426,0
1427,0
1428,28.9872
1429,29.5151
1430,0
1431,0
1432,0
1433,29.1513
1434,0
1435,0
1436,0
1437,29.7269
1438,0
1439,0
1440,29.5299
1441,29.2613
1442,28.7178
1443,29.7822
1444,28.9922
1445,0
1446,28.932
1447,29.5511
1448,29.0969
1449,29.0995
1450,0
1451,29.652
1452,29.2172
1453,0
1454,29.1689
1455,28.9926
1456,0
1457,29.3827
1458,0
1459,28.9917
1460,29.598
1461,0
1462,0
1463,29.301
1464,0
1465,29.7081
1466,29.2942
1467,29.0099
1468,29.3128
1469,29.4845
1470,28.9155
1471,29.4351
1472,0
1473,0
1474,29.1462
1475,29.7404
1476,29.541
1477,28.9205
1478,30.1019
1479,29.628
1480,29.1027
1481,28.9823
1482,29.6328
1483,0
1484,29.3009
1485,29.4752
1486,29.1262
1487,0
1488,28.8247
1489,28.8874
1490,28.8097
1491,29.4512
1492,0
1493,29.872
1494,0
1495,0
1496,0
1497,29.7796
1498,0
1499,0
1500,0
1501,29.6691
1502,28.7866
1503,29.2306
1504,0
1505,29.8792
1506,30.0877
1507,28.7189
1508,29.8031
1509,0
1510,29.1414
1511,29.3721
1512,29.076
1513,0
1514,29.2616
1515,29.16
1516,28.9937
1517,0
1518,29.6014
1519,28.8587
1520,0
1521,0
1522,29.5275
1523,29.0449
1524,29.4425
1525,29.5616
1526,28.9646
1527,29.6569
1528,29.3944
1529,29.4178
1530,0
1531,29.7004
1532,0
1533,0
1534,28.9947
1535,28.8727
1536,29.0057
1537,29.6138
1538,29.2769
1539,0
1540,29.0817
1541,0
1542,29.2503
1543,0
1544,0
1545,0
1546,29.2687
1547,29.4928
1548,0
1549,29.1914
1550,29.4138
1551,0
1552,0
1553,28.8828
1554,29.5796
1555,0
1556,0
1557,0
1558,28.976
1559,0
1560,28.5209
1561,29.3267
1562,29.3146
1563,0
1564,0
1565,29.2357
1566,0
1567,28.9168
1568,0
1569,29.2911
1570,0
1571,0
1572,0
1573,29.2338
1574,0
1575,0
1576,29.6349
1577,28.8891
1578,28.5347
1579,0
1580,29.8137
1581,29.0336
1582,29.2546
1583,29.2071
1584,29.3757
1585,28.3629
1586,0
1587,0
1588,29.0431
1589,29.5946
1590,0
1591,29.1428
1592,29.1425
1593,0
1594,29.298
1595,0
1596,29.6753
1597,28.6996
1598,0
1599,29.0958
1600,0
1601,29.6634
1602,29.0139
1603,29.286
1604,0
1605,29.2451
1606,0
1607,29.0532
1608,0
1609,28.7385
1610,28.7332
1611,29.3527
1612,0
1613,29.1715
1614,29.4261
1615,0
1616,0
1617,0
1618,28.9654
1619,0
1620,29.6043
1621,0
1622,29.437
1623,29.9772
1624,29.5212
1625,29.7468
1626,29.1453
1627,29.4485
1628,28.9465
1629,29.6395
1630,29.5312
1631,28.9714
1632,29.3369
1633,29.5708
1634,0
1635,28.8931
1636,0
1637,28.849
1638,28.854
1639,0
1640,29.4153
1641,29.2055
1642,29.5796
1643,0
1644,29.1479
1645,29.2203
1646,29.0147
1647,29.4439
1648,29.0756
1649,29.3512
1650,29.8274
1651,28.8319
1652,28.8188
1653,0
1654,0
1655,28.9206
1656,0
1657,29.3924
1658,29.7614
1659,29.627
1660,29.0142
1661,29.3096
1662,0
1663,29.0742
1664,0
1665,29.2125
1666,28.6708
1667,0
1668,0
1669,28.7312
1670,28.7227
1671,0
1672,0
1673,28.457
1674,0
1675,29.7808
1676,0
1677,28.6435
1678,29.1578
1679,0
1680,29.4774
1681,28.829
1682,29.3675
1683,28.6225
1684,29.9532
1685,28.8279
1686,28.5545
1687,29.2904
1688,29.1747
1689,0
1690,28.9305
1691,29.4376
1692,0
1693,29.3975
1694,29.7363
1695,29.5894
1696,29.557
1697,29.5567
1698,29.1793
1699,29.1081
1700,29.5621
1701,29.6718
1702,0
1703,28.8729
1704,0
1705,29.4466
1706,28.8984
1707,28.9038
1708,29.5067
1709,29.3013
1710,0
1711,29.6257
1712,29.6541
1713,29.6367
1714,29.3216
1715,29.092
1716,29.1589
1717,28.5614
1718,0
1719,0
1720,28.2075
1721,0
1722,29.307
1723,0
1724,28.8398
1725,29.3776
1726,29.7179
1727,29.5051
1728,29.5314
1729,28.7448
1730,28.7939
1731,0
1732,29.5247
1733,0
1734,29.6646
1735,0
1736,29.0734
1737,28.7361
1738,29.1399
1739,0
1740,29.5833
1741,0
1742,28.7628
1743,28.5397
1744,28.9377
1745,0
1746,0
1747,29.2001
1748,0
1749,28.8568
1750,0
1751,28.6738
1752,0
1753,28.9993
1754,29.1886
1755,28.8126
1756,0
1757,29.1001
1758,28.8488
1759,29.1823
1760,29.2929
1761,0
1762,0
1763,0
1764,29.6721
1765,0
1766,29.7891
1767,0
1768,0
1769,29.4353
1770,28.7408
1771,29.3665
1772,0
1773,0
1774,28.8295
1775,29.3923
1776,29.833
1777,29.4453
1778,29.0201
1779,0
1780,0
1781,28.8186
1782,0
1783,29.3808
1784,0
1785,29.0988
1786,28.9647
1787,0
1788,0
1789,29.5835
1790,0
1791,29.1679
1792,29.3882
1793,29.0594
1794,0
1795,0
1796,29.4391
1797,29.5091
1798,28.6112
1799,29.3162
1800,29.4902
1801,28.6553
1802,29.3817
1803,29.7438
1804,28.6314
1805,29.2427
1806,29.0988
1807,0
1808,29.1
1809,29.073
1810,0
1811,29.4968
1812,28.9767
1813,0
1814,0
1815,29.7671
1816,0
1817,28.9471
1818,0
1819,29.3083
1820,0
1821,0
1822,0
1823,29.6642
1824,0
1825,0
1826,28.9624
1827,28.76
1828,0
1829,0
1830,28.6529
1831,28.7989
1832,28.8858
1833,29.2017
1834,29.3145
1835,0
1836,0
1837,0
1838,28.6639
1839,0
1840,29.1207
1841,28.9644
1842,29.3893
1843,0
1844,0
1845,29.2327
1846,29.103
1847,28.7191
1848,0
1849,0
1850,29.2928
1851,0
1852,0
1853,0
1854,0
1855,29.2597
1856,29.4672
1857,29.499
1858,0
1859,29.0067
1860,28.8983
1861,29.4608
1862,0
1863,29.2991
1864,28.8518
1865,28.966
1866,0
1867,29.3343
1868,0
1869,29.0271
1870,0
1871,28.8172
1872,29.451
1873,29.0983
1874,29.2991
1875,0
1876,29.3599
1877,28.7686
1878,29.5209
1879,29.48
1880,29.097
1881,0
1882,0
1883,29.2911
1884,29.3659
1885,29.34
1886,29.7387
1887,0
1888,29.2371
1889,0
1890,0
1891,29.2942
1892,0
1893,29.2998
1894,0
1895,28.9347
1896,29.1054
1897,29.1083
1898,0
1899,29.4544
1900,29.7452
1901,28.7547
1902,30.0621
1903,29.5845
1904,0
1905,0
1906,0
1907,29.5545
1908,29.1791
1909,28.7085
1910,0
1911,28.7306
1912,29.5076
1913,28.4052
1914,29.5176
1915,29.4965
1916,0
1917,0
1918,28.9802
1919,29.0249
1920,29.5285
1921,28.7383
1922,29.1614
1923,28.9521
1924,29.0476
1925,29.5799
1926,29.186
1927,0
1928,29.0658
1929,0
1930,28.9781
1931,0
1932,29.1475
1933,29.2625
1934,29.5023
1935,28.7587
1936,29.2711
1937,0
1938,0
1939,0
1940,28.7284
1941,29.3324
1942,0
1943,29.6465
1944,29.3876
1945,29.1804
1946,0
1947,0
1948,28.9863
1949,0
1950,0
1951,0
1952,29.4793
1953,0
1954,28.8487
1955,29.0609
1956,30.2082
1957,29.4152
1958,28.6207
1959,0
1960,0
1961,0
1962,0
1963,29.4099
1964,28.8041
1965,0
1966,0
1967,28.718
1968,0
1969,29.6276
1970,29.3761
1971,29.2728
1972,0
1973,0
1974,29.7231
1975,29.1524
1976,0
1977,29.0924
1978,29.5579
1979,0
1980,0
1981,0
1982,29.4037
1983,0
1984,29.1886
1985,0
1986,29.3068
1987,29.6157
1988,29.3336
1989,28.9629
1990,29.9654
1991,0
1992,0
1993,29.1582
1994,29.0126
1995,28.7171
1996,29.5566
1997,29.4661
1998,28.7346
1999,29.131
2000,29.4463
2001,29.7938
2002,29.3827
2003,29.6365
2004,29.0393
2005,29.8854
2006,29.8974
2007,29.6406
2008,29.0894
2009,29.195
2010,29.3502
2011,29.2147
2012,29.3141
2013,29.4014
2014,28.6545
2015,29.4093
2016,29.7713
2017,28.7918
2018,28.8542
2019,29.9193
2020,28.9156
2021,29.2541
2022,29.3228
2023,29.3502
2024,29.4475
2025,29.7549
2026,28.993
2027,29.2791
2028,29.4867
2029,30.0014
2030,29.6985
2031,29.5324
2032,29.52
2033,29.5893
2034,29.6143
2035,28.9722
2036,29.5175
2037,29.2179
2038,28.6541
2039,29.1878
2040,28.2305
2041,28.9899
2042,28.7325
2043,29.0926
2044,28.9664
2045,29.4882
2046,28.8834
2047,28.8272
2048,29.7311
2049,29.3559
2050,29.0458
2051,29.5567
2052,28.911
2053,29.2948
2054,29.2204
2055,29.4008
2056,29.5047
2057,29.4233
2058,29.274
2059,29.7102
2060,29.1965
2061,29.7479
2062,29.057
2063,29.1165
2064,28.9516
2065,28.8765
2066,29.2179
2067,29.6611
2068,28.7565
2069,28.7474
2070,29.4973
2071,28.7561
2072,29.2032
2073,29.0982
2074,29.6842
2075,29.2386
2076,29.2692
2077,28.4669
2078,28.4097
2079,29.4488
2080,29.2611
2081,29.4192
2082,28.4992
2083,29.3297
2084,30.1124
2085,29.7225
2086,29.4367
2087,28.852
2088,29.3282
2089,29.4672
2090,29.1377
2091,29.1659
2092,29.2936
2093,28.666
2094,29.0554
2095,29.534
2096,29.5552
2097,28.6811
2098,28.981
2099,29.3199
2100,28.7128
2101,28.9212
2102,28.8881
2103,29.3025
2104,29.3291
2105,29.3838
2106,29.5902
2107,28.7386
2108,29.9646
2109,29.0894
2110,29.3353
2111,29.0713
2112,29.0399
2113,28.9378
2114,28.6538
2115,28.9277
2116,29.1438
2117,29.2007
2118,29.2615
2119,30.0929
2120,29.508
2121,29.6023
2122,29.5894
2123,29.6728
2124,28.9649
2125,28.9067
2126,28.9712
2127,29.1499
2128,29.1638
2129,29.2108
2130,29.148
2131,29.0559
2132,29.2867
2133,29.4358
2134,29.406
2135,29.7066
2136,29.0288
2137,29.2315
2138,28.9711
2139,28.7067
2140,29.4371
2141,28.665
2142,29.6325
2143,29.1481
2144,29.1167
2145,29.0086
2146,28.9821
2147,29.6217
2148,28.6764
2149,28.9789
2150,29.29
2151,29.3
2152,28.9801
2153,28.794
2154,29.7787
2155,29.6661
2156,29.0363
2157,29.1963
2158,28.5708
2159,29.2548
2160,28.8595
2161,28.784
2162,29.2305
2163,29.4279
2164,29.8857
2165,29.7306
2166,29.6108
2167,29.4666
2168,29.3592
2169,29.0487
2170,30.249
2171,28.8883
2172,29.7005
2173,29.6273
2174,29.2513
2175,29.9869
2176,29.9318
2177,29.2926
2178,29.4648
2179,29.1816
2180,29.2663
2181,29.3816
2182,28.8944
2183,28.7459
2184,29.4104
2185,28.5315
2186,28.7556
2187,28.7977
2188,28.9223
2189,29.3007
2190,28.7987
2191,28.3113
2192,29.9306
2193,28.9101
2194,28.8184
2195,29.0142
2196,29.3699
2197,29.5086
2198,29.3766
2199,29.4523
2200,29.1055
2201,29.0637
2202,28.4704
2203,28.8836
2204,29.253
2205,28.8785
2206,28.9624
2207,29.0796
2208,29.4425
2209,29.3762
2210,29.3961
2211,29.0331
2212,29.2339
2213,28.6825
2214,29.6243
2215,28.964
2216,29.0592
2217,29.285
2218,28.8289
2219,28.908
2220,29.0271
2221,28.7312
2222,29.3471
2223,29.2222
2224,29.3838
2225,28.8472
2226,29.3644
2227,29.3311
2228,29.565
2229,28.8279
2230,28.907
2231,29.0377
2232,29.3056
2233,29.4047
2234,29.1658
2235,29.2058
2236,29.1556
2237,29.695
2238,29.8671
2239,29.3721
2240,29.2654
2241,28.6978
2242,29.0493
2243,28.9909
2244,28.9604
2245,29.3801
2246,29.2664
2247,29.2658
2248,28.8489
2249,29.5625
2250,29.0339
2251,29.5203
2252,28.9526
2253,28.6141
2254,2.77484
2255,2.44089
2256,2.3609
2257,2.51854
2258,3.08659
2259,2.81612
2260,2.7623
2261,2.45106
2262,2.1687
2263,2.7535
2264,29.0564
2265,28.7349
2266,29.0317
2267,0
2268,0
2269,28.8195
2270,28.8813
2271,29.4725
2272,29.7423
2273,29.4413
2274,0
2275,29.2053
2276,0
2277,28.7304
2278,0
2279,29.0346
2280,29.179
2281,28.9494
2282,0
2283,29.2252
2284,28.5727
2285,0
2286,0
2287,29.4831
2288,28.7979
2289,28.8479
2290,0
2291,29.3557
2292,29.3477
2293,29.2419
2294,29.0718
2295,0
2296,29.816
2297,0
2298,0
2299,0
2300,29.3233
2301,0
2302,29.1751
2303,29.8072
2304,0
2305,28.2505
2306,28.489
2307,29.2374
2308,29.3593
2309,29.4645
2310,0
2311,29.4423
2312,29.2828
2313,0
2314,29.6576
2315,29.265
2316,0
2317,28.4196
2318,29.3146
2319,0
2320,0
2321,29.7422
2322,29.3554
2323,29.2162
2324,29.2457
2325,0
2326,29.3086
2327,28.7636
2328,28.6308
2329,29.8111
2330,0
2331,28.9789
2332,29.152
2333,29.3543
2334,0
2335,0
2336,29.2335
2337,29.9203
2338,28.8915
2339,0
2340,0
2341,28.863
2342,0
2343,29.3245
2344,0
2345,29.4827
2346,28.6939
2347,29.4685
2348,29.7805
2349,28.944
2350,29.4575
2351,29.499
2352,29.407
2353,28.9367
2354,0
2355,29.0996
2356,29.2657
2357,29.5611
2358,0
2359,29.3007
2360,29.6835
2361,0
2362,28.9231
2363,0
2364,29.3697
2365,0
2366,0
2367,28.7608
2368,29.0829
2369,0
2370,29.3742
2371,29.3262
2372,0
2373,0
2374,0
2375,29.3071
2376,0
2377,29.31
2378,0
2379,29.1107
2380,0
2381,0
2382,0
2383,29.2638
2384,28.6064
2385,29.1729
2386,28.8666
2387,0
2388,28.9346
2389,0
2390,29.3568
2391,28.4343
2392,0
2393,0
2394,29.019
2395,0
2396,28.9932
2397,29.4169
2398,28.8948
2399,0
2400,0
2401,0
2402,29.3839
2403,29.4748
2404,29.0942
2405,29.5919
2406,29.6663
2407,0
2408,28.9102
2409,29.1145
2410,0
2411,29.5107
2412,28.7687
2413,29.2226
2414,0
2415,0
2416,0
2417,29.4425
2418,0
2419,29.4655
2420,28.5077
2421,28.9879
2422,28.8502
2423,28.898
2424,29.3212
2425,0
2426,29.5906
2427,0
2428,28.7874
2429,29.3307
2430,29.49
2431,0
2432,28.8871
2433,0
2434,0
2435,29.1655
2436,29.5601
2437,0
2438,0
2439,29.3702
2440,0
2441,28.9365
2442,0
2443,29.2596
2444,0
2445,28.8275
2446,0
2447,28.953
2448,0
2449,0
2450,0
2451,29.1053
2452,0
2453,0
2454,0
2455,28.6811
2456,0
2457,28.8246
2458,28.7224
2459,0
2460,0
2461,28.7686
2462,28.8946
2463,0
2464,28.6718
2465,28.6739
2466,28.9489
2467,0
2468,28.8571
2469,29.727
2470,29.3503
2471,0
2472,29.0249
2473,0
2474,28.8603
2475,0
2476,0
2477,28.8571
2478,29.6919
2479,0
2480,0
2481,28.894
2482,28.9638
2483,0
2484,0
2485,29.0965
2486,0
2487,0
2488,0
2489,29.7256
2490,29.4152
2491,28.8778
2492,29.696
2493,29.2226
2494,0
2495,29.8448
2496,29.0584
2497,0
2498,29.4908
2499,29.0912
2500,29.5171
2501,0
2502,0
2503,0
2504,28.2643
2505,28.7589
2506,0
2507,29.1053
2508,29.2416
2509,29.4281
2510,28.8056
2511,0
2512,29.4746
2513,0
2514,0
2515,0
2516,28.8781
2517,29.2782
2518,29.2754
2519,29.8107
2520,29.3664
2521,0
2522,28.7216
2523,29.5616
2524,29.4481
2525,0
2526,28.8026
2527,28.8446
2528,29.0797
2529,0
2530,0
2531,29.1123
2532,0
2533,28.4742
2534,29.3639
2535,29.3602
2536,29.1051
2537,28.689
2538,28.947
2539,0
2540,0
2541,29.1461
2542,29.3754
2543,29.547
2544,30.2288
2545,0
2546,28.6807
2547,0
2548,29.1754
2549,29.6617
2550,29.6354
2551,29.0507
2552,29.4865
2553,28.5791
2554,29.6318
2555,0
2556,0
2557,28.6762
2558,0
2559,29.2453
2560,28.453
2561,28.9384
2562,0
2563,28.5389
2564,28.9122
2565,29.2726
2566,0
2567,29.2997
2568,29.2222
2569,29.9562
2570,0
2571,0
2572,29.4109
2573,29.3633
2574,28.2748
2575,29.4958
2576,29.153
2577,0
2578,29.0397
2579,28.8846
2580,29.5202
2581,0
2582,0
2583,28.8137
2584,29.2953
2585,28.7349
2586,29.244
2587,29.2153
2588,29.2564
2589,0
2590,0
2591,29.4447
2592,29.133
2593,0
2594,0
2595,0
2596,28.8851
2597,29.783
2598,0
2599,28.7397
2600,0
2601,0
2602,29.7653
2603,28.9617
2604,29.1647
2605,0
2606,29.3302
2607,29.3428
2608,29.4247
2609,29.0476
2610,0
2611,29.4462
2612,0
2613,29.0964
2614,0
2615,29.469
2616,29.282
2617,0
2618,29.4334
2619,28.9215
2620,0
2621,0
2622,0
2623,29.157
2624,0
2625,29.2971
2626,0
2627,29.3084
2628,29.5152
2629,29.2385
2630,0
2631,29.6267
2632,29.0815
2633,0
2634,28.971
2635,29.5601
2636,0
2637,0
2638,29.1161
2639,29.6655
2640,0
2641,0
2642,28.9646
2643,0
2644,0
2645,29.0325
2646,28.7653
2647,29.1501
2648,0
2649,0
2650,28.5821
2651,29.3941
2652,29.5664
2653,0
2654,28.5026
2655,28.7184
2656,0
2657,29.0807
2658,29.3418
2659,0
2660,29.0509
2661,28.7327
2662,0
2663,29.1148
2664,29.3294
2665,29.1749
2666,0
2667,0
2668,29.5891
2669,29.3186
2670,28.8687
2671,0
2672,0
2673,29.7611
2674,0
2675,29.4286
2676,29.0838
2677,28.5102
2678,0
2679,0
2680,29.1761
2681,29.18
2682,29.2071
2683,0
2684,28.7351
2685,0
2686,28.9749
2687,29.3788
2688,29.6084
2689,29.1163
2690,0
2691,0
2692,29.3357
2693,0
2694,0
2695,28.9774
2696,29.0676
2697,29.7023
2698,29.0849
2699,29.1086
2700,29.1602
2701,28.6802
2702,29.172
2703,28.8721
2704,29.2311
2705,28.7653
2706,0
2707,28.8434
2708,0
2709,0
2710,28.9534
2711,29.3862
2712,29.0889
2713,0
2714,29.9158
2715,29.2475
2716,29.1197
2717,0
2718,29.1144
2719,29.6107
2720,29.0909
2721,29.4826
2722,29.1726
2723,29.4198
2724,0
2725,29.3853
2726,28.6261
2727,0
2728,28.8977
2729,0
2730,29.3551
2731,29.0022
2732,29.7774
2733,0
2734,29.5463
2735,0
2736,0
2737,28.939
2738,0
2739,0
2740,29.2023
2741,28.7149
2742,0
2743,28.783
2744,28.4846
2745,28.469
2746,0
2747,0
2748,0
2749,0
2750,0
2751,29.7663
2752,29.3699
2753,28.9414
2754,29.2223
2755,29.0842
2756,29.8841
2757,28.9505
2758,0
2759,29.2303
2760,28.903
2761,0
2762,0
2763,0
2764,29.2012
2765,29.6701
2766,29.102
2767,29.6029
2768,29.1292
2769,29.172
2770,28.7663
2771,29.0995
2772,0
2773,0
2774,29.3552
2775,28.5879
2776,28.646
2777,0
2778,28.2465
2779,29.1602
2780,0
2781,28.9605
2782,0
2783,28.7183
2784,28.8359
2785,29.8589
2786,0
2787,29.1147
2788,0
2789,0
2790,29.5687
2791,0
2792,0
2793,29.3901
2794,28.9617
2795,0
2796,0
2797,0
2798,28.6495
2799,29.402
2800,0
2801,29.626
2802,29.0011
2803,29.8091
2804,0
2805,29.9242
2806,0
2807,0
2808,0
2809,29.4246
2810,0
2811,0
2812,0
2813,29.2581
2814,0
2815,0
2816,0
2817,29.1981
2818,29.0258
2819,29.3884
2820,29.2587
2821,0
2822,0
2823,28.7434
2824,29.3312
2825,0
2826,0
2827,29.3341
2828,29.0248
2829,0
2830,29.1898
2831,28.4567
2832,29.0193
2833,0
2834,0
2835,29.085
2836,28.9867
2837,0
2838,29.6057
2839,0
2840,28.2939
2841,29.0725
2842,0
2843,29.1588
2844,29.6601
2845,28.7281
2846,29.7284
2847,29.5876
2848,0
2849,0
2850,0
2851,28.938
2852,29.0388
2853,28.6424
2854,0
2855,29.2551
2856,29.061
2857,29.0833
2858,29.5253
2859,28.8988
2860,29.2839
2861,29.0589
2862,28.9175
2863,29.4871
2864,0
2865,0
2866,29.9926
2867,28.8579
2868,0
2869,29.5364
2870,29.6638
2871,0
2872,0
2873,0
2874,30.2334
2875,0
2876,29.4178
2877,29.2884
2878,0
2879,0
2880,28.9903
2881,29.4273
2882,0
2883,0
2884,0
2885,29.0662
2886,0
2887,0
2888,0
2889,28.9089
2890,0
2891,0
2892,29.2224
2893,29.4471
2894,0
2895,29.1313
2896,29.3509
2897,29.1651
2898,0
2899,0
2900,29.0848
2901,0
2902,29.598
2903,29.2033
2904,29.044
2905,29.5236
2906,28.9532
2907,28.6682
2908,29.4158
2909,0
2910,29.1577
2911,28.8959
2912,28.7667
2913,29.5431
2914,0
2915,0
2916,29.1153
2917,0
2918,28.8597
2919,29.1762
2920,0
2921,0
2922,29.7716
2923,29.8406
2924,0
2925,0
2926,0
2927,29.0124
2928,29.1928
2929,29.1055
2930,29.2603
2931,29.1073
2932,0
2933,28.4574
2934,28.9701
2935,0
2936,0
2937,0
2938,28.9296
2939,29.3768
2940,29.5861
2941,29.3895
2942,29.1482
2943,29.0434
2944,0
2945,29.0522
2946,0
2947,29.5116
2948,0
2949,29.3193
2950,29.2424
2951,29.3924
2952,0
2953,29.5277
2954,29.2618
2955,29.4352
2956,28.766
2957,29.5461
2958,29.0409
2959,0
2960,0
2961,28.996
2962,0
2963,0
2964,29.0357
2965,29.1017
2966,28.8997
2967,0
2968,29.4121
2969,0
2970,0
2971,0
2972,28.6213
2973,0
2974,0
2975,0
2976,28.6381
2977,0
2978,28.6954
2979,29.7748
2980,0
2981,29.4505
2982,0
2983,29.4432
2984,0
2985,0
2986,0
2987,29.3229
2988,0
2989,29.048
2990,0
2991,28.5957
2992,0
2993,0
2994,29.2282
2995,28.8559
2996,29.5376
2997,0
2998,0
2999,29.4439
3000,0
3001,0
3002,28.8062
3003,0
3004,29.5047
3005,0
3006,29.2201
3007,0
3008,29.2295
3009,28.8937
3010,29.1026
3011,0
3012,29.6389
3013,28.8129
3014,0
3015,29.0303
3016,28.8014
3017,29.1278
3018,28.8985
3019,29.4403
3020,29.3483
3021,29.7123
3022,0
3023,28.9217
3024,0
3025,29.6086
3026,28.9448
3027,29.3388
3028,29.1365
3029,29.7199
3030,0
3031,28.6784
3032,29.7937
3033,29.2011
3034,0
3035,29.2604
3036,0
3037,29.1157
3038,0
3039,0
3040,29.0143
3041,29.1867
3042,0
3043,29.2505
3044,29.5856
3045,0
3046,28.6782
3047,29.5951
3048,0
3049,0
3050,0
3051,29.4214
3052,29.9615
3053,29.1216
3054,29.0469
3055,29.0691
3056,29.4704
3057,0
3058,28.793
3059,0
3060,29.6005
3061,29.1747
3062,0
3063,29.1598
3064,28.9194
3065,0
3066,0
3067,28.7132
3068,0
3069,29.8033
3070,29.127
3071,30.5901
3072,28.7304
3073,29.3267
3074,29.1884
3075,28.9917
3076,0
3077,28.8882
3078,29.7933
3079,0
3080,29.0664
3081,28.6347
3082,28.7546
3083,29.2978
3084,0
3085,29.3832
3086,28.7403
3087,29.2498
3088,0
3089,29.2796
3090,29.2252
3091,0
3092,29.2152
3093,28.7003
3094,29.347
3095,0
3096,0
3097,29.1404
3098,29.8661
3099,29.326
3100,0
3101,28.7573
3102,28.936
3103,0
3104,0
3105,0
3106,28.8106
3107,29.2973
3108,0
3109,29.2322
3110,0
3111,28.8279
3112,29.5207
3113,29.2665
3114,28.8321
3115,29.2963
3116,29.4313
3117,28.3726
3118,0
3119,0
3120,29.5647
3121,0
3122,28.7642
3123,0
3124,29.3821
3125,0
3126,0
3127,0
3128,29.1238
3129,0
3130,29.19
3131,29.3113
3132,29.6297
3133,0
3134,29.3431
3135,28.8662
3136,29.1232
3137,0
3138,0
3139,29.2221
3140,28.884
3141,29.4035
3142,29.6166
3143,29.5209
3144,0
3145,29.1456
3146,0
3147,28.9274
3148,0
3149,28.4108
3150,0
3151,29.6975
3152,0
3153,0
3154,29.045
3155,29.3629
3156,0
3157,29.3134
3158,29.0541
3159,29.088
3160,29.0571
3161,29.6442
3162,29.3636
3163,0
3164,29.1741
3165,29.207
3166,29.4736
3167,0
3168,0
3169,0
3170,29.0489
3171,0
3172,0
3173,28.702
3174,0
3175,28.7114
3176,0
3177,28.9636
3178,0
3179,28.7108
3180,28.9729
3181,28.6739
3182,0
3183,0
3184,28.9894
3185,29.1373
3186,29.1781
3187,28.7915
3188,28.877
3189,29.3111
3190,29.4383
3191,0
3192,28.9367
3193,0
3194,0
3195,29.2674
3196,29.2026
3197,29.0018
3198,0
3199,29.5124
3200,28.7283
3201,0
3202,0
3203,29.0303
3204,29.332
3205,0
3206,29.0952
3207,29.5708
3208,0
3209,28.2717
3210,0
3211,28.9893
3212,0
3213,0
3214,29.0213
3215,29.5531
3216,0
3217,29.5115
3218,0
3219,29.7726
3220,0
3221,28.7588
3222,29.0971
3223,0
3224,28.7323
3225,0
3226,29.1368
3227,0
3228,29.7342
3229,29.1361
3230,29.3105
3231,0
3232,28.7379
3233,0
3234,29.4742
3235,29.0998
3236,29.6636
3237,0
3238,29.5159
3239,0
3240,29.9774
3241,29.7692
3242,29.1693
3243,29.8176
3244,29.0676
3245,28.91
3246,0
3247,29.5038
3248,0
3249,28.985
3250,0
3251,0
3252,29.5041
3253,28.4077
3254,0
3255,28.9097
3256,0
3257,29.5284
3258,0
3259,29.2705
3260,29.1843
3261,29.3043
3262,28.8654
3263,29.0275
3264,29.5997
3265,0
3266,29.6642
3267,29.3794
3268,28.9896
3269,28.9182
3270,0
3271,28.9292
3272,29.0303
3273,29.5828
3274,0
3275,29.4069
3276,0
3277,0
3278,29.3281
3279,29.5157
3280,28.9669
3281,0
3282,0
3283,29.6826
3284,28.8218
3285,0
3286,29.0596
3287,29.6574
3288,0
3289,0
3290,29.0333
3291,0
3292,0
3293,28.8804
3294,29.1408
3295,29.2253
3296,0
3297,29.361
3298,29.2765
3299,0
3300,0
3301,28.5888
3302,29.1303
3303,0
3304,0
3305,0
3306,28.491
3307,28.9681
3308,0
3309,0
3310,29.2842
3311,29.3294
3312,29.164
3313,29.4408
3314,29.2792
3315,29.333
3316,28.8012
3317,0
3318,28.8531
3319,0
3320,29.7753
3321,29.3322
3322,0
3323,28.7825
3324,0
3325,29.1878
3326,0
3327,28.9437
3328,29.0338
3329,29.2627
3330,29.3073
3331,0
3332,29.1796
3333,30.0669
3334,29.6398
3335,28.8709
3336,28.7677
3337,0
3338,0
3339,29.3851
3340,28.8074
3341,29.2654
3342,0
3343,0
3344,29.4602
3345,28.996
3346,29.2301
3347,0
3348,29.2465
3349,0
3350,0
3351,29.3572
3352,29.6011
3353,0
3354,28.6258
3355,0
3356,29.4886
3357,28.5602
3358,29.1776
3359,28.6287
3360,29.004
3361,0
3362,0
3363,29.3357
3364,0
3365,0
3366,29.2183
3367,29.4398
3368,0
3369,0
3370,29.342
3371,29.2897
3372,29.0197
3373,28.5654
3374,29.121
3375,29.2645
3376,29.2964
3377,28.9052
3378,29.5179
3379,0
3380,0
3381,29.5357
3382,29.516
3383,0
3384,0
3385,0
3386,28.998
3387,29.4071
3388,0
3389,29.3243
3390,29.8941
3391,29.6369
3392,0
3393,29.2636
3394,29.5022
3395,0
3396,0
3397,28.9314
3398,0
3399,0
3400,29.6843
3401,29.5512
3402,29.5297
3403,0
3404,28.9886
3405,29.5402
3406,0
3407,28.8457
3408,0
3409,29.1702
3410,29.419
3411,0
3412,29.1557
3413,29.2261
3414,0
3415,29.8104
3416,30.2892
3417,0
3418,0
3419,29.1523
3420,29.0503
3421,0
3422,0
3423,29.6438
3424,29.3669
3425,29.2532
3426,28.8498
3427,28.9774
3428,0
3429,0
3430,0
3431,28.5133
3432,0
3433,29.5402
3434,0
3435,29.5579
3436,0
3437,28.6181
3438,0
3439,29.3804
3440,0
3441,0
3442,28.9562
3443,0
3444,0
3445,28.9946
3446,29.4492
3447,29.1094
3448,29.3068
3449,0
3450,28.8588
3451,29.1197
3452,0
3453,0
3454,28.6097
3455,29.4479
3456,0
3457,29.1118
3458,28.7311
3459,29.4007
3460,29.0651
3461,29.0602
3462,0
3463,29.1549
3464,0
3465,28.741
3466,0
3467,29.0388
3468,29.1559
3469,29.6597
3470,29.3615
3471,0
3472,28.4505
3473,0
3474,29.2108
3475,28.8951
3476,28.894
3477,0
3478,0
3479,28.9547
3480,29.2471
3481,29.8784
3482,28.8443
3483,0
3484,28.8199
3485,29.7857
3486,28.9693
3487,28.4563
3488,29.4008
3489,29.3089
3490,0
3491,29.1907
3492,0
3493,0
3494,0
3495,29.0122
3496,0
3497,28.5792
3498,0
3499,29.46
3500,0
3501,29.1886
3502,29.6632
3503,29.0469
3504,0
3505,28.921
3506,28.9891
3507,0
3508,29.7352
3509,0
3510,29.0503
3511,29.1579
3512,0
3513,0
3514,29.4506
3515,0
3516,0
3517,28.9104
3518,28.643
3519,28.905
3520,29.0372
3521,29.0534
3522,29.0224
3523,29.3451
3524,28.7395
3525,29.5948
3526,0
3527,0
3528,29.2362
3529,29.309
3530,28.3057
3531,0
3532,28.9341
3533,29.4269
3534,0
3535,0
3536,28.5309
3537,28.8512
3538,0
3539,29.166
3540,0
3541,28.7308
3542,28.9631
3543,29.038
3544,29.3987
3545,28.8619
3546,28.5081
3547,29.2671
3548,28.7797
3549,0
3550,0
3551,29.4497
3552,29.3088
3553,28.9035
3554,0
3555,0
3556,29.6147
3557,0
3558,0
3559,0
3560,29.2436
3561,28.9263
3562,29.2657
3563,29.7018
3564,29.0263
3565,0
3566,0
3567,29.4509
3568,29.2212
3569,28.6052
3570,29.1312
3571,29.1656
3572,0
3573,0
3574,29.3106
3575,29.2633
3576,29.7441
3577,0
3578,0
3579,29.1662
3580,0
3581,0
3582,29.3195
3583,29.6982
3584,28.4172
3585,29.7486
3586,29.4459
3587,0
3588,0
3589,29.6336
3590,29.4362
3591,0
3592,0
3593,29.0495
3594,29.3333
3595,0
3596,29.6275
3597,29.8905
3598,29.1221
3599,0
3600,0
3601,0
3602,29.2211
3603,29.6776
3604,29.5063
3605,29.3729
3606,29.2003
3607,0
3608,0
3609,28.9572
3610,0
3611,0
3612,0
3613,29.5714
3614,0
3615,0
3616,29.8439
3617,29.4175
3618,0
3619,0
3620,29.1752
3621,0
3622,29.0931
3623,0
3624,28.5957
3625,0
3626,0
3627,0
3628,29.3945
3629,0
3630,0
3631,29.5672
3632,29.6635
3633,0
3634,0
3635,28.7599
3636,0
3637,0
3638,0
3639,28.689
3640,0
3641,29.8075
3642,0
3643,29.1813
3644,0
3645,0
3646,0
3647,28.8411
3648,0
3649,28.9265
3650,29.2413
3651,29.3504
3652,0
3653,0
3654,29.3085
3655,29.889
3656,29.6565
3657,0
3658,29.6943
3659,29.0997
3660,0
3661,0
3662,29.2346
3663,0
3664,29.3599
3665,0
3666,29.9707
3667,28.7944
3668,0
3669,29.235
3670,29.3015
3671,0
3672,28.4132
3673,29.7979
3674,29.5709
3675,29.2786
3676,0
3677,29.678
3678,0
3679,29.2866
3680,0
3681,28.7405
3682,0
3683,0
3684,0
3685,29.4787
3686,29.7608
3687,0
3688,29.2052
3689,29.0949
3690,29.6936
3691,0
3692,29.0295
3693,0
3694,29.3804
3695,0
3696,29.0842
3697,0
3698,28.9209
3699,29.4189
3700,29.769
3701,0
3702,29.1052
3703,28.9109
3704,28.6672
3705,28.9526
3706,0
3707,0
3708,29.3587
3709,29.2682
3710,29.6544
3711,29.0195
3712,29.3433
3713,0
3714,0
3715,29.339
3716,0
3717,0
3718,29.0086
3719,30.0429
3720,0
3721,29.362
3722,28.9412
3723,29.3303
3724,0
3725,0
3726,28.9048
3727,29.8615
3728,29.0923
3729,29.2436
3730,28.6635
3731,0
3732,0
3733,29.9822
3734,30.0462
3735,29.15
3736,0
3737,0
3738,29.1763
3739,0
3740,29.5332
3741,28.4838
3742,29.5743
3743,0
3744,0
3745,29.0247
3746,0
3747,29.4948
3748,29.2306
3749,29.4218
3750,0
3751,29.1092
3752,29.2535
3753,29.0708
3754,0
3755,0
3756,0
3757,28.1211
3758,28.7601
3759,29.3981
3760,0
3761,29.096
3762,0
3763,0
3764,0
3765,29.2379
3766,28.9307
3767,0
3768,0
3769,28.3091
3770,0
3771,29.3194
3772,29.2583
3773,28.3421
3774,29.2232
3775,29.1809
3776,29.4911
3777,29.2865
3778,29.2178
3779,29.6987
3780,29.3328
3781,0
3782,0
3783,0
3784,28.7922
3785,0
3786,28.4513
3787,0
3788,29.0458
3789,29.293
3790,0
3791,28.7758
3792,0
3793,29.0203
3794,0
3795,29.6342
3796,29.4846
3797,0
3798,0
3799,29.2898
3800,0
3801,28.8025
3802,0
3803,28.4923
3804,28.9742
3805,28.8849
3806,29.134
3807,28.9464
3808,28.4429
3809,29.1167
3810,29.2145
3811,0
3812,0
3813,0
3814,29.0615
3815,0
3816,29.7335
3817,0
3818,28.9197
3819,0
3820,0
3821,29.2656
3822,0
3823,0
3824,28.845
3825,29.1361
3826,0
3827,29.6431
3828,0
3829,28.8338
3830,0
3831,0
3832,28.9327
3833,0
3834,0
3835,0
3836,28.9035
3837,29.013
3838,29.5768
3839,0
3840,28.9846
3841,29.2326
3842,0
3843,0
3844,29.0629
3845,29.5661
3846,0
3847,0
3848,29.6442
3849,0
3850,29.2653
3851,28.9107
3852,29.1242
3853,29.3279
3854,0
3855,28.7974
3856,29.1481
3857,0
3858,0
3859,28.4352
3860,29.213
3861,0
3862,29.5467
3863,29.3068
3864,0
3865,28.8579
3866,29.5192
3867,28.9534
3868,29.3236
3869,29.8149
3870,29.4301
3871,29.0254
3872,0
3873,29.3478
3874,29.0929
3875,0
3876,28.5727
3877,0
3878,29.1184
3879,0
3880,29.8287
3881,29.1694
3882,29.7128
3883,29.0098
3884,28.945
3885,29.6789
3886,0
3887,0
3888,29.2265
3889,29.297
3890,28.9048
3891,0
3892,29.3285
3893,29.2509
3894,0
3895,0
3896,29.0131
3897,29.4137
3898,29.4976
3899,28.7452
3900,0
3901,29.369
3902,29.4262
3903,29.7975
3904,29.4731
3905,0
3906,0
3907,28.9284
3908,0
3909,28.819
3910,29.7404
3911,28.8436
3912,29.0111
3913,28.9833
3914,29.1903
3915,29.1968
3916,29.4939
3917,0
3918,0
3919,29.2102
3920,29.1276
3921,0
3922,0
3923,0
3924,29.4206
3925,0
3926,0
3927,29.4356
3928,0
3929,28.392
3930,0
3931,28.6703
3932,0
3933,29.6895
3934,0
3935,28.8626
3936,29.6655
3937,0
3938,0
3939,0
3940,28.8612
3941,30.2372
3942,0
3943,29.6435
3944,0
3945,29.0487
3946,0
3947,28.5939
3948,0
3949,0
3950,0
3951,29.4559
3952,29.18
3953,29.6169
3954,29.1732
3955,28.5386
3956,0
3957,28.9132
3958,29.0769
3959,29.4764
3960,0
3961,0
3962,28.774
3963,29.002
3964,29.1923
3965,29.1485
3966,29.4702
3967,29.3183
3968,29.6367
3969,0
3970,30.0378
3971,0
3972,29.273
3973,28.979
3974,29.4625
3975,0
3976,0
3977,29.5743
3978,0
3979,29.3663
3980,0
3981,28.4899
3982,28.7953
3983,29.1342
3984,29.1465
3985,28.89
3986,29.3642
3987,29.3866
3988,28.6978
3989,0
3990,0
3991,28.857
3992,29.2206
3993,29.165
3994,0
3995,28.7577
3996,29.3307
3997,0
3998,29.4061
3999,0
4000,2.95838
4001,2.94909
4002,28.997
4003,28.9143
4004,28.5025
4005,29.4643
4006,3.19687
4007,29.0728
4008,2.26472
4009,2.35213
4010,3.06148
4011,28.4995
4012,2.25721
4013,2.34921
4014,29.3785
4015,29.1895
4016,29.6017
4017,2.84927
4018,29.3336
4019,2.34525
4020,28.8642
4021,29.2877
4022,29.7845
4023,29.2483
4024,2.66255
4025,2.02486
4026,29.508
4027,29.3286
4028,29.5125
4029,29.4159
4030,29.3503
4031,3.02927
4032,28.9279
4033,29.1432
4034,3.11805
4035,3.08838
4036,2.49381
4037,29.1197
4038,29.7104
4039,29.4617
4040,3.09136
4041,28.6849
4042,2.44321
4043,2.76404
4044,29.8459
4045,29.0108
4046,2.48378
4047,29.7522
4048,2.47398
4049,29.2925
4050,2.35719
4051,2.37454
4052,29.278
4053,28.7537
4054,2.43823
4055,28.854
4056,29.2386
4057,29.4472
4058,2.1261
4059,2.44953
4060,28.5819
4061,2.72196
4062,29.2658
4063,2.5015
4064,29.7877
4065,28.7522
4066,29.3261
4067,29.0668
4068,2.97669
4069,29.1914
4070,29.3444
4071,29.062
4072,28.6099
4073,28.894
4074,2.24876
4075,28.6137
4076,29.2585
4077,2.05638
4078,3.29888
4079,29.3962
4080,2.3472
4081,29.6805
4082,28.7346
4083,29.1184
4084,2.56711
4085,2.65799
4086,29.0235
4087,28.6738
4088,2.50631
4089,2.77499
4090,29.2007
4091,2.38974
4092,3.44884
4093,2.29939
4094,29.0412
4095,2.32702
4096,2.70832
4097,28.0145
4098,29.8692
4099,2.94932
4100,28.8162
4101,28.7088
4102,2.40273
4103,2.28817
4104,2.1363
4105,29.275
4106,28.9902
4107,29.7322
4108,29.4679
4109,29.5682
4110,2.72486
4111,28.9831
4112,28.9639
4113,29.5441
4114,2.87199
4115,1.95044
4116,29.4409
4117,2.15249
4118,28.9553
4119,3.15249
4120,28.8602
4121,2.28497
4122,28.9635
4123,29.2827
4124,29.5059
4125,28.9172
4126,3.20078
4127,2.33814
4128,29.031
4129,2.25534
4130,2.62323
4131,2.21938
4132,29.8501
4133,28.4195
4134,2.92631
4135,28.7952
4136,29.268
4137,29.2572
4138,28.5694
4139,28.8881
4140,28.9039
4141,28.8977
4142,29.1482
4143,29.4948
4144,28.5415
4145,2.09374
4146,2.23227
4147,28.5773
4148,2.46911
4149,29.2886
4150,28.6818
4151,2.4894
4152,29.4823
4153,28.8376
4154,2.9297
4155,29.6074
4156,2.95507
4157,2.78569
4158,29.0026
4159,1.80129
4160,2.31542
4161,29.5732
4162,28.959
4163,29.1986
4164,2.76091
4165,2.36248
4166,29.0607
4167,28.9122
4168,28.4732
4169,3.08351
4170,29.8437
4171,2.48948
4172,2.48553
4173,28.8441
4174,2.48018
4175,2.24146
4176,29.7347
4177,29.2079
4178,2.17619
4179,29.3598
4180,28.9801
4181,29.0443
4182,2.48099
4183,29.4729
4184,2.59826
4185,29.3571
4186,3.12658
4187,2.29915
4188,2.53636
4189,29.0302
4190,2.55738
4191,29.3919
4192,29.1686
4193,1.85721
4194,28.9269
4195,2.88927
4196,28.4489
4197,2.36169
4198,2.36409
4199,29.047
4200,29.1262
4201,2.35421
4202,2.13546
4203,29.2504
4204,29.0872
4205,2.95625
4206,29.3934
4207,2.60391
4208,28.861
4209,29.5219
4210,2.75336
4211,2.18043
4212,29.2908
4213,2.52676
4214,29.6397
4215,28.7238
4216,28.6111
4217,2.25631
4218,2.36697
4219,28.7098
4220,29.1462
4221,2.8142
4222,29.6565
4223,29.0254
4224,3.24216
4225,1.14981
4226,2.47391
4227,29.3441
4228,29.5794
4229,29.5903
4230,29.3748
4231,29.3383
4232,29.2299
4233,29.0221
4234,29.329
4235,28.8143
4236,29.235
4237,29.4414
4238,29.2241
4239,29.5241
4240,28.7605
4241,29.5803
4242,28.9872
4243,29.0672
4244,29.0548
4245,29.0284
4246,29.0312
4247,29.3174
4248,30.0988
4249,29.7792
4250,28.9832
4251,29.0721
4252,28.6893
4253,29.1605
4254,29.0448
4255,28.7513
4256,29.4383
4257,29.5535
4258,29.0263
4259,29.2425
4260,29.4284
4261,28.9005
4262,29.1425
4263,29.1802
4264,29.2141
4265,28.7011
4266,29.2713
4267,29.561
4268,29.1648
4269,28.5572
4270,29.2338
4271,29.0164
4272,29.3972
4273,29.2643
4274,28.4234
4275,28.9041
4276,30.0868
4277,29.4473
4278,29.2047
4279,29.4363
4280,29.9518
4281,29.1098
4282,29.5412
4283,29.5194
4284,28.6891
4285,29.5906
4286,29.1207
4287,29.2155
4288,29.1396
4289,29.6386
4290,29.0416
4291,29.0543
4292,28.9668
4293,29.449
4294,28.6618
4295,28.351
4296,28.6644
4297,29.6012
4298,28.9968
4299,29.2724
4300,28.9235
4301,28.9321
4302,29.5815
4303,29.054
4304,29.0366
4305,29.7093
4306,29.0356
4307,29.3143
4308,29.4741
4309,29.8666
4310,28.8333
4311,28.8817
4312,29.5689
4313,29.4244
4314,29.424
4315,29.1025
4316,29.4584
4317,28.6415
4318,29.4726
4319,29.1572
4320,28.6948
4321,29.5338
4322,29.4014
4323,29.1021
4324,29.6892
4325,29.6576
4326,29.542
4327,29.0435
4328,29.0765
4329,29.1178
4330,29.1415
4331,28.9611
4332,29.1792
4333,28.943
4334,28.7278
4335,29.4777
4336,29.2764
4337,29.8653
4338,29.5874
4339,28.4959
4340,28.8548
4341,29.1891
4342,29.0102
4343,29.3751
4344,29.0932
4345,29.5128
4346,28.8776
4347,28.9862
4348,28.2045
4349,29.3542
4350,29.3655
4351,28.9841
4352,29.7544
4353,29.901
4354,29.0569
4355,28.997
4356,28.873
4357,29.0551
4358,29.2193
4359,28.7895
4360,29.0699
4361,29.1739
4362,28.9995
4363,29.2679
4364,28.4459
4365,29.3891
4366,29.3635
4367,29.1864
4368,28.9826
4369,28.5814
4370,29.2882
4371,29.2916
4372,29.0304
4373,29.962
4374,28.9089
4375,28.7812
4376,29.4572
4377,28.8099
4378,29.4246
4379,29.154
4380,29.0785
4381,28.5354
4382,28.5634
4383,28.817
4384,29.5907
4385,29.1415
4386,29.3018
4387,29.1921
4388,30.3076
4389,28.702
4390,29.0879
4391,29.5704
4392,29.8028
4393,28.819
4394,29.5403
4395,29.1022
4396,28.9296
4397,29.3433
4398,29.02
4399,28.9826
4400,29.2369
4401,29.2453
4402,29.0118
4403,28.8955
4404,29.5156
4405,28.9081
4406,29.9797
4407,29.1212
4408,29.548
4409,29.4187
4410,28.8165
4411,29.4747
4412,29.574
4413,29.0118
4414,29.0847
4415,29.4691
4416,29.113
4417,28.6019
4418,29.2292
4419,28.7254
4420,29.1844
4421,29.4575
4422,29.3186
4423,29.2868
4424,28.999
4425,29.5693
4426,29.1832
4427,29.3452
4428,28.7196
4429,29.2357
4430,29.164
4431,29.729
4432,28.8914
4433,28.7002
4434,29.4313
4435,29.7367
4436,29.3811
4437,28.6337
4438,29.163
4439,29.139
4440,29.1652
4441,29.6906
4442,29.6803
4443,28.6669
4444,28.9443
4445,29.3654
4446,29.4082
4447,29.6714
4448,29.1028
4449,29.0405
4450,29.1584
4451,29.4195
4452,29.1456
4453,28.948
4454,28.8361
4455,29.4677
4456,29.1853
4457,28.6677
4458,28.9592
4459,30.0557
4460,29.0287
4461,29.3102
4462,29.458
4463,28.6893
4464,29.2208
4465,29.4996
4466,28.8631
4467,28.8879
4468,29.1398
4469,28.6751
4470,29.6962
4471,29.183
4472,28.7489
4473,29.0959
4474,29.6996
4475,29.3901
4476,30.1019
4477,28.6678
4478,29.2697
4479,28.8912
4480,29.2593
4481,29.4349
4482,28.7119
4483,29.1551
4484,29.2146
4485,29.5154
4486,28.6807
4487,28.2633
4488,28.9855
4489,28.8031
4490,29.4289
4491,29.4122
4492,29.0942
4493,29.484
4494,29.9203
4495,29.0539
4496,29.2889
4497,29.3446
4498,28.4269
4499,28.9221
4500,29.7426
4501,29.1829
4502,29.4401
4503,29.5377
4504,29.0925
4505,29.1164
4506,29.0104
4507,29.0522
4508,29.41
4509,29.394
4510,28.9669
4511,28.9854
4512,28.6317
4513,28.9632
4514,28.953
4515,29.0035
4516,29.0402
4517,29.1487
4518,28.7428
4519,29.6642
4520,29.1637
4521,28.8551
4522,29.4049
4523,28.7876
4524,29.4181
4525,28.8429
4526,28.7563
4527,28.6048
4528,28.682
4529,28.8333
4530,29.4176
4531,29.2922
4532,28.8209
4533,28.9471
4534,29.3616
4535,29.5948
4536,29.0657
4537,29.7177
4538,29.2689
4539,28.8889
4540,29.4903
4541,29.5807
4542,28.9271
4543,28.9533
4544,28.6954
4545,29.1764
4546,28.5458
4547,29.399
4548,29.3957
4549,29.1773
4550,29.1031
4551,29.1318
4552,28.7897
4553,28.5066
4554,29.1769
4555,29.8957
4556,29.3217
4557,28.8991
4558,29.2386
4559,29.0876
4560,28.7922
4561,29.2946
4562,29.274
4563,29.167
4564,29.6699
4565,29.3192
4566,29.3378
4567,28.7076
4568,29.3986
4569,29.1535
4570,29.5346
4571,29.3579
4572,29.4238
4573,29.1492
4574,28.9832
4575,29.0854
4576,29.2495
4577,28.8864
4578,28.9167
4579,29.0778
4580,29.0008
4581,28.8646
4582,29.1439
4583,29.3887
4584,29.7533
4585,29.1119
4586,28.5219
4587,29.9535
4588,29.171
4589,29.2829
4590,29.4466
4591,29.7238
4592,28.9869
4593,29.0366
4594,29.0661
4595,28.4035
4596,29.3694
4597,29.6302
4598,29.3625
4599,29.2295
4600,29.0086
4601,28.7036
4602,29.133
4603,30.0138
4604,28.9948
4605,29.2218
4606,29.0147
4607,29.6003
4608,28.1678
4609,28.8618
4610,29.6377
4611,28.7542
4612,28.6512
4613,29.344
4614,29.129
4615,28.8131
4616,29.5595
4617,29.7051
4618,28.6032
4619,29.3804
4620,29.366
4621,28.8709
4622,29.9034
4623,29.8714
4624,29.2124
4625,29.2869
4626,28.8452
4627,28.5883
4628,29.0927
4629,29.14
4630,29.6297
4631,28.5917
4632,28.6783
4633,29.0335
4634,29.3021
4635,29.1868
4636,29.739
4637,29.5284
4638,29.608
4639,29.3756
4640,29.345
4641,29.2647
4642,28.6021
4643,29.6054
4644,29.599
4645,29.116
4646,29.061
4647,29.0582
4648,29.1346
4649,29.0169
4650,28.4766
4651,28.8518
4652,29.6554
4653,29.2207
4654,29.7723
4655,28.7604
4656,29.4356
4657,29.1307
4658,29.4363
4659,28.698
4660,29.2588
4661,29.3737
4662,28.8024
4663,29.1353
4664,28.9491
4665,29.261
4666,29.1163
4667,29.1575
4668,29.0427
4669,28.6166
4670,29.0756
4671,28.8936
4672,29.0614
4673,29.4862
4674,28.4772
4675,29.4115
4676,29.2626
4677,28.8734
4678,29.169
4679,28.8192
4680,28.7099
4681,28.8329
4682,29.3413
4683,29.2852
4684,28.8157
4685,28.5056
4686,29.4332
4687,29.3217
4688,28.7243
4689,29.2333
4690,29.0042
4691,29.2546
4692,29.1166
4693,28.496
4694,29.4408
4695,29.0835
4696,29.0757
4697,29.5607
4698,28.9081
4699,28.6628
4700,29.4742
4701,29.3733
4702,29.8576
4703,29.5251
4704,28.549
4705,29.2995
4706,29.2525
4707,28.8664
4708,29.3513
4709,29.1021
4710,29.2024
4711,29.4861
4712,28.8856
4713,29.4123
4714,29.0297
4715,28.711
4716,29.4138
4717,29.5084
4718,28.9118
4719,29.3498
4720,28.7638
4721,29.1403
4722,29.0663
4723,28.6976
4724,28.9683
4725,29.6475
4726,28.9959
4727,29.0317
4728,29.6389
4729,29.1423
4730,28.5239
4731,29.9139
4732,28.9413
4733,29.2471
4734,29.2506
4735,29.3367
4736,29.4075
4737,29.4176
4738,29.3229
4739,29.1681
4740,28.8453
4741,28.9155
4742,28.7319
4743,29.2626
4744,28.6386
4745,28.5887
4746,29.1677
4747,29.1807
4748,29.5446
4749,29.6517
4750,28.9723
4751,28.7822
4752,29.5653
4753,28.9883
4754,29.3796
4755,29.0195
4756,29.2784
4757,28.6716
4758,29.2493
4759,29.49
4760,29.9595
4761,29.2193
4762,28.9832
4763,29.0576
4764,28.7673
4765,28.6004
4766,29.2954
4767,29.171
4768,28.9146
4769,29.4281
4770,29.5486
4771,29.0491
4772,28.4905
4773,29.2786
4774,29.4236
4775,29.0387
4776,29.8339
4777,29.362
4778,29.5476
4779,29.1517
4780,29.6744
4781,29.0897
4782,29.1082
4783,29.3357
4784,29.4398
4785,28.5606
4786,28.7175
4787,29.9803
4788,28.8838
4789,29.4979
4790,29.1462
4791,29.4904
4792,29.0325
4793,28.9502
4794,28.7061
4795,29.3699
4796,29.1539
4797,29.1061
4798,29.2508
4799,29.3866
4800,29.3401
4801,29.3939
4802,28.9005
4803,29.4034
4804,29.3656
4805,29.4372
4806,28.9817
4807,30.1954
4808,28.2606
4809,29.0375
4810,28.7719
4811,29.628
4812,28.9042
4813,29.2127
4814,29.5964
4815,28.9869
4816,29.1416
4817,28.5591
4818,29.1148
4819,29.1108
4820,29.4079
4821,29.392
4822,28.4768
4823,28.8944
4824,28.8816
4825,29.0757
4826,29.8232
4827,28.9578
4828,29.0447
4829,29.6364
4830,29.2484
4831,29.1596
4832,29.0835
4833,29.1286
4834,28.7417
4835,29.7116
4836,29.2647
4837,29.1219
4838,29.8648
4839,29.1548
4840,29.1854
4841,29.0907
4842,29.2515
4843,29.107
4844,29.1012
4845,28.7512
4846,29.1498
4847,28.6697
4848,29.2635
4849,29.584
4850,29.1017
4851,30.054
4852,29.055
4853,29.6228
4854,28.6003
4855,29.3697
4856,29.6493
4857,29.1593
4858,29.3853
4859,29.4945
4860,29.2261
4861,28.9829
4862,29.462
4863,29.0157
4864,28.61
4865,29.2255
4866,28.9673
4867,29.3081
4868,29.4008
4869,29.899
4870,28.0123
4871,29.0942
4872,28.528
4873,28.8853
4874,29.3282
4875,29.317
4876,28.9513
4877,29.4652
4878,29.5298
4879,28.864
4880,28.6777
4881,28.7499
4882,29.2448
4883,29.4912
4884,28.6598
4885,29.5622
4886,29.9364
4887,29.0408
4888,28.7626
4889,28.9205
4890,29.0057
4891,29.5062
4892,28.9674
4893,29.2255
4894,29.2286
4895,29.8058
4896,29.7064
4897,30.0272
4898,29.1472
4899,29.3718
4900,29.1399
4901,29.0573
4902,29.3787
4903,29.3946
4904,29.8797
4905,28.9735
4906,29.3481
4907,29.0452
4908,28.5758
4909,29.281
4910,28.9389
4911,29.3685
4912,29.3051
4913,28.8714
4914,28.9669
4915,29.4946
4916,28.5939
4917,28.8678
4918,28.8541
4919,29.5858
4920,29.2443
4921,29.427
4922,29.6028
4923,29.6761
4924,29.2706
4925,28.9351
4926,29.159
4927,29.1095
4928,29.3044
4929,29.1703
4930,29.2909
4931,29.104
4932,29.5389
4933,29.5025
4934,29.1785
4935,28.9458
4936,28.9165
4937,29.061
4938,29.6482
4939,28.7756
4940,29.1166
4941,29.2217
4942,29.5459
4943,28.7623
4944,29.4487
4945,29.2287
4946,29.5074
4947,29.1847
4948,29.3976
4949,29.6576
4950,29.0528
4951,28.8973
4952,29.3412
4953,29.5682
4954,29.2348
4955,28.6011
4956,29.1166
4957,29.4406
4958,29.4722
4959,29.356
4960,28.8554
4961,29.4498
4962,29.2975
4963,29.4443
4964,28.9256
4965,29.0901
4966,29.6603
4967,29.0239
4968,29.3461
4969,29.365
4970,29.3292
4971,29.074
4972,28.7442
4973,29.2943
4974,29.7067
4975,29.744
4976,29.295
4977,28.9781
4978,29.1005
4979,29.5602
4980,28.8022
4981,28.757
4982,29.1781
4983,29.1357
4984,28.6906
4985,29.1421
4986,29.7866
4987,28.7439
4988,28.999
4989,28.7328
4990,29.0502
4991,28.9292
4992,28.9747
4993,29.0854
4994,28.9822
4995,29.2404
4996,28.7176
4997,29.4064
4998,29.0752
4999,29.2464
5000,29.5398
5001,29.4781
5002,29.1866
5003,29.1257
5004,29.0347
5005,29.0939
5006,29.3707
5007,29.2457
5008,29.0773
5009,28.9393
5010,29.101
5011,28.7679
5012,29.0618
5013,29.2173
5014,29.4566
5015,29.2054
5016,29.3147
5017,29.498
5018,28.6206
5019,29.5912
5020,29.4725
5021,29.3848
5022,29.2405
5023,28.8605
5024,29.0317
5025,29.3286
5026,29.4536
5027,29.2155
5028,29.0433
5029,29.0539
5030,28.6427
5031,28.8305
5032,29.8255
5033,29.6992
5034,29.0592
5035,29.6719
5036,29.6077
5037,29.8297
5038,29.0831
5039,28.7621
5040,29.3892
5041,29.2463
5042,29.2547
5043,29.0508
5044,28.9233
5045,29.2188
5046,29.043
5047,28.5561
5048,29.6135
5049,29.1534
5050,29.1144
5051,29.3006
5052,28.6043
5053,28.9328
5054,28.9816
5055,29.2427
5056,29.4676
5057,29.1069
5058,28.9508
5059,28.7181
5060,29.1173
5061,28.8168
5062,29.2988
5063,29.3429
5064,28.6583
5065,29.166
5066,29.5098
5067,29.7
5068,29.4599
5069,28.7728
5070,29.3942
5071,29.2286
5072,28.5061
5073,29.5268
5074,29.4059
5075,29.7658
5076,28.792
5077,29.5134
5078,28.9792
5079,29.1454
5080,29.3931
5081,29.4329
5082,29.0256
5083,29.4377
5084,29.6814
5085,29.3338
5086,29.5453
5087,29.1817
5088,29.1414
5089,29.1714
5090,29.9464
5091,29.3265
5092,28.8888
5093,28.9424
5094,29.5191
5095,29.2541
5096,29.8436
5097,28.931
5098,29.5976
5099,29.6636
5100,29.4177
5101,29.5872
5102,30.0263
5103,29.2952
5104,30.3302
5105,29.1425
5106,29.5447
5107,29.0065
5108,29.1253
5109,29.2292
5110,28.5608
5111,29.0727
5112,29.042
5113,29.2039
5114,29.2248
5115,29.3573
5116,28.3696
5117,28.8868
5118,28.6955
5119,29.1171
5120,29.2978
5121,28.6055
5122,29.246
5123,28.6756
5124,29.3394
5125,28.3466
5126,28.7388
5127,29.383
5128,29.2214
5129,28.8539
5130,29.0716
5131,29.6877
5132,29.6133
5133,29.3372
5134,29.1327
5135,29.7388
5136,29.216
5137,29.4665
5138,29.8967
5139,29.2817
5140,29.059
5141,28.6131
5142,29.1384
5143,28.7866
5144,29.3587
5145,28.8127
5146,29.0628
5147,29.941
5148,29.4757
5149,29.3543
5150,28.8402
5151,28.7483
5152,29.3937
5153,29.2835
5154,29.1201
5155,28.3866
5156,28.9462
5157,28.7589
5158,29.4649
5159,29.6304
5160,29.405
5161,29.0717
5162,28.613
5163,28.4957
5164,29.4059
5165,29.8452
5166,29.6143
5167,29.5037
5168,28.7634
5169,29.2389
5170,29.3998
5171,28.8792
5172,29.5686
5173,29.3521
5174,28.9519
5175,28.8816
5176,29.4789
5177,29.8164
5178,29.1752
5179,29.0089
5180,28.7894
5181,29.5067
5182,29.5394
5183,29.1492
5184,28.8024
5185,28.9652
5186,28.9532
5187,29.1359
5188,29.0677
5189,29.6735
5190,29.4961
5191,28.8851
5192,28.6499
5193,29.7165
5194,28.6699
5195,28.7778
5196,29.1397
5197,29.5601
5198,29.1729
5199,29.7932
5200,28.8866
5201,29.369
5202,29.1882
5203,29.1074
5204,29.1081
5205,29.2133
5206,28.9869
5207,29.5602
5208,29.6403
5209,28.9656
5210,28.6933
5211,28.9039
5212,29.16
5213,29.0997
5214,29.2844
5215,29.4062
5216,28.5672
5217,29.2686
5218,28.9771
5219,28.7982
5220,28.9613
5221,28.772
5222,29.0274
5223,29.4747
5224,29.1841
5225,29.4176
5226,28.5285
5227,29.2544
5228,29.774
5229,28.6912
5230,29.2803
5231,29.3941
5232,29.0702
5233,29.5504
5234,29.205
5235,29.0997
5236,29.3698
5237,29.4782
5238,28.7552
5239,29.6362
5240,29.1457
5241,28.5096
5242,29.225
5243,29.5298
5244,29.5323
5245,29.1371
5246,28.8358
5247,28.7205
5248,28.497
5249,29.7648
5250,29.6327
5251,29.243
5252,28.9553
5253,29.3119
5254,29.2064
5255,29.1039
5256,29.0013
5257,29.6684
5258,28.4823
5259,29.2903
5260,29.2129
5261,29.5975
5262,28.6048
5263,29.6799
5264,29.0614
5265,28.7633
5266,29.0482
5267,29.3351
5268,28.8272
5269,29.0678
5270,29.1585
5271,29.9193
5272,28.5564
5273,29.2426
5274,28.5917
5275,29.6997
5276,28.6096
5277,29.0981
5278,28.3572
5279,29.2254
5280,29.4934
5281,28.7395
5282,29.2426
5283,29.5016
5284,28.9529
5285,28.9379
5286,28.8589
5287,28.804
5288,29.5723
5289,29.309
5290,28.2305
5291,30.1779
5292,29.1692
5293,29.1226
5294,29.1345
5295,29.772
5296,28.9314
5297,29.6668
5298,29.5214
5299,29.2991
5300,29.3232
5301,29.245
5302,28.5648
5303,28.8201
5304,29.4597
5305,29.3093
5306,28.8873
5307,29.4754
5308,29.8803
5309,29.6746
5310,29.0378
5311,28.8988
5312,29.064
5313,29.8229
5314,28.5163
5315,29.198
5316,29.1829
5317,29.001
5318,29.6217
5319,28.9288
5320,29.1606
5321,29.7432
5322,28.8674
5323,29.4549
5324,28.6257
5325,29.1442
5326,29.0939
5327,28.6263
5328,29.4368
5329,28.4146
5330,29.2654
5331,29.5061
5332,29.3804
5333,29.2557
5334,28.6857
5335,28.6023
5336,28.996
5337,29.0077
5338,29.0149
5339,28.9131
5340,29.1071
5341,29.2797
5342,28.4629
5343,29.2266
5344,29.6199
5345,28.961
5346,29.4284
5347,28.984
5348,29.275
5349,29.3902
5350,29.0816
5351,29.6448
5352,29.24
5353,29.1094
5354,29.4055
5355,29.0255
5356,29.5766
5357,28.8736
5358,29.2084
5359,29.1687
5360,28.7931
5361,29.1001
5362,29.5619
5363,29.026
5364,29.1696
5365,29.7114
5366,29.2793
5367,28.9823
5368,29.0158
5369,29.6007
5370,28.942
5371,29.2425
5372,29.035
5373,29.1637
5374,29.3101
5375,29.3353
5376,28.7809
5377,29.7769
5378,29.5168
5379,29.2002
5380,29.3487
5381,29.3787
5382,29.6883
5383,29.6712
5384,29.0391
5385,29.6232
5386,29.5088
5387,28.9364
5388,28.9921
5389,28.9122
5390,28.3823
5391,29.7685
5392,28.6655
5393,29.6042
5394,29.3231
5395,29.4136
5396,29.0538
5397,29.3583
5398,29.3007
5399,28.6129
5400,29.0662
5401,28.8824
5402,29.3617
5403,29.2064
5404,28.8856
5405,29.0869
5406,29.0339
5407,29.6818
5408,29.869
5409,29.3538
5410,29.2775
5411,29.2513
5412,29.401
5413,29.3904
5414,29.2023
5415,29.3957
5416,28.9553
5417,29.172
5418,28.8054
5419,28.8423
5420,29.6293
5421,28.4528
5422,29.2014
5423,28.7464
5424,29.5369
5425,29.772
5426,29.3461
5427,29.0422
5428,28.9872
5429,29.3687
5430,29.6849
5431,29.646
5432,29.9293
5433,28.8796
5434,29.9308
5435,29.3188
5436,29.1581
5437,29.6477
5438,29.1877
5439,29.0392
5440,29.4311
5441,29.5397
5442,28.8601
5443,28.8416
5444,29.4423
5445,29.3434
5446,29.1123
5447,29.0407
5448,29.4713
5449,29.0953
5450,28.736
5451,29.652
5452,29.2046
5453,29.1371
5454,29.0117
5455,29.3542
5456,28.8427
5457,28.2499
5458,29.2351
5459,28.9917
5460,29.4037
5461,29.1827
5462,28.4422
5463,29.1029
5464,29.2643
5465,29.5635
5466,29.4404
5467,29.9087
5468,29.2125
5469,28.644
5470,28.9155
5471,29.3411
5472,29.3882
5473,29.2065
5474,28.8632
5475,28.9382
5476,29.0037
5477,29.1275
5478,29.1423
5479,29.386
5480,29.241
5481,29.1296
5482,28.9455
5483,29.3773
5484,29.8247
5485,28.8874
5486,29.016
5487,29.0753
5488,29.1946
5489,29.9234
5490,29.4833
5491,29.3409
5492,29.1428
5493,29.7272
5494,29.6297
5495,29.7781
5496,29.1171
5497,29.4026
5498,29.1005
5499,29.4522
5500,29.1358
5501,28.8862
5502,29.2401
5503,29.2038
5504,28.6891
5505,29.4074
5506,29.3412
5507,29.5053
5508,29.8969
5509,29.2069
5510,29.4289
5511,29.4047
5512,28.634
5513,28.9836
5514,29.402
5515,29.9844
5516,29.4009
5517,28.8299
5518,29.4782
5519,28.8467
5520,29.1792
5521,28.994
5522,28.9294
5523,29.0449
5524,28.7706
5525,29.139
5526,28.9378
5527,29.4332
5528,29.4508
5529,28.4336
5530,29.2796
5531,29.7004
5532,29.5274
5533,28.9456
5534,28.9086
5535,28.8894
5536,29.8392
5537,29.7312
5538,29.5517
5539,30.178
5540,29.1992
5541,29.009
5542,28.9015
5543,29.0154
5544,29.2655
5545,29.1032
5546,29.2687
5547,28.9304
5548,29.5777
5549,29.198
5550,29.0072
5551,29.3557
5552,29.3049
5553,28.9942
5554,29.2848
5555,29.0806
5556,29.1674
5557,29.6068
5558,28.4761
5559,29.309
5560,28.3745
5561,29.254
5562,29.0536
5563,28.5461
5564,28.3773
5565,29.0969
5566,29.2399
5567,29.2581
5568,29.3186
5569,29.0502
5570,29.2086
5571,29.9578
5572,29.3607
5573,28.9108
5574,28.6729
5575,28.6415
5576,28.6308
5577,29.2149
5578,28.9405
5579,29.1059
5580,28.571
5581,29.2342
5582,29.0983
5583,29.0621
5584,29.7201
5585,28.9851
5586,29.0523
5587,29.0177
5588,29.6025
5589,28.9557
5590,29.2221
5591,29.2233
5592,29.1425
5593,29.3481
5594,29.5161
5595,29.2595
5596,29.6753
5597,29.1846
5598,29.2236
5599,29.8394
5600,28.8578
5601,29.1006
5602,29.2327
5603,29.3192
5604,28.9392
5605,29.2451
5606,29.1504
5607,28.5681
5608,29.1255
5609,28.8665
5610,28.7691
5611,29.3527
5612,29.1119
5613,29.3224
5614,29.2315
5615,28.7497
5616,29.2718
5617,29.7658
5618,28.9654
5619,28.9936
5620,29.3762
5621,29.2468
5622,29.4278
5623,29.1224
5624,29.5212
5625,29.1867
5626,28.4858
5627,28.8425
5628,29.0643
5629,29.4295
5630,29.5585
5631,28.5006
5632,29.5389
5633,29.4127
5634,29.1024
5635,28.8142
5636,29.2006
5637,28.849
5638,28.854
5639,29.1918
5640,28.957
5641,29.0234
5642,29.4789
5643,28.8911
5644,29.4229
5645,29.4465
5646,28.7804
5647,29.3104
5648,28.9264
5649,28.6287
5650,28.717
5651,28.8319
5652,28.7786
5653,28.9992
5654,28.6995
5655,29.6271
5656,29.4747
5657,29.3924
5658,28.8757
5659,29.627
5660,29.2976
5661,28.934
5662,28.7622
5663,28.7739
5664,29.251
5665,29.1205
5666,29.0487
5667,29.117
5668,29.2037
5669,29.067
5670,29.5305
5671,29.0334
5672,29.6513
5673,28.457
5674,29.4562
5675,29.3191
5676,28.8351
5677,29.4044
5678,28.7875
5679,28.8573
5680,29.4695
5681,29.2511
5682,29.197
5683,29.2868
5684,29.1666
5685,29.5686
5686,29.1841
5687,30.1126
5688,29.3123
5689,29.3225
5690,29.1041
5691,29.0269
5692,28.7209
5693,28.8235
5694,28.7073
5695,29.3983
5696,28.7412
5697,29.4813
5698,28.8663
5699,30.3176
5700,29.5621
5701,29.5972
5702,28.8497
5703,28.8252
5704,28.4194
5705,29.4466
5706,29.6264
5707,29.4723
5708,29.3503
5709,30.0578
5710,29.9547
5711,29.2478
