0,0.492188
1,0.496626
2,0.49343
3,0.507457
4,0.494318
5,0.498935
6,0.491655
7,0.5087
8,0.497337
9,0.499822
10,0.490589
11,0.489879
12,0.503551
13,0.502841
14,0.497159
15,0.506392
16,0.501065
17,0.498402
18,0.494673
19,0.499822
20,0.493253
21,0.499112
22,0.508345
23,0.492365
24,0.501953
25,0.490057
26,0.490234
27,0.500888
28,0.49858
29,0.492188
30,0.491832
31,0.485973
32,0.493075
33,0.504616
34,0.00799006
35,0.0477628
36,0.0262784
37,0.0339134
38,0.0488281
39,0.13299
40,0.0632102
41,0.0349787
42,0.0138494
43,0.0275213
44,0.0994318
45,0.0239702
46,0
47,0.0664062
48,0.0229048
49,0.00834517
50,0.0266335
51,0.00585938
52,0.0518466
53,0
54,0.0101207
55,0.0435014
56,0.0443892
57,0.0575284
58,0.0278764
59,0.0424361
60,0.0234375
61,0.0241477
62,0.0250355
63,0
64,0.0607244
65,0.0012429
66,0.0522017
67,0.0596591
68,0
69,0.0216619
70,0.0562855
71,0.0358665
72,0
73,0.0110085
74,0.0564631
75,0.00799006
76,0.0482955
77,0.0225497
78,0.27255
79,0
80,0.0308949
81,0.0980114
82,0.0866477
83,0.221058
84,0.00923295
85,0.0269886
86,0.010831
87,0.0230824
88,0.0738636
89,0.0150923
90,0.076527
91,0.057706
92,0.0751065
93,0.0458097
94,0.0371094
95,0.00727983
96,0.0262784
97,0.036044
98,0.0745739
99,0.0619673
100,0.042081
101,0.024858
102,0.0213068
103,0.0189986
104,0.0321378
105,0.0497159
106,0.0142045
107,0.0712003
108,0.0470526
109,0.0552202
110,0.00710227
111,0.0566406
112,0.0395952
113,0
114,0.0165128
115,0.00727983
116,0.203303
117,0.0065696
118,0.0271662
119,0.00745739
120,0.0621449
121,0.057706
122,0.115234
123,0.224254
124,0.0346236
125,0.0971236
126,0.0134943
127,0.0110085
128,0.0466974
129,0.0113636
130,0.0289418
131,0.0131392
132,0.0255682
133,0.0138494
134,0.0493608
135,0.0736861
136,0.0569957
137,0.126598
138,0.233842
139,0.142933
140,0.0539773
141,0.0401278
142,0.189986
143,0.050071
144,0.0379972
145,0.0358665
146,0.0223722
147,0.0433239
148,0.0115412
149,0.010831
150,0
151,0.0218395
152,0
153,0.0237926
154,0.0506037
155,0.0456321
156,0.0443892
157,0.34233
158,0.0159801
159,0.0495384
160,0.0875355
161,0.0261009
162,0.0259233
163,0
164,0.0372869
165,0.389915
166,0.00710227
167,0.0557528
168,0.0243253
169,0.0303622
170,0.028054
171,0.0559304
172,0.283026
173,0.0852273
174,0.0408381
175,0.0241477
176,0.0310724
177,0.103516
178,0.0348011
179,0.0253906
180,0
181,0.0582386
182,0.0127841
183,0.199041
184,0.0395952
185,0.0266335
186,0.0257457
187,0.0324929
188,0.0385298
189,0.0553977
190,0.0685369
191,0.0117188
192,0.0596591
193,0.0102983
194,0.00887784
195,0.0743963
196,0
197,0.0518466
198,0.269886
199,0.0078125
200,0.0202415
201,0.00692472
202,0.262429
203,0.0603693
204,0.0236151
205,0.0680043
206,0.0134943
207,0.124822
208,0.0232599
209,0.0214844
210,0.0303622
211,0
212,0
213,0.0129616
214,0.0735085
215,0.0964134
216,0.0193537
217,0
218,0.0687145
219,0.0836293
220,0.00976562
221,0.0186435
222,0.0555753
223,0.0720881
224,0.00870028
225,0.0211293
226,0.0218395
227,0.0101207
228,0.0555753
229,0.0545099
230,0.0111861
231,0
232,0.0408381
233,0.0530895
234,0.0269886
235,0.0243253
236,0.0568182
237,0.0395952
238,0.0877131
239,0.0355114
240,0.0131392
241,0.112926
242,0
243,0.28853
244,0.0630327
245,0.0470526
246,0.020419
247,0.0262784
248,0.0584162
249,0.0237926
250,0.00870028
251,0.0227273
252,0
253,0.0790128
254,0.042081
255,0.253196
256,0.0877131
257,0.159268
258,0.0078125
259,0.121982
260,0.0553977
261,0.0182884
262,0.0200639
263,0.0175781
264,0.121094
265,0.0275213
266,0.087358
267,0.0090554
268,0.0786577
269,0.0122514
270,0.0152699
271,0.0463423
272,0.0317827
273,0.015625
274,0.0378196
275,0.0536222
276,0.0149148
277,0.0346236
278,0.0268111
279,0.0307173
280,0.0182884
281,0.0696023
282,0.0585938
283,0.0115412
284,0.0184659
285,0.0424361
286,0.028054
287,0.0342685
288,0.0168679
289,0.0646307
290,0.0339134
291,0.0472301
292,0.111683
293,0.0266335
294,0.0230824
295,0
296,0.0855824
297,0.0378196
298,0.015625
299,0.0259233
300,0.0184659
301,0.113104
302,0.0191761
303,0.0411932
304,0.0363991
305,0.113814
306,0.137962
307,0.0259233
308,0.0371094
309,0.018821
310,0.120028
311,0.106179
312,0.0230824
313,0.0699574
314,0.0303622
315,0.102095
316,0.232422
317,0.0243253
318,0.0408381
319,0.0738636
320,0.00941051
321,0.00976562
322,0.0236151
323,0.0362216
324,0.0291193
325,0.0216619
326,0.0941051
327,0.0282315
328,0.0102983
329,0.0321378
330,0.0371094
331,0.0513139
332,0.00958807
333,0.0960582
334,0.0275213
335,0.153587
336,0.0628551
337,0.0255682
338,0.0303622
339,0.0195312
340,0.114347
341,0.0287642
342,0.0417259
343,0.0882457
344,0.088956
345,0
346,0.014027
347,0
348,0.0355114
349,0
350,0.0495384
351,0.0539773
352,0.100675
353,0.0800781
354,0.0715554
355,0.0102983
356,0.15767
357,0.0992543
358,0.0268111
359,0.208807
360,0.032848
361,0.0117188
362,0.0307173
363,0.102095
364,0.0229048
365,0.0273438
366,0.0571733
367,0.0600142
368,0.00568182
369,0.0324929
370,0.411399
371,0.0536222
372,0.0758168
373,0.0438565
374,0.0186435
375,0.0901989
376,0.0221946
377,0.0184659
378,0.0182884
379,0.0065696
380,0
381,0.27983
382,0.0799006
383,0.109375
384,0.0129616
385,0
386,0.00976562
387,0.0433239
388,0.00692472
389,0.0289418
390,0.0138494
391,0.0660511
392,0.0410156
393,0.0399503
394,0.0358665
395,0.043679
396,0.0237926
397,0.0332031
398,0.0356889
399,0.127486
400,0.0427912
401,0.0893111
402,0.0394176
403,0.0348011
404,0.0323153
405,0.010831
406,0.0193537
407,0.0777699
408,0.0307173
409,0.0269886
410,0.120916
411,0.0145597
412,0.0646307
413,0.037642
414,0.00639205
415,0.0456321
416,0.0317827
417,0.0340909
418,0.0246804
419,0
420,0.0200639
421,0.0351562
422,0.0403054
423,0.110085
424,0.117365
425,0.0491832
426,0.0284091
427,0.0667614
428,0.0154474
429,0.0388849
430,0
431,0.23402
432,0.0605469
433,0.0317827
434,0
435,0.0537997
436,0.0811435
437,0.0555753
438,0.0537997
439,0.240234
440,0.0262784
441,0
442,0.0852273
443,0.0482955
444,0.0525568
445,0.00568182
446,0.092152
447,0
448,0.00479403
449,0.255327
450,0
451,0.0814986
452,0.0371094
453,0.0355114
454,0.157315
455,0.0685369
456,0.0223722
457,0.0186435
458,0.10174
459,0.106889
460,0
461,0.0978338
462,0.0298295
463,0.0720881
464,0.0255682
465,0.0117188
466,0.0232599
467,0.0214844
468,0.0477628
469,0.128018
470,0.0477628
471,0.180575
472,0.0990767
473,0.0520241
474,0
475,0.0832741
476,0.0745739
477,0.0205966
478,0.0106534
479,0.0348011
480,0.0236151
481,0.0262784
482,0.0960582
483,0.0394176
484,0.036044
485,0.0110085
486,0.0763494
487,0.0541548
488,0.0806108
489,0.0230824
490,0.103871
491,0
492,0.0898438
493,0.0205966
494,0.0392401
495,0.0706676
496,0.199041
497,0.0207741
498,0.0170455
499,0.0490057
500,0
501,0.0371094
502,0.0555753
503,0.0305398
504,0.0275213
505,0.0221946
506,0.0395952
507,0.0152699
508,0.0333807
509,0.0211293
510,0.0486506
511,0.0207741
512,0.048473
513,0.00763494
514,0.0543324
515,0.0571733
516,0.0337358
517,0
518,0.00834517
519,0.0127841
520,0.0175781
521,0.229048
522,0.0397727
523,0.0566406
524,0.0935724
525,0.0131392
526,0.0239702
527,0.0337358
528,0.0243253
529,0.0681818
530,0.0333807
531,0.0820312
532,0.0198864
533,0.0703125
534,0.0253906
535,0.0454545
536,0.121626
537,0.0594815
538,0
539,0.12642
540,0.210582
541,0.0166903
542,0.0356889
543,0.12358
544,0.0426136
545,0.0507812
546,0.00799006
547,0.0878906
548,0.0976562
549,0.0978338
550,0.0369318
551,0.0367543
552,0.0933949
553,0.00887784
554,0.0353338
555,0.256747
556,0
557,0.0557528
558,0.0720881
559,0.0378196
560,0.00976562
561,0.0449219
562,0.0584162
563,0.00426136
564,0.00923295
565,0.104936
566,0.0415483
567,0.0525568
568,0.0754616
569,0.0289418
570,0.0422585
571,0.032848
572,0.0374645
573,0.0841619
574,0.0513139
575,0.0729759
576,0.0381747
577,0.0573509
578,0.0111861
579,0.0136719
580,0.0177557
581,0.074929
582,0.0438565
583,0.0078125
584,0.0305398
585,0.0372869
586,0.0326705
587,0.0161577
588,0.0903764
589,0.0628551
590,0
591,0.0310724
592,0.0868253
593,0.0378196
594,0.125178
595,0.00887784
596,0.018821
597,0.0410156
598,0.268999
599,0.0939276
600,0.282848
601,0.0419034
602,0
603,0.0182884
604,0
605,0.0337358
606,0.0330256
607,0.0410156
608,0.0115412
609,0.0600142
610,0.0571733
611,0
612,0.0214844
613,0.0104759
614,0.0266335
615,0.0326705
616,0.0335582
617,0.0117188
618,0.127841
619,0.0202415
620,0.0321378
621,0.0649858
622,0.114879
623,0.108487
624,0.0488281
625,0.0165128
626,0.0317827
627,0.0671165
628,0.0230824
629,0.0177557
630,0.0447443
631,0.00674716
632,0.0569957
633,0.0491832
634,0.00994318
635,0.0221946
636,0
637,0.0310724
638,0.0230824
639,0.0411932
640,0.0106534
641,0.0406605
642,0.0846946
643,0.0221946
644,0.0090554
645,0.0379972
646,0.0413707
647,0.00870028
648,0.153587
649,0.0236151
650,0.0775923
651,0.0163352
652,0.0090554
653,0.0854048
654,0.0339134
655,0.0142045
656,0.0465199
657,0
658,0
659,0.0392401
660,0.0104759
661,0.00799006
662,0.0742188
663,0
664,0.00887784
665,0.203303
666,0.0850497
667,0.056108
668,0.0234375
669,0.0612571
670,0.0646307
671,0.0303622
672,0.0159801
673,0.0298295
674,0.0720881
675,0.00887784
676,0.0479403
677,0.0472301
678,0.0232599
679,0.0174006
680,0.311435
681,0
682,0.100675
683,0.0262784
684,0.0161577
685,0.0307173
686,0.0310724
687,0.0522017
688,0.0133168
689,0.0106534
690,0.0440341
691,0.0543324
692,0.0852273
693,0.0648082
694,0.018821
695,0.0275213
696,0.00621449
697,0
698,0.0321378
699,0.0752841
700,0.0223722
701,0.0209517
702,0.00674716
703,0.0445668
704,0.0862926
705,0.0775923
706,0.0351562
707,0.0209517
708,0.00887784
709,0.0143821
710,0.0158026
711,0.0612571
712,0.0229048
713,0.0703125
714,0.00799006
715,0.034446
716,0.0406605
717,0.0417259
718,0.0090554
719,0.0211293
720,0.0465199
721,0.0330256
722,0.0106534
723,0.050071
724,0.037642
725,0.0229048
726,0.071733
727,0.0236151
728,0.0580611
729,0.0113636
730,0.0839844
731,0.0134943
732,0.0225497
733,0.0426136
734,0.0316051
735,0.0234375
736,0.0138494
737,0.0390625
738,0.0197088
739,0.0392401
740,0.0227273
741,0.024858
742,0.0218395
743,0.0445668
744,0.0584162
745,0.0145597
746,0.0763494
747,0.0078125
748,0.0175781
749,0
750,0.014027
751,0.0120739
752,0.0250355
753,0.00763494
754,0.00603693
755,0.00426136
756,0.0411932
757,0.0275213
758,0.0564631
759,0
760,0
761,0.0120739
762,0.00870028
763,0.0735085
764,0.0413707
765,0.0541548
766,0.281428
767,0.0463423
768,0
769,0.0179332
770,0.0529119
771,0.0143821
772,0.0449219
773,0.0179332
774,0.0793679
775,0.0729759
776,0
777,0.0232599
778,0.0261009
779,0.0198864
780,0.020419
781,0.0724432
782,0.0259233
783,0.0342685
784,0.0571733
785,0.042081
786,0.0529119
787,0.0349787
788,0.114879
789,0.103693
790,0.0271662
791,0.082919
792,0.0470526
793,0.09375
794,0.110085
795,0.0926847
796,0.0269886
797,0.059304
798,0.0255682
799,0.0307173
800,0.195135
801,0.0403054
802,0.0410156
803,0
804,0
805,0.043679
806,0.0250355
807,0.0323153
808,0.0252131
809,0.0399503
810,0.0110085
811,0
812,0.0548651
813,0.0621449
814,0.084517
815,0.0065696
816,0.0992543
817,0.0113636
818,0.014027
819,0.0319602
820,0.0342685
821,0.0252131
822,0.0316051
823,0.0550426
824,0.137074
825,0.0090554
826,0.00834517
827,0.242365
828,0.0294744
829,0.0161577
830,0.221591
831,0.03125
832,0.0809659
833,0.0340909
834,0.216974
835,0.0291193
836,0.0307173
837,0.050071
838,0.0534446
839,0.0356889
840,0.0303622
841,0.034446
842,0.0134943
843,0.0221946
844,0.0147372
845,0.0520241
846,0.0253906
847,0.0166903
848,0.0149148
849,0.0305398
850,0.0454545
851,0.0120739
852,0.0390625
853,0.0161577
854,0.120384
855,0.0536222
856,0.0786577
857,0.0385298
858,0.00514915
859,0.0383523
860,0.10174
861,0.0410156
862,0.0509588
863,0.0245028
864,0.239524
865,0.051669
866,0.153409
867,0.0461648
868,0.0507812
869,0.0342685
870,0.0102983
871,0.0454545
872,0.0147372
873,0.0234375
874,0.0323153
875,0.202237
876,0.0637429
877,0.0601918
878,0.0513139
879,0.0477628
880,0.0355114
881,0.0743963
882,0.0390625
883,0.028054
884,0.0282315
885,0.0284091
886,0
887,0.156428
888,0.0417259
889,0.0482955
890,0.022017
891,0.0520241
892,0.0269886
893,0.149503
894,0.00550426
895,0.028054
896,0.0292969
897,0.0498935
898,0.043679
899,0.0298295
900,0.113281
901,0.0234375
902,0.0115412
903,0.0152699
904,0.0619673
905,0.00603693
906,0.0106534
907,0.0417259
908,0.084517
909,0.0671165
910,0.00976562
911,0
912,0.0601918
913,0.0323153
914,0.051669
915,0.00727983
916,0.0236151
917,0.0308949
918,0.136009
919,0.0724432
920,0.0104759
921,0.0245028
922,0.0461648
923,0.037642
924,0.0708452
925,0.12358
926,0.0165128
927,0.0696023
928,0.0131392
929,0.0415483
930,0.0122514
931,0.0229048
932,0.0191761
933,0.0903764
934,0
935,0.0413707
936,0.0431463
937,0.0655185
938,0.0255682
939,0.0495384
940,0.043679
941,0.0225497
942,0.0193537
943,0.0197088
944,0
945,0.0632102
946,0.036044
947,0.0102983
948,0
949,0.0401278
950,0.060902
951,0.0600142
952,0.0126065
953,0.0507812
954,0.0166903
955,0.0930398
956,0.0115412
957,0.0383523
958,0.00692472
959,0.010831
960,0.03125
961,0.022017
962,0.0282315
963,0.0878906
964,0.0276989
965,0
966,0.107599
967,0.0495384
968,0.0410156
969,0.169212
970,0.0575284
971,0.034446
972,0.043679
973,0.00692472
974,0.0754616
975,0.0065696
976,0.0555753
977,0.0465199
978,0.0546875
979,0.0403054
980,0.11772
981,0.0111861
982,0.0591264
983,0.0142045
984,0.043679
985,0.0214844
986,0.0136719
987,0.0346236
988,0.0266335
989,0.0513139
990,0.0491832
991,0.0433239
992,0.0571733
993,0.100852
994,0.0289418
995,0.0438565
996,0.00408381
997,0.0353338
998,0.00816761
999,0.0523793
1000,0.325817
1001,0.0564631
1002,0.0415483
1003,0.00958807
1004,0.051669
1005,0.0387074
1006,0.0422585
1007,0.0497159
1008,0.0930398
1009,0.014027
1010,0.0445668
1011,0.0122514
1012,0.0161577
1013,0.106001
1014,0.0230824
1015,0.0236151
1016,0.0834517
1017,0.0859375
1018,0
1019,0.0800781
1020,0.0442116
1021,0.187855
1022,0.0807884
1023,0.0601918
1024,0.0134943
1025,0
1026,0.00852273
1027,0.0685369
1028,0.0189986
1029,0.0316051
1030,0.0273438
1031,0.0445668
1032,0.0202415
1033,0
1034,0.0523793
1035,0.0213068
1036,0
1037,0.115234
1038,0.0278764
1039,0.0246804
1040,0.00958807
1041,0.0362216
1042,0.0578835
1043,0.0537997
1044,0.0065696
1045,0.056108
1046,0.051669
1047,0.0133168
1048,0.0644531
1049,0.0507812
1050,0.0229048
1051,0.248047
1052,0.428622
1053,0.0406605
1054,0.0175781
1055,0.0651634
1056,0.0871804
1057,0.0339134
1058,0.0271662
1059,0.0488281
1060,0.0356889
1061,0.188033
1062,0.0218395
1063,0.0225497
1064,0.0330256
1065,0.111861
1066,0.015625
1067,0.127663
1068,0.148793
1069,0.0337358
1070,0.0346236
1071,0.0138494
1072,0.0257457
1073,0.33576
1074,0.028054
1075,0.0395952
1076,0.0115412
1077,0.0321378
1078,0.0225497
1079,0.00958807
1080,0.0411932
1081,0.0712003
1082,0.0175781
1083,0.0301847
1084,0.0287642
1085,0.0417259
1086,0.0269886
1087,0.042081
1088,0.0182884
1089,0.0289418
1090,0.230646
1091,0.0127841
1092,0.0065696
1093,0
1094,0
1095,0.0229048
1096,0.0163352
1097,0.0332031
1098,0.0644531
1099,0.360085
1100,0.0285866
1101,0.00355114
1102,0.0266335
1103,0.0223722
1104,0.040483
1105,0.114702
1106,0.0252131
1107,0.0197088
1108,0.0427912
1109,0.0601918
1110,0.0266335
1111,0.245561
1112,0.141335
1113,0.0225497
1114,0.101385
1115,0.0339134
1116,0.0276989
1117,0.0571733
1118,0.057706
1119,0.0541548
1120,0.0195312
1121,0.0594815
1122,0.128374
1123,0.110263
1124,0.0229048
1125,0.0406605
1126,0.0445668
1127,0.036044
1128,0
1129,0.00958807
1130,0.0374645
1131,0.0479403
1132,0.0962358
1133,0.0294744
1134,0.0514915
1135,0.100852
1136,0.0490057
1137,0.00674716
1138,0.0720881
1139,0.0571733
1140,0.0163352
1141,0.0820312
1142,0
1143,0.0424361
1144,0.0205966
1145,0.0562855
1146,0
1147,0.0232599
1148,0.0502486
1149,0.0756392
1150,0.0262784
1151,0.0317827
1152,0.0406605
1153,0.0152699
1154,0.0300071
1155,0.0316051
1156,0.00994318
1157,0.0823864
1158,0.0923295
1159,0.0566406
1160,0.191939
1161,0.0372869
1162,0.0348011
1163,0.0138494
1164,0.0257457
1165,0.0395952
1166,0.0152699
1167,0.15625
1168,0.0262784
1169,0.0388849
1170,0.00941051
1171,0.0278764
1172,0.0339134
1173,0.0321378
1174,0.076527
1175,0.0449219
1176,0.00550426
1177,0.0898438
1178,0.0543324
1179,0.040483
1180,0.00727983
1181,0.00976562
1182,0.0207741
1183,0.0301847
1184,0.0225497
1185,0.0234375
1186,0.0261009
1187,0
1188,0.0649858
1189,0.0596591
1190,0.0246804
1191,0.0245028
1192,0.0211293
1193,0
1194,0.0731534
1195,0.0335582
1196,0.0337358
1197,0.0131392
1198,0.0163352
1199,0.0522017
1200,0.0697798
1201,0.0681818
1202,0.0321378
1203,0.159268
1204,0.0944602
1205,0.0438565
1206,0
1207,0.0147372
1208,0.0575284
1209,0.0184659
1210,0.0600142
1211,0.0539773
1212,0.0710227
1213,0
1214,0.0692472
1215,0.0186435
1216,0.0529119
1217,0.0433239
1218,0.0838068
1219,0.255682
1220,0.0165128
1221,0.0053267
1222,0.0285866
1223,0.132102
1224,0.0273438
1225,0.0113636
1226,0.0681818
1227,0.0974787
1228,0.0287642
1229,0.0983665
1230,0.0539773
1231,0.0401278
1232,0.00674716
1233,0.0317827
1234,0.034446
1235,0.042081
1236,0.0639205
1237,0.0275213
1238,0.0475852
1239,0.0090554
1240,0.0584162
1241,0.0584162
1242,0.0589489
1243,0.0211293
1244,0.0379972
1245,0.0218395
1246,0.0667614
1247,0.0543324
1248,0.0539773
1249,0
1250,0.107422
1251,0.0626776
1252,0.029652
1253,0.103161
1254,0.0578835
1255,0.0298295
1256,0.024858
1257,0.0337358
1258,0.0410156
1259,0.0514915
1260,0.0481179
1261,0.0649858
1262,0.0378196
1263,0.0440341
1264,0.0530895
1265,0.250355
1266,0.0207741
1267,0.0362216
1268,0.0854048
1269,0
1270,0.0314276
1271,0.0303622
1272,0.0186435
1273,0.0122514
1274,0.0557528
1275,0.0115412
1276,0.0568182
1277,0.0147372
1278,0.0090554
1279,0.0253906
1280,0.0200639
1281,0.0449219
1282,0.0381747
1283,0.00514915
1284,0.0342685
1285,0.0637429
1286,0.0150923
1287,0.0759943
1288,0.170632
1289,0.0168679
1290,0.0184659
1291,0.107599
1292,0.00763494
1293,0.0351562
1294,0.0488281
1295,0.0239702
1296,0
1297,0.100142
1298,0.042081
1299,0.0475852
1300,0
1301,0.090554
1302,0.115767
1303,0.0417259
1304,0.0184659
1305,0.0399503
1306,0.0225497
1307,0.0321378
1308,0.0884233
1309,0.045277
1310,0.0763494
1311,0.108487
1312,0
1313,0.0346236
1314,0.0117188
1315,0.0387074
1316,0.0090554
1317,0.0825639
1318,0.307173
1319,0.0285866
1320,0.0078125
1321,0
1322,0.0346236
1323,0.0291193
1324,0.0594815
1325,0.0511364
1326,0.0314276
1327,0.0149148
1328,0.0784801
1329,0.060902
1330,0.199751
1331,0.056108
1332,0.0333807
1333,0.0406605
1334,0.015625
1335,0
1336,0.0633878
1337,0.0131392
1338,0.0276989
1339,0.0149148
1340,0.0284091
1341,0.342507
1342,0.00870028
1343,0.0479403
1344,0.0403054
1345,0.0147372
1346,0.0367543
1347,0.0126065
1348,0.110795
1349,0.00710227
1350,0.0143821
1351,0.0348011
1352,0.0417259
1353,0.136541
1354,0.017223
1355,0.0433239
1356,0.017223
1357,0.0987216
1358,0.0417259
1359,0.0582386
1360,0
1361,0
1362,0.103161
1363,0.0308949
1364,0.0383523
1365,0.0292969
1366,0.00870028
1367,0.0999645
1368,0.0145597
1369,0.0653409
1370,0.0399503
1371,0.0276989
1372,0.0101207
1373,0
1374,0
1375,0
1376,0.0316051
1377,0.0205966
1378,0.0143821
1379,0
1380,0.0307173
1381,0.0371094
1382,0
1383,0.0628551
1384,0.045277
1385,0
1386,0.0255682
1387,0.024858
1388,0.114524
1389,0.0635653
1390,0.0992543
1391,0.0106534
1392,0.105469
1393,0.0392401
1394,0.0552202
1395,0.0381747
1396,0.043679
1397,0.037642
1398,0.116122
1399,0.0257457
1400,0.0165128
1401,0.0413707
1402,0.0901989
1403,0.0227273
1404,0.036044
1405,0.048473
1406,0.0245028
1407,0.0253906
1408,0.0243253
1409,0.0662287
1410,0.00887784
1411,0.0227273
1412,0.0383523
1413,0.0117188
1414,0.0310724
1415,0.0104759
1416,0.0291193
1417,0.0285866
1418,0.0429688
1419,0.0814986
1420,0.0440341
1421,0.0536222
1422,0.034446
1423,0.0300071
1424,0.050071
1425,0.252841
1426,0.374645
1427,0.0415483
1428,0.0127841
1429,0.0307173
1430,0.0687145
1431,0.0591264
1432,0.416903
1433,0.0555753
1434,0.022017
1435,0.301669
1436,0.0411932
1437,0.00870028
1438,0.129616
1439,0.0117188
1440,0.0353338
1441,0.00852273
1442,0.0704901
1443,0.00621449
1444,0.0131392
1445,0.0149148
1446,0.00887784
1447,0.0790128
1448,0.020419
1449,0.029652
1450,0.0136719
1451,0.0884233
1452,0.125888
1453,0.0578835
1454,0.0278764
1455,0.0294744
1456,0.0193537
1457,0.0209517
1458,0.048473
1459,0.0349787
1460,0.022017
1461,0.0282315
1462,0.0440341
1463,0.0727983
1464,0.0316051
1465,0.139027
1466,0.0110085
1467,0.0317827
1468,0.00994318
1469,0.0271662
1470,0.0514915
1471,0.0271662
1472,0.0261009
1473,0.0401278
1474,0.0674716
1475,0.408026
1476,0.0513139
1477,0.0104759
1478,0.00834517
1479,0.0477628
1480,0.0134943
1481,0.0427912
1482,0.0118963
1483,0.0207741
1484,0.197976
1485,0.0340909
1486,0.043679
1487,0.012429
1488,0.0502486
1489,0.00994318
1490,0.0346236
1491,0.0339134
1492,0.196023
1493,0.0243253
1494,0.00585938
1495,0.0218395
1496,0.0211293
1497,0.230114
1498,0.0637429
1499,0.0541548
1500,0.0285866
1501,0
1502,0.0250355
1503,0.0198864
1504,0.0170455
1505,0.0422585
1506,0.00727983
1507,0.00763494
1508,0.0568182
1509,0.0229048
1510,0
1511,0.0232599
1512,0.010831
1513,0.0490057
1514,0.0475852
1515,0.0690696
1516,0.0536222
1517,0.0133168
1518,0.0974787
1519,0.0617898
1520,0.0745739
1521,0.0482955
1522,0.0417259
1523,0.0562855
1524,0.0287642
1525,0.0738636
1526,0.0646307
1527,0.0541548
1528,0.00692472
1529,0.0475852
1530,0
1531,0.0149148
1532,0.0174006
1533,0.218217
1534,0.0200639
1535,0.0321378
1536,0.0466974
1537,0.0395952
1538,0.0356889
1539,0.00941051
1540,0
1541,0.0395952
1542,0.0186435
1543,0.0161577
1544,0.0935724
1545,0.0213068
1546,0.0166903
1547,0.0820312
1548,0.142933
1549,0.067294
1550,0.040483
1551,0.00727983
1552,0.0372869
1553,0
1554,0.079723
1555,0.0543324
1556,0.0316051
1557,0.0245028
1558,0.0179332
1559,0.012429
1560,0.0449219
1561,0.0337358
1562,0.0495384
1563,0.203303
1564,0.0346236
1565,0.0230824
1566,0.034446
1567,0.0152699
1568,0
1569,0.0332031
1570,0.0584162
1571,0.0213068
1572,0.109197
1573,0.0736861
1574,0
1575,0.0300071
1576,0.00887784
1577,0.142578
1578,0.051669
1579,0.0314276
1580,0.191229
1581,0.0458097
1582,0
1583,0.0724432
1584,0.0658736
1585,0.0363991
1586,0.106179
1587,0.0214844
1588,0.0387074
1589,0.0245028
1590,0.0536222
1591,0.0868253
1592,0.0236151
1593,0.0323153
1594,0.24201
1595,0.0193537
1596,0.0321378
1597,0.0324929
1598,0.0133168
1599,0.0213068
1600,0.0529119
1601,0.0743963
1602,0.0282315
1603,0.0333807
1604,0
1605,0.0195312
1606,0.0198864
1607,0.0250355
1608,0.0078125
1609,0.0406605
1610,0.0651634
1611,0.0310724
1612,0
1613,0.0399503
1614,0.101207
1615,0.0424361
1616,0.0136719
1617,0.0612571
1618,0.0232599
1619,0.00763494
1620,0.0113636
1621,0.0250355
1622,0.0578835
1623,0.0601918
1624,0.0356889
1625,0.150923
1626,0.0348011
1627,0.0307173
1628,0.017223
1629,0.0807884
1630,0.0385298
1631,0.00763494
1632,0.0175781
1633,0.0490057
1634,0
1635,0.00639205
1636,0.174361
1637,0.0807884
1638,0.0184659
1639,0.0166903
1640,0.0387074
1641,0.0292969
1642,0.0221946
1643,0.0078125
1644,0.0310724
1645,0.0223722
1646,0.0305398
1647,0.0292969
1648,0.183416
1649,0.0703125
1650,0.037642
1651,0.0186435
1652,0.0388849
1653,0.109553
1654,0.128196
1655,0.0580611
1656,0.0424361
1657,0.0474077
1658,0.0197088
1659,0
1660,0.0504261
1661,0.0337358
1662,0.0342685
1663,0.0406605
1664,0.101562
1665,0.0147372
1666,0
1667,0.0447443
1668,0.00816761
1669,0.0158026
1670,0.0191761
1671,0.0145597
1672,0.00958807
1673,0
1674,0.0633878
1675,0.0694247
1676,0.0463423
1677,0.0557528
1678,0.00923295
1679,0.0378196
1680,0.076527
1681,0.0230824
1682,0.0594815
1683,0.201172
1684,0.137607
1685,0.0862926
1686,0.037642
1687,0.0216619
1688,0.0795455
1689,0.0671165
1690,0.252663
1691,0.0704901
1692,0.413885
1693,0.118075
1694,0.0298295
1695,0.0307173
1696,0.0610795
1697,0.0838068
1698,0.224964
1699,0.0864702
1700,0.168501
1701,0.0239702
1702,0.0854048
1703,0.00674716
1704,0.283558
1705,0.0621449
1706,0.00674716
1707,0.0568182
1708,0.0275213
1709,0.00727983
1710,0.0898438
1711,0.00603693
1712,0.0726207
1713,0.0346236
1714,0.018821
1715,0.0685369
1716,0
1717,0.0403054
1718,0.0115412
1719,0.024858
1720,0.010831
1721,0.022017
1722,0.0715554
1723,0.0410156
1724,0.0342685
1725,0.14968
1726,0.0365767
1727,0.107422
1728,0.0690696
1729,0.0271662
1730,0.0362216
1731,0.0779474
1732,0.0363991
1733,0.0527344
1734,0.0676491
1735,0.0170455
1736,0.0291193
1737,0.0790128
1738,0.197976
1739,0.0900213
1740,0.0514915
1741,0.060902
1742,0.037642
1743,0.0111861
1744,0
1745,0.0186435
1746,0.0175781
1747,0.0142045
1748,0.0488281
1749,0.0395952
1750,0.0211293
1751,0.0450994
1752,0.0381747
1753,0.0292969
1754,0.0253906
1755,0.0168679
1756,0.0454545
1757,0.134055
1758,0.0534446
1759,0.0189986
1760,0.0759943
1761,0.0488281
1762,0.0685369
1763,0.0211293
1764,0.0106534
1765,0
1766,0.0227273
1767,0.0571733
1768,0.0742188
1769,0.0862926
1770,0.0648082
1771,0.0102983
1772,0.0435014
1773,0.0369318
1774,0.0179332
1775,0.0385298
1776,0.0186435
1777,0.0207741
1778,0.0174006
1779,0.0722656
1780,0.0616122
1781,0.0090554
1782,0.024858
1783,0.0355114
1784,0.0305398
1785,0.0450994
1786,0.0147372
1787,0.100142
1788,0.0197088
1789,0.0466974
1790,0.0358665
1791,0.0795455
1792,0.0276989
1793,0.0285866
1794,0.106712
1795,0.0223722
1796,0.0674716
1797,0.0365767
1798,0.0838068
1799,0.059304
1800,0.0245028
1801,0.126953
1802,0.256214
1803,0.0841619
1804,0.079723
1805,0.057706
1806,0.0917969
1807,0.0163352
1808,0.00745739
1809,0.0234375
1810,0.0273438
1811,0.0136719
1812,0.0250355
1813,0.00692472
1814,0.0358665
1815,0.065696
1816,0.00461648
1817,0.0729759
1818,0.0145597
1819,0.0600142
1820,0.0477628
1821,0.0788352
1822,0.0353338
1823,0.026456
1824,0.0113636
1825,0.0143821
1826,0.0102983
1827,0.0234375
1828,0.0435014
1829,0.0158026
1830,0.0189986
1831,0.0149148
1832,0.0898438
1833,0.0445668
1834,0.0273438
1835,0.274858
1836,0.0470526
1837,0.0273438
1838,0.0775923
1839,0.0300071
1840,0.228516
1841,0.0369318
1842,0.026456
1843,0.00674716
1844,0.0365767
1845,0.0465199
1846,0.0454545
1847,0.0573509
1848,0.106712
1849,0.046875
1850,0.0289418
1851,0.0195312
1852,0.0369318
1853,0.0214844
1854,0.0522017
1855,0.220881
1856,0.046875
1857,0
1858,0.00745739
1859,0.125888
1860,0.0806108
1861,0.0372869
1862,0.0218395
1863,0.0697798
1864,0.180575
1865,0.0435014
1866,0.0495384
1867,0.0486506
1868,0.0419034
1869,0.0559304
1870,0.0065696
1871,0.0852273
1872,0.0498935
1873,0.0681818
1874,0.0537997
1875,0.095348
1876,0.0205966
1877,0.281605
1878,0.0804332
1879,0
1880,0.022017
1881,0.045277
1882,0.0415483
1883,0.0232599
1884,0.0186435
1885,0.037642
1886,0.0724432
1887,0.0387074
1888,0.0298295
1889,0.017223
1890,0.0394176
1891,0.0463423
1892,0.0419034
1893,0.0158026
1894,0.0722656
1895,0.0775923
1896,0.0600142
1897,0.0435014
1898,0.0449219
1899,0.191406
1900,0.0106534
1901,0.0209517
1902,0.0857599
1903,0.0628551
1904,0.0163352
1905,0.0363991
1906,0.0078125
1907,0.0498935
1908,0.14098
1909,0.0676491
1910,0.0502486
1911,0.0612571
1912,0.0321378
1913,0
1914,0.0598366
1915,0.0335582
1916,0.0229048
1917,0.053267
1918,0.154652
1919,0.0493608
1920,0.0065696
1921,0.0143821
1922,0.0287642
1923,0.0090554
1924,0.163707
1925,0.0189986
1926,0.0802557
1927,0.0177557
1928,0.0587713
1929,0.0784801
1930,0.0332031
1931,0.0234375
1932,0.137429
1933,0
1934,0.0349787
1935,0.0241477
1936,0.034446
1937,0.116655
1938,0.0726207
1939,0.0181108
1940,0.0339134
1941,0.015625
1942,0.0694247
1943,0
1944,0.0307173
1945,0.0136719
1946,0.0681818
1947,0.0463423
1948,0.0225497
1949,0.0371094
1950,0.0513139
1951,0.0738636
1952,0.0429688
1953,0.151278
1954,0.0715554
1955,0.0878906
1956,0.0566406
1957,0.0372869
1958,0.0752841
1959,0.0332031
1960,0.0053267
1961,0.0229048
1962,0.0223722
1963,0.0149148
1964,0.0706676
1965,0
1966,0.0301847
1967,0.0788352
1968,0.0138494
1969,0.0179332
1970,0.0607244
1971,0.0310724
1972,0.0078125
1973,0.0310724
1974,0.133523
1975,0.0229048
1976,0
1977,0.0257457
1978,0.0314276
1979,0.0838068
1980,0.0830966
1981,0.102095
1982,0.207564
1983,0.0330256
1984,0.0243253
1985,0.0575284
1986,0.0475852
1987,0.00852273
1988,0
1989,0.136009
1990,0.0397727
1991,0
1992,0.037642
1993,0.100142
1994,0.0541548
1995,0.0438565
1996,0.010831
1997,0.134055
1998,0.0349787
1999,0.147195
2000,0.0154474
2001,0
2002,0.103338
2003,0.0186435
2004,0.0305398
2005,0.0252131
2006,0.0149148
2007,0.017223
2008,0.0882457
2009,0.0545099
2010,0.045277
2011,0.0454545
2012,0.106889
2013,0.0133168
2014,0.0363991
2015,0.00923295
2016,0.0514915
2017,0.012429
2018,0.0163352
2019,0.0422585
2020,0.09375
2021,0.059304
2022,0.0461648
2023,0.0596591
2024,0.0245028
2025,0.0305398
2026,0.0411932
2027,0.0552202
2028,0.0401278
2029,0.0447443
2030,0.0262784
2031,0.0520241
2032,0.0205966
2033,0.0200639
2034,0.0683594
2035,0
2036,0.0122514
2037,0.0463423
2038,0.0351562
2039,0.0388849
2040,0.0301847
2041,0.0978338
2042,0.0289418
2043,0.0223722
2044,0.032848
2045,0
2046,0.0367543
2047,0
2048,0.0648082
2049,0
2050,0.0182884
2051,0
2052,0.0165128
2053,0.0110085
2054,0.0278764
2055,0.0957031
2056,0.060902
2057,0.051669
2058,0.0403054
2059,0.00639205
2060,0.0594815
2061,0
2062,0.079723
2063,0.074929
2064,0.103871
2065,0
2066,0.0926847
2067,0.026456
2068,0.0859375
2069,0.0509588
2070,0.0548651
2071,0.0245028
2072,0.0912642
2073,0.0474077
2074,0.0580611
2075,0.0287642
2076,0.0161577
2077,0.0237926
2078,0.0115412
2079,0.0383523
2080,0.0225497
2081,0.0284091
2082,0.0482955
2083,0.0509588
2084,0.0227273
2085,0.0142045
2086,0.0442116
2087,0.0632102
2088,0.00497159
2089,0.00887784
2090,0.0431463
2091,0.0450994
2092,0.0390625
2093,0.0555753
2094,0.0259233
2095,0
2096,0.0252131
2097,0.0454545
2098,0.0154474
2099,0.0424361
2100,0.0479403
2101,0.152521
2102,0.0268111
2103,0.0117188
2104,0.0388849
2105,0.0692472
2106,0.0177557
2107,0
2108,0.0252131
2109,0.00621449
2110,0.0232599
2111,0.0200639
2112,0.0390625
2113,0.0408381
2114,0.0245028
2115,0.0481179
2116,0.0965909
2117,0.0799006
2118,0.0110085
2119,0.11701
2120,0.0147372
2121,0.130859
2122,0.0713778
2123,0
2124,0
2125,0.0719105
2126,0.0440341
2127,0.0759943
2128,0.0332031
2129,0.0486506
2130,0.00745739
2131,0.0740412
2132,0
2133,0.0916193
2134,0.118786
2135,0.0246804
2136,0.0195312
2137,0.0589489
2138,0.0509588
2139,0.00745739
2140,0.0111861
2141,0.0170455
2142,0.0573509
2143,0.0129616
2144,0.0518466
2145,0.0161577
2146,0.0488281
2147,0.0324929
2148,0.0259233
2149,0.0866477
2150,0.0701349
2151,0.0433239
2152,0.0211293
2153,0.0440341
2154,0.0239702
2155,0.0665838
2156,0.11843
2157,0.0491832
2158,0.048473
2159,0.0269886
2160,0.0211293
2161,0.0378196
2162,0.0385298
2163,0.00870028
2164,0.0564631
2165,0.057706
2166,0.0197088
2167,0.0363991
2168,0.0356889
2169,0.087358
2170,0
2171,0.0282315
2172,0
2173,0.034446
2174,0.081321
2175,0.0142045
2176,0.0186435
2177,0.0317827
2178,0.0431463
2179,0.0239702
2180,0.015625
2181,0.0333807
2182,0.0307173
2183,0.0138494
2184,0.014027
2185,0.0262784
2186,0.0507812
2187,0.059304
2188,0.114524
2189,0.0639205
2190,0.0317827
2191,0.0225497
2192,0.110618
2193,0.0729759
2194,0.0268111
2195,0.0419034
2196,0.199041
2197,0.071733
2198,0.0195312
2199,0
2200,0.0559304
2201,0.0209517
2202,0.065696
2203,0.0186435
2204,0.0255682
2205,0.0225497
2206,0.0305398
2207,0.0118963
2208,0.036044
2209,0.020419
2210,0.0317827
2211,0.0337358
2212,0.0136719
2213,0.0198864
2214,0.074929
2215,0.0303622
2216,0.037642
2217,0
2218,0.037642
2219,0
2220,0.014027
2221,0.0314276
2222,0.106001
2223,0.0213068
2224,0.0276989
2225,0.0957031
2226,0.0143821
2227,0.0472301
2228,0.010831
2229,0.0371094
2230,0.0213068
2231,0.020419
2232,0.0747514
2233,0.0165128
2234,0.0118963
2235,0.0767045
2236,0.0411932
2237,0.0131392
2238,0.0871804
2239,0.0363991
2240,0.0310724
2241,0.0530895
2242,0.0424361
2243,0.053267
2244,0.0253906
2245,0.03125
2246,0.106889
2247,0.167791
2248,0.0163352
2249,0.0111861
2250,0.0502486
2251,0.0333807
2252,0.0237926
2253,0.0601918
2254,0.0273438
2255,0.0534446
2256,0.136364
2257,0.275923
2258,0.0626776
2259,0.0195312
2260,0.0403054
2261,0.026456
2262,0.0553977
2263,0.0678267
2264,0.0461648
2265,0.132812
2266,0.0678267
2267,0.0104759
2268,0.0534446
2269,0.0466974
2270,0.0348011
2271,0.0761719
2272,0.0726207
2273,0.0429688
2274,0.0427912
2275,0.0245028
2276,0.00834517
2277,0.200284
2278,0.0367543
2279,0.00745739
2280,0.0319602
2281,0.0365767
2282,0.200817
2283,0.0406605
2284,0
2285,0.21005
2286,0.00834517
2287,0.0168679
2288,0.153409
2289,0.00639205
2290,0.0330256
2291,0.0205966
2292,0.028054
2293,0.0339134
2294,0.0466974
2295,0.0118963
2296,0.0699574
2297,0.0159801
2298,0.0122514
2299,0.0237926
2300,0.0269886
2301,0.210227
2302,0.012429
2303,0.0214844
2304,0
2305,0.0475852
2306,0.0326705
2307,0.0486506
2308,0.0365767
2309,0.122869
2310,0.048473
2311,0.0197088
2312,0.0639205
2313,0.0129616
2314,0.0245028
2315,0.0848722
2316,0
2317,0.03125
2318,0.0122514
2319,0.0106534
2320,0.0584162
2321,0.194425
2322,0.22603
2323,0.131925
2324,0.0587713
2325,0.107777
2326,0.0136719
2327,0.0655185
2328,0.051669
2329,0.0399503
2330,0.0868253
2331,0.0300071
2332,0.0834517
2333,0.0104759
2334,0.0182884
2335,0.0110085
2336,0.0303622
2337,0.051669
2338,0.0237926
2339,0.124467
2340,0.14897
2341,0.0342685
2342,0.122337
2343,0.0245028
2344,0.00710227
2345,0.0600142
2346,0.0289418
2347,0.0504261
2348,0.0237926
2349,0.0582386
2350,0.0234375
2351,0.0289418
2352,0.0165128
2353,0.0319602
2354,0.130682
2355,0.0221946
2356,0.0910866
2357,0.0346236
2358,0.0923295
2359,0.028054
2360,0.0158026
2361,0.0411932
2362,0.0053267
2363,0.104581
2364,0.0182884
2365,0.0458097
2366,0.0177557
2367,0.0243253
2368,0.0259233
2369,0.0326705
2370,0.0115412
2371,0.0237926
2372,0.0589489
2373,0.0102983
2374,0.0321378
2375,0.0246804
2376,0.0305398
2377,0.0724432
2378,0.129084
2379,0.0310724
2380,0.0198864
2381,0.0690696
2382,0.0804332
2383,0.0685369
2384,0.03125
2385,0.0481179
2386,0.0134943
2387,0.0816761
2388,0.012429
2389,0.0166903
2390,0.0907315
2391,0.0486506
2392,0.0601918
2393,0.0912642
2394,0.0154474
2395,0.0619673
2396,0.0573509
2397,0.060902
2398,0.0275213
2399,0.242365
2400,0.0337358
2401,0.048473
2402,0.204368
2403,0
2404,0.0431463
2405,0.0326705
2406,0.00355114
2407,0.037642
2408,0.0317827
2409,0.0550426
2410,0.0390625
2411,0.0211293
2412,0.111506
2413,0.0463423
2414,0.0300071
2415,0.0211293
2416,0.112571
2417,0.0330256
2418,0.0229048
2419,0.0479403
2420,0.0474077
2421,0
2422,0.0758168
2423,0.0134943
2424,0.306996
2425,0.0743963
2426,0.0191761
2427,0.0463423
2428,0.0133168
2429,0.0406605
2430,0.0317827
2431,0.060902
2432,0.017223
2433,0.0786577
2434,0.421875
2435,0.0529119
2436,0.243963
2437,0.0674716
2438,0.0497159
2439,0.0353338
2440,0.0639205
2441,0.0111861
2442,0.0104759
2443,0.179688
2444,0.0198864
2445,0.0578835
2446,0.0053267
2447,0.196023
2448,0.0552202
2449,0.0186435
2450,0.0779474
2451,0.0229048
2452,0.0435014
2453,0.0625
2454,0.0909091
2455,0
2456,0.0486506
2457,0.012429
2458,0
2459,0.0230824
2460,0.0449219
2461,0.0115412
2462,0.0245028
2463,0.0424361
2464,0.0839844
2465,0.0200639
2466,0.0385298
2467,0.00816761
2468,0.0980114
2469,0.0269886
2470,0
2471,0.0053267
2472,0.0126065
2473,0.0399503
2474,0.0625
2475,0.0152699
2476,0.043679
2477,0.082919
2478,0.0783026
2479,0.0674716
2480,0.0438565
2481,0.0294744
2482,0.0126065
2483,0.24343
2484,0.014027
2485,0.0143821
2486,0
2487,0.0253906
2488,0
2489,0.0115412
2490,0.0218395
2491,0.0356889
2492,0.017223
2493,0.0410156
2494,0.00692472
2495,0.0619673
2496,0.185369
2497,0.0392401
2498,0.145064
2499,0.0983665
2500,0.010831
2501,0.0399503
2502,0.0090554
2503,0.130682
2504,0.0351562
2505,0.0339134
2506,0.0742188
2507,0.0229048
2508,0.0548651
2509,0.138139
2510,0.0197088
2511,0.0646307
2512,0.028054
2513,0.051669
2514,0.0230824
2515,0.0282315
2516,0.00799006
2517,0
2518,0.0447443
2519,0.0722656
2520,0.022017
2521,0.0490057
2522,0.0205966
2523,0.0617898
2524,0.078125
2525,0.0621449
2526,0.0332031
2527,0.0349787
2528,0.0202415
2529,0.0214844
2530,0.369851
2531,0.0498935
2532,0.0426136
2533,0.0308949
2534,0.0223722
2535,0.0339134
2536,0.0372869
2537,0.00852273
2538,0.171342
2539,0.0223722
2540,0.00852273
2541,0.0161577
2542,0.0394176
2543,0.0522017
2544,0.0289418
2545,0.0142045
2546,0.0594815
2547,0.0324929
2548,0.0365767
2549,0.0807884
2550,0.024858
2551,0.00976562
2552,0.0811435
2553,0
2554,0.0681818
2555,0.192116
2556,0.0399503
2557,0.0591264
2558,0.0259233
2559,0.0106534
2560,0.221413
2561,0.0548651
2562,0.0610795
2563,0.0319602
2564,0.0213068
2565,0.0323153
2566,0.0314276
2567,0.0170455
2568,0.410689
2569,0
2570,0.0541548
2571,0
2572,0.246271
2573,0.0502486
2574,0
2575,0.285689
2576,0.0822088
2577,0.0363991
2578,0.0243253
2579,0.106357
2580,0.0513139
2581,0.0513139
2582,0.0435014
2583,0.0351562
2584,0.0168679
2585,0.0294744
2586,0.0367543
2587,0.0365767
2588,0
2589,0.13157
2590,0.0742188
2591,0.0419034
2592,0.0111861
2593,0.0427912
2594,0.0401278
2595,0.0800781
2596,0.109908
2597,0.010831
2598,0.0330256
2599,0.0696023
2600,0.0747514
2601,0.0932173
2602,0.0472301
2603,0.0580611
2604,0.0090554
2605,0.0868253
2606,0.0298295
2607,0.0326705
2608,0.0649858
2609,0.0378196
2610,0.00603693
2611,0.0795455
2612,0.0308949
2613,0.0259233
2614,0.0218395
2615,0.00763494
2616,0.026456
2617,0.178089
2618,0.0214844
2619,0.0683594
2620,0.00585938
2621,0
2622,0.0317827
2623,0.0216619
2624,0.0363991
2625,0.0307173
2626,0.0307173
2627,0.111683
2628,0.0211293
2629,0.0133168
2630,0.0152699
2631,0
2632,0
2633,0.0585938
2634,0.0179332
2635,0.0120739
2636,0.0539773
2637,0.252841
2638,0.0976562
2639,0.0305398
2640,0.00603693
2641,0.0300071
2642,0.0365767
2643,0.172053
2644,0.0065696
2645,0.0198864
2646,0.0118963
2647,0.0234375
2648,0.040483
2649,0.0239702
2650,0
2651,0.0486506
2652,0.090554
2653,0.0880682
2654,0.0289418
2655,0.0926847
2656,0.065696
2657,0.00887784
2658,0.0159801
2659,0
2660,0.0301847
2661,0.0630327
2662,0
2663,0.0811435
2664,0.0518466
2665,0.0387074
2666,0.0250355
2667,0.0470526
2668,0.0255682
2669,0.036044
2670,0.00799006
2671,0.0601918
2672,0.0625
2673,0.014027
2674,0.0191761
2675,0.00692472
2676,0.00941051
2677,0.0282315
2678,0.0637429
2679,0.101562
2680,0.124645
2681,0.0257457
2682,0.0273438
2683,0.0262784
2684,0.0607244
2685,0.0181108
2686,0.0346236
2687,0.0381747
2688,0.238636
2689,0.0136719
2690,0.0422585
2691,0
2692,0.0269886
2693,0.0498935
2694,0.0268111
2695,0.032848
2696,0.0111861
2697,0
2698,0.0419034
2699,0.0665838
2700,0.0159801
2701,0.141513
2702,0.0191761
2703,0.0158026
2704,0.207741
2705,0.0372869
2706,0.0300071
2707,0.185369
2708,0.0559304
2709,0.0612571
2710,0.0619673
2711,0.244318
2712,0.0284091
2713,0.0179332
2714,0
2715,0.0333807
2716,0.0314276
2717,0.0381747
2718,0.246271
2719,0.0932173
2720,0.00621449
2721,0.0282315
2722,0.0440341
2723,0.00568182
2724,0.0145597
2725,0.0726207
2726,0.0433239
2727,0.0981889
2728,0.0284091
2729,0.0324929
2730,0.436967
2731,0.0257457
2732,0.00941051
2733,0.0403054
2734,0.092152
2735,0.028054
2736,0.0999645
2737,0.0346236
2738,0.111861
2739,0.0273438
2740,0.0440341
2741,0.0133168
2742,0.168324
2743,0
2744,0.068892
2745,0.0520241
2746,0.014027
2747,0.037642
2748,0.217152
2749,0.0799006
2750,0.0340909
2751,0.0115412
2752,0.032848
2753,0.104226
2754,0.0234375
2755,0.0658736
2756,0.0362216
2757,0.0314276
2758,0.0630327
2759,0.020419
2760,0
2761,0.0472301
2762,0.174716
2763,0.0646307
2764,0.0488281
2765,0.057706
2766,0
2767,0.0348011
2768,0.0816761
2769,0.109375
2770,0.0768821
2771,0.048473
2772,0.130859
2773,0.0605469
2774,0.00639205
2775,0
2776,0.00816761
2777,0.014027
2778,0.057706
2779,0.088956
2780,0.0230824
2781,0.0443892
2782,0.0126065
2783,0.0761719
2784,0.0150923
2785,0.0294744
2786,0.051669
2787,0.200284
2788,0.068892
2789,0.171165
2790,0.190518
2791,0.0933949
2792,0.0543324
2793,0.102805
2794,0.122869
2795,0.277699
2796,0.122692
2797,0.0165128
2798,0.0784801
2799,0.0090554
2800,0.014027
2801,0.198864
2802,0.107422
2803,0
2804,0.0667614
2805,0.0543324
2806,0.0475852
2807,0.056108
2808,0.0236151
2809,0.0236151
2810,0
2811,0.0387074
2812,0
2813,0.23544
2814,0.0589489
2815,0.0143821
2816,0.0102983
2817,0.0658736
2818,0.205788
2819,0.0205966
2820,0.0358665
2821,0.0243253
2822,0.0708452
2823,0.040483
2824,0.104936
2825,0.081321
2826,0.101385
2827,0.0363991
2828,0.0333807
2829,0.0117188
2830,0.0133168
2831,0.0317827
2832,0.106001
2833,0
2834,0.107599
2835,0.208274
2836,0.0509588
2837,0.0310724
2838,0.0339134
2839,0.0111861
2840,0.0371094
2841,0
2842,0.020419
2843,0.00923295
2844,0.014027
2845,0.105114
2846,0.0197088
2847,0.0413707
2848,0.0113636
2849,0.0149148
2850,0.0149148
2851,0.0392401
2852,0.0143821
2853,0.0566406
2854,0.0152699
2855,0.0269886
2856,0.0403054
2857,0.0530895
2858,0.0394176
2859,0.0207741
2860,0.0246804
2861,0
2862,0.040483
2863,0.112749
2864,0.0271662
2865,0.017223
2866,0.0363991
2867,0.0335582
2868,0.0211293
2869,0.122159
2870,0.0372869
2871,0.0321378
2872,0.106001
2873,0.0342685
2874,0.401811
2875,0
2876,0.0411932
2877,0.0129616
2878,0.0710227
2879,0.0427912
2880,0.0090554
2881,0.0358665
2882,0.0747514
2883,0.0413707
2884,0.183061
2885,0.0498935
2886,0.0262784
2887,0.028054
2888,0.0268111
2889,0.0257457
2890,0.0474077
2891,0.012429
2892,0.0545099
2893,0.053267
2894,0.0450994
2895,0
2896,0
2897,0.0553977
2898,0.0935724
2899,0.0115412
2900,0.0323153
2901,0.0174006
2902,0.211648
2903,0.024858
2904,0.0321378
2905,0.0294744
2906,0.00816761
2907,0.0424361
2908,0.0218395
2909,0.0568182
2910,0.0273438
2911,0.0102983
2912,0.0777699
2913,0
2914,0.0245028
2915,0.0292969
2916,0.219283
2917,0.029652
2918,0
2919,0.0617898
2920,0.0362216
2921,0.022017
2922,0.0367543
2923,0.0582386
2924,0.0255682
2925,0
2926,0.0332031
2927,0.0175781
2928,0.0955256
2929,0.0557528
2930,0.0852273
2931,0.0973011
2932,0.036044
2933,0.0637429
2934,0.0200639
2935,0.0117188
2936,0.0710227
2937,0.0433239
2938,0
2939,0.020419
2940,0.0127841
2941,0.0259233
2942,0.0498935
2943,0.0415483
2944,0.017223
2945,0.0479403
2946,0.0935724
2947,0.00976562
2948,0.00923295
2949,0.0443892
2950,0.0539773
2951,0.0152699
2952,0.0314276
2953,0.0676491
2954,0.0175781
2955,0.0266335
2956,0.032848
2957,0
2958,0.0218395
2959,0.0479403
2960,0.0314276
2961,0.0944602
2962,0.0438565
2963,0.0482955
2964,0.0932173
2965,0.124822
2966,0.0117188
2967,0.0381747
2968,0.0651634
2969,0.0266335
2970,0.0252131
2971,0.0664062
2972,0
2973,0.0459872
2974,0.0115412
2975,0.00852273
2976,0.0504261
2977,0.0450994
2978,0.0440341
2979,0.0127841
2980,0.0878906
2981,0.0910866
2982,0.104403
2983,0.0159801
2984,0.0474077
2985,0.0255682
2986,0.0200639
2987,0.0214844
2988,0
2989,0.201705
2990,0.0491832
2991,0.00710227
2992,0.0266335
2993,0.0335582
2994,0.0181108
2995,0.0165128
2996,0.0399503
2997,0.202947
2998,0.0548651
2999,0.0475852
3000,0.294922
3001,0.0177557
3002,0.048473
3003,0.157138
3004,0.0715554
3005,0.0426136
3006,0.0292969
3007,0.0442116
3008,0.121804
3009,0.045277
3010,0.00372869
3011,0.0426136
3012,0.0846946
3013,0
3014,0.0901989
3015,0.0287642
3016,0.0303622
3017,0.271307
3018,0.132102
3019,0.0426136
3020,0.0522017
3021,0.00568182
3022,0.0104759
3023,0.135476
3024,0.0118963
3025,0.0230824
3026,0.0234375
3027,0.0232599
3028,0.0761719
3029,0
3030,0
3031,0.0110085
3032,0.0310724
3033,0.0323153
3034,0.00603693
3035,0.0197088
3036,0.00745739
3037,0.00941051
3038,0.0607244
3039,0.0246804
3040,0.146484
3041,0.0559304
3042,0.0113636
3043,0.0165128
3044,0.0349787
3045,0.0372869
3046,0.0202415
3047,0.0335582
3048,0.0191761
3049,0.00710227
3050,0.0298295
3051,0.215199
3052,0.0594815
3053,0.0539773
3054,0.0117188
3055,0.0799006
3056,0.0463423
3057,0.0536222
3058,0.028054
3059,0.0348011
3060,0.00745739
3061,0.0348011
3062,0.0303622
3063,0.0477628
3064,0.0275213
3065,0.0363991
3066,0.0179332
3067,0.0422585
3068,0.0415483
3069,0.0387074
3070,0.0465199
3071,0.00852273
3072,0.0440341
3073,0.0227273
3074,0.0110085
3075,0.036044
3076,0.00763494
3077,0.0326705
3078,0.0456321
3079,0.0424361
3080,0.0149148
3081,0.101918
3082,0.0449219
3083,0.0491832
3084,0.00870028
3085,0.0543324
3086,0.0211293
3087,0.160511
3088,0.0786577
3089,0.024858
3090,0.0522017
3091,0.0186435
3092,0.067294
3093,0.0443892
3094,0.0527344
3095,0.0298295
3096,0.0179332
3097,0.118786
3098,0.0333807
3099,0.0449219
3100,0.0438565
3101,0.0450994
3102,0.0616122
3103,0
3104,0.0134943
3105,0.113459
3106,0.0234375
3107,0.0184659
3108,0.0413707
3109,0.0154474
3110,0.0841619
3111,0.0490057
3112,0.0381747
3113,0.0919744
3114,0.043679
3115,0.0474077
3116,0
3117,0.0273438
3118,0.0321378
3119,0.29794
3120,0.028054
3121,0.010831
3122,0
3123,0.0841619
3124,0.0115412
3125,0.0388849
3126,0.0261009
3127,0.00976562
3128,0.036044
3129,0.028054
3130,0.0628551
3131,0.0378196
3132,0.034446
3133,0.185724
3134,0.0383523
3135,0.0332031
3136,0.0355114
3137,0.060902
3138,0.012429
3139,0
3140,0.0101207
3141,0.112038
3142,0.0445668
3143,0.0237926
3144,0.0342685
3145,0.0390625
3146,0.0582386
3147,0.151989
3148,0.0136719
3149,0.0120739
3150,0.037642
3151,0.0090554
3152,0.267401
3153,0.0786577
3154,0.173828
3155,0.0317827
3156,0.197621
3157,0.00585938
3158,0.0245028
3159,0.0472301
3160,0.0301847
3161,0.0438565
3162,0.018821
3163,0.0923295
3164,0.109375
3165,0.0181108
3166,0.0261009
3167,0.206499
3168,0
3169,0.0387074
3170,0.0262784
3171,0.00816761
3172,0.0619673
3173,0.0317827
3174,0.0537997
3175,0.0134943
3176,0.0522017
3177,0.0349787
3178,0.0227273
3179,0.0346236
3180,0.0648082
3181,0
3182,0.0149148
3183,0.0580611
3184,0.0372869
3185,0.0129616
3186,0.0960582
3187,0.0182884
3188,0
3189,0.0303622
3190,0.0715554
3191,0.0363991
3192,0.106357
3193,0.0102983
3194,0.0102983
3195,0.00763494
3196,0.0584162
3197,0.024858
3198,0.0896662
3199,0.0252131
3200,0.0546875
3201,0.0685369
3202,0.0340909
3203,0.0243253
3204,0.034446
3205,0.0406605
3206,0.134411
3207,0.0438565
3208,0.0925071
3209,0.126953
3210,0.0170455
3211,0.0163352
3212,0.0401278
3213,0.295455
3214,0
3215,0.0591264
3216,0.0209517
3217,0.00799006
3218,0.0378196
3219,0.014027
3220,0.0298295
3221,0.0102983
3222,0.0255682
3223,0.0411932
3224,0.0774148
3225,0.0129616
3226,0.087358
3227,0.0259233
3228,0.0143821
3229,0.0623224
3230,0.0243253
3231,0.0772372
3232,0.0129616
3233,0.256214
3234,0.0158026
3235,0.029652
3236,0.0351562
3237,0.0983665
3238,0.0266335
3239,0.0127841
3240,0.0111861
3241,0.0479403
3242,0.0722656
3243,0.0230824
3244,0.0395952
3245,0.0332031
3246,0.0330256
3247,0.0177557
3248,0.0102983
3249,0.0372869
3250,0.0292969
3251,0.0529119
3252,0.0241477
3253,0.0367543
3254,0.0211293
3255,0.0340909
3256,0.0104759
3257,0.032848
3258,0.0209517
3259,0.0150923
3260,0.0575284
3261,0.0131392
3262,0.0479403
3263,0.0232599
3264,0.0456321
3265,0.0262784
3266,0.0491832
3267,0.00852273
3268,0.0127841
3269,0.0601918
3270,0.106712
3271,0.0115412
3272,0.0378196
3273,0.00923295
3274,0.028054
3275,0.00603693
3276,0.0411932
3277,0.0580611
3278,0.117898
3279,0.0850497
3280,0.155895
3281,0.0362216
3282,0.057706
3283,0.0598366
3284,0.0479403
3285,0.195312
3286,0.0381747
3287,0.0259233
3288,0.0246804
3289,0.0090554
3290,0
3291,0.00745739
3292,0.0374645
3293,0.0314276
3294,0.0259233
3295,0.0149148
3296,0.0466974
3297,0.0237926
3298,0.0660511
3299,0.0497159
3300,0.0303622
3301,0.0431463
3302,0.0129616
3303,0.0474077
3304,0.043679
3305,0.0111861
3306,0.0332031
3307,0.0363991
3308,0.0152699
3309,0.0205966
3310,0.0413707
3311,0.169744
3312,0.0850497
3313,0.123047
3314,0.0253906
3315,0.0122514
3316,0.142045
3317,0.045277
3318,0.0191761
3319,0.0848722
3320,0.0229048
3321,0.0601918
3322,0.135476
3323,0.0392401
3324,0.0179332
3325,0
3326,0.0674716
3327,0.0287642
3328,0.0433239
3329,0.0605469
3330,0.0509588
3331,0.067294
3332,0.237571
3333,0.064098
3334,0.0207741
3335,0.0726207
3336,0.0145597
3337,0.232955
3338,0.186257
3339,0.028054
3340,0
3341,0.0459872
3342,0.12358
3343,0.0106534
3344,0.0115412
3345,0.0502486
3346,0.0704901
3347,0.0925071
3348,0.12571
3349,0.0980114
3350,0.0324929
3351,0.0490057
3352,0.0488281
3353,0.0106534
3354,0.0161577
3355,0.0218395
3356,0.0727983
3357,0.0612571
3358,0.104226
3359,0.0300071
3360,0.0241477
3361,0.0111861
3362,0.0104759
3363,0.0394176
3364,0.0115412
3365,0.0152699
3366,0.012429
3367,0.0284091
3368,0.0342685
3369,0.0459872
3370,0.0241477
3371,0.0639205
3372,0.0893111
3373,0.0674716
3374,0.00514915
3375,0.0763494
3376,0.0758168
3377,0.0209517
3378,0.0546875
3379,0.0569957
3380,0.029652
3381,0.0493608
3382,0
3383,0.00870028
3384,0.0491832
3385,0.03125
3386,0.051669
3387,0.0314276
3388,0.0520241
3389,0.211115
3390,0.010831
3391,0.00710227
3392,0.0383523
3393,0.043679
3394,0.0227273
3395,0.0257457
3396,0.0584162
3397,0.0383523
3398,0.0573509
3399,0.010831
3400,0.0129616
3401,0.0287642
3402,0.0161577
3403,0.316761
3404,0.0163352
3405,0.00976562
3406,0.0122514
3407,0.0459872
3408,0.0193537
3409,0.0912642
3410,0.0804332
3411,0.0388849
3412,0.0117188
3413,0.040483
3414,0.0790128
3415,0.017223
3416,0
3417,0.0564631
3418,0.0308949
3419,0
3420,0.110973
3421,0.00372869
3422,0.0988991
3423,0
3424,0.015625
3425,0.22017
3426,0.0337358
3427,0.032848
3428,0.0674716
3429,0.0509588
3430,0.0395952
3431,0.045277
3432,0.0227273
3433,0.0237926
3434,0.0994318
3435,0.00816761
3436,0.034446
3437,0.00923295
3438,0.0356889
3439,0.0346236
3440,0
3441,0.0342685
3442,0.012429
3443,0.0355114
3444,0
3445,0.0907315
3446,0.0276989
3447,0.33576
3448,0.0310724
3449,0.00568182
3450,0.0126065
3451,0.0191761
3452,0.0351562
3453,0
3454,0.0142045
3455,0.183594
3456,0.0207741
3457,0.0424361
3458,0
3459,0.0182884
3460,0.0165128
3461,0.0433239
3462,0.0655185
3463,0.0637429
3464,0.0470526
3465,0.0255682
3466,0.0605469
3467,0.0447443
3468,0.0333807
3469,0.137074
3470,0.0722656
3471,0.0349787
3472,0.073331
3473,0.0699574
3474,0.0149148
3475,0.0101207
3476,0.0351562
3477,0.0090554
3478,0.0275213
3479,0.0323153
3480,0.0371094
3481,0.0149148
3482,0.0433239
3483,0.0371094
3484,0.0477628
3485,0.10245
3486,0.0294744
3487,0.103693
3488,0
3489,0.0566406
3490,0.155185
3491,0.0301847
3492,0.204545
3493,0.042081
3494,0.0104759
3495,0.0424361
3496,0.0740412
3497,0.096946
3498,0.0353338
3499,0.0964134
3500,0.0756392
3501,0.0790128
3502,0.0106534
3503,0.0213068
3504,0.0537997
3505,0.0379972
3506,0.0145597
3507,0.0669389
3508,0.236861
3509,0.0443892
3510,0.0381747
3511,0.0610795
3512,0.0422585
3513,0.0559304
3514,0.0374645
3515,0.0919744
3516,0.0239702
3517,0.0126065
3518,0.0596591
3519,0
3520,0.0466974
3521,0.00710227
3522,0.0278764
3523,0.068892
3524,0.0266335
3525,0.141868
3526,0.0179332
3527,0
3528,0
3529,0.0143821
3530,0.0456321
3531,0.0317827
3532,0
3533,0.0142045
3534,0.120028
3535,0.0632102
3536,0.0282315
3537,0.0305398
3538,0.0522017
3539,0.0321378
3540,0.0243253
3541,0.024858
3542,0.00923295
3543,0.0722656
3544,0
3545,0.0142045
3546,0.0170455
3547,0.0378196
3548,0.0209517
3549,0.053267
3550,0.0868253
3551,0.0209517
3552,0.0161577
3553,0.0232599
3554,0.11701
3555,0.0205966
3556,0.0374645
3557,0.0573509
3558,0.00710227
3559,0.022017
3560,0.116655
3561,0.0305398
3562,0.0417259
3563,0.0346236
3564,0.0118963
3565,0.034446
3566,0.00887784
3567,0.0422585
3568,0.067294
3569,0.0195312
3570,0.10973
3571,0.0523793
3572,0.0466974
3573,0.0340909
3574,0.106889
3575,0.0223722
3576,0.0120739
3577,0.0300071
3578,0.0232599
3579,0.0255682
3580,0.0363991
3581,0.057706
3582,0.0422585
3583,0.0255682
3584,0
3585,0.022017
3586,0.0214844
3587,0.0319602
3588,0.0133168
3589,0.125355
3590,0.0147372
3591,0.0275213
3592,0.0362216
3593,0.100852
3594,0.0410156
3595,0.0379972
3596,0.00745739
3597,0.0722656
3598,0.0614347
3599,0.0273438
3600,0.0266335
3601,0.415838
3602,0.0351562
3603,0.0227273
3604,0.154297
3605,0.0506037
3606,0
3607,0.0598366
3608,0.00958807
3609,0
3610,0.0774148
3611,0.00923295
3612,0.0250355
3613,0.208807
3614,0.0236151
3615,0
3616,0.201527
3617,0.0578835
3618,0.037642
3619,0.060902
3620,0.0408381
3621,0.0397727
3622,0
3623,0.0562855
3624,0.0493608
3625,0.0456321
3626,0.0474077
3627,0.0378196
3628,0.0371094
3629,0.152521
3630,0.155007
3631,0.0379972
3632,0.169744
3633,0.0213068
3634,0.050071
3635,0.00763494
3636,0.223899
3637,0.0332031
3638,0.0807884
3639,0.028054
3640,0.0395952
3641,0.0351562
3642,0.0319602
3643,0.271662
3644,0.00958807
3645,0.0580611
3646,0.0742188
3647,0.223722
3648,0.0127841
3649,0.0294744
3650,0.0239702
3651,0.0197088
3652,0.00692472
3653,0.0115412
3654,0.0424361
3655,0.194957
3656,0.247337
3657,0.0642756
3658,0.0701349
3659,0.0154474
3660,0
3661,0.03125
3662,0.0218395
3663,0.128906
3664,0.018821
3665,0.0078125
3666,0.0466974
3667,0.0578835
3668,0.0435014
3669,0.0262784
3670,0.00994318
3671,0.0413707
3672,0.11044
3673,0.0271662
3674,0.0323153
3675,0.224787
3676,0.0854048
3677,0.0168679
3678,0.0142045
3679,0.0584162
3680,0.00710227
3681,0.00941051
3682,0.0371094
3683,0.0152699
3684,0
3685,0.20348
3686,0.0884233
3687,0
3688,0.0582386
3689,0.00639205
3690,0.178622
3691,0.174183
3692,0
3693,0.0118963
3694,0.0529119
3695,0.0340909
3696,0.0229048
3697,0.0276989
3698,0.0479403
3699,0.0777699
3700,0.0754616
3701,0.00958807
3702,0.259411
3703,0.0442116
3704,0.0223722
3705,0.0232599
3706,0.0239702
3707,0.0449219
3708,0
3709,0.022017
3710,0.0591264
3711,0.0896662
3712,0.0651634
3713,0.00710227
3714,0.0541548
3715,0
3716,0.0152699
3717,0.0122514
3718,0.14968
3719,0.0671165
3720,0.0435014
3721,0.0786577
3722,0.022017
3723,0.0625
3724,0.0102983
3725,0.0612571
3726,0.045277
3727,0.0149148
3728,0.0305398
3729,0.0367543
3730,0.036044
3731,0.0372869
3732,0.0724432
3733,0.00603693
3734,0.0699574
3735,0.00763494
3736,0.0154474
3737,0.0768821
3738,0.0101207
3739,0.171342
3740,0.124467
3741,0.0236151
3742,0.0413707
3743,0.017223
3744,0.0795455
3745,0.0262784
3746,0.0207741
3747,0
3748,0.0118963
3749,0.0720881
3750,0.0525568
3751,0.0850497
3752,0.0229048
3753,0.0275213
3754,0.0506037
3755,0.012429
3756,0
3757,0
3758,0.029652
3759,0.0245028
3760,0.0603693
3761,0.0617898
3762,0.00870028
3763,0.0383523
3764,0.0252131
3765,0.0165128
3766,0.200639
3767,0.00603693
3768,0.0607244
3769,0.0200639
3770,0.125888
3771,0.064098
3772,0
3773,0.0333807
3774,0.0710227
3775,0.0181108
3776,0.0498935
3777,0.0211293
3778,0.0291193
3779,0.0523793
3780,0.00852273
3781,0.043679
3782,0.121094
3783,0.0680043
3784,0.0259233
3785,0.020419
3786,0.0166903
3787,0.0239702
3788,0.00763494
3789,0.120384
3790,0.0841619
3791,0.138849
3792,0.0303622
3793,0.119141
3794,0.0507812
3795,0.0779474
3796,0.0126065
3797,0.0346236
3798,0
3799,0.0289418
3800,0.0378196
3801,0.0438565
3802,0.0424361
3803,0.00958807
3804,0.0759943
3805,0.0518466
3806,0.100142
3807,0.0126065
3808,0.00976562
3809,0.0594815
3810,0.00710227
3811,0.0262784
3812,0
3813,0.0269886
3814,0.207386
3815,0.0268111
3816,0.0275213
3817,0.0257457
3818,0.028054
3819,0.0694247
3820,0.0367543
3821,0.00639205
3822,0.0150923
3823,0.0498935
3824,0.0367543
3825,0.028054
3826,0.0417259
3827,0.0104759
3828,0
3829,0.0158026
3830,0.0799006
3831,0.0784801
3832,0.0285866
3833,0.102628
3834,0.0166903
3835,0.0229048
3836,0.0168679
3837,0.160866
3838,0.00994318
3839,0.0541548
3840,0.0243253
3841,0.0450994
3842,0.0234375
3843,0.222656
3844,0.0474077
3845,0.0855824
3846,0.0392401
3847,0.0136719
3848,0
3849,0.029652
3850,0.0300071
3851,0.0177557
3852,0.408736
3853,0.0514915
3854,0.0275213
3855,0.0701349
3856,0.0649858
3857,0.010831
3858,0.315163
3859,0.0300071
3860,0.0529119
3861,0.0321378
3862,0.0118963
3863,0.0150923
3864,0.0245028
3865,0.0633878
3866,0.046875
3867,0.0637429
3868,0.00710227
3869,0.0174006
3870,0.0227273
3871,0.184126
3872,0.0268111
3873,0.0257457
3874,0.0395952
3875,0.014027
3876,0.0198864
3877,0.33718
3878,0.0712003
3879,0.137607
3880,0.0701349
3881,0.00958807
3882,0.0610795
3883,0
3884,0.0596591
3885,0.0429688
3886,0.0282315
3887,0.0621449
3888,0.0827415
3889,0.0504261
3890,0.036044
3891,0.0411932
3892,0.0541548
3893,0.0614347
3894,0.0316051
3895,0.0491832
3896,0.0316051
3897,0.0111861
3898,0.059304
3899,0
3900,0.017223
3901,0.0676491
3902,0.03125
3903,0
3904,0.0170455
3905,0.0346236
3906,0.053267
3907,0.0612571
3908,0.0365767
3909,0.0314276
3910,0.0415483
3911,0.0126065
3912,0.0701349
3913,0.0381747
3914,0.0332031
3915,0.0209517
3916,0.205256
3917,0
3918,0.0880682
3919,0.0791903
3920,0.0846946
3921,0.0678267
3922,0.00941051
3923,0.0374645
3924,0.0122514
3925,0.0355114
3926,0.0229048
3927,0
3928,0.0919744
3929,0.0294744
3930,0.00923295
3931,0.0186435
3932,0.0564631
3933,0.0332031
3934,0
3935,0.130859
3936,0.107244
3937,0
3938,0.0498935
3939,0.0633878
3940,0.0568182
3941,0.0159801
3942,0.0475852
3943,0.0200639
3944,0.0474077
3945,0.0349787
3946,0
3947,0.0839844
3948,0.0394176
3949,0.0809659
3950,0.0488281
3951,0.0621449
3952,0.012429
3953,0.207741
3954,0.0348011
3955,0.0598366
3956,0
3957,0.020419
3958,0.0466974
3959,0.0523793
3960,0.00994318
3961,0.236683
3962,0.0580611
3963,0.0413707
3964,0.113459
3965,0.0372869
3966,0.0104759
3967,0.00710227
3968,0.0269886
3969,0.00976562
3970,0.0633878
3971,0.0397727
3972,0.0323153
3973,0.104936
3974,0.0596591
3975,0.183061
3976,0.0120739
3977,0.0474077
3978,0.010831
3979,0.00710227
3980,0.0997869
3981,0.198153
3982,0.0557528
3983,0.012429
3984,0.0230824
3985,0.0353338
3986,0.00621449
3987,0.0154474
3988,0.0408381
3989,0.0285866
3990,0.0303622
3991,0
3992,0.0324929
3993,0.0855824
3994,0.0266335
3995,0.0285866
3996,0.0186435
3997,0.0482955
3998,0.0616122
3999,0.0118963
4000,0.161044
4001,0.00887784
4002,0.0454545
4003,0.0465199
4004,0.0152699
4005,0.0314276
4006,0.0435014
4007,0.0772372
4008,0.0399503
4009,0.0323153
4010,0.0243253
4011,0.41495
4012,0.10174
4013,0
4014,0.0424361
4015,0.0154474
4016,0.0165128
4017,0.0236151
4018,0.0696023
4019,0.095348
4020,0.0232599
4021,0.0301847
4022,0.0291193
4023,0.0488281
4024,0.0268111
4025,0.0175781
4026,0.25071
4027,0.0951705
4028,0.00319602
4029,0.0353338
4030,0.0330256
4031,0.0690696
4032,0.0401278
4033,0.0303622
4034,0.078125
4035,0.0257457
4036,0.0170455
4037,0.0126065
4038,0.0216619
4039,0.0774148
4040,0.0506037
4041,0.237393
4042,0.115412
4043,0.0378196
4044,0.0268111
4045,0.0527344
4046,0.026456
4047,0.0907315
4048,0.0138494
4049,0.0152699
4050,0.0159801
4051,0.0102983
4052,0.0166903
4053,0.0266335
4054,0.0459872
4055,0.0756392
4056,0.0339134
4057,0.00923295
4058,0.0550426
4059,0.424893
4060,0.09375
4061,0.0147372
4062,0.0191761
4063,0.0275213
4064,0.0440341
4065,0.0591264
4066,0.0490057
4067,0.109197
4068,0.0138494
4069,0.0495384
4070,0.0236151
4071,0
4072,0.0962358
4073,0.00976562
4074,0.0488281
4075,0.0303622
4076,0.447266
4077,0.0110085
4078,0
4079,0.0475852
4080,0.0363991
4081,0.0566406
4082,0.042081
4083,0.00692472
4084,0.0323153
4085,0.0472301
4086,0.00887784
4087,0.014027
4088,0.0243253
4089,0.059304
4090,0.0395952
4091,0.0335582
4092,0.043679
4093,0.0678267
4094,0.0841619
4095,0.0997869
4096,0.0142045
4097,0.0465199
4098,0.0158026
4099,0.00887784
4100,0.0422585
4101,0.0566406
4102,0.0438565
4103,0.0632102
4104,0.0522017
4105,0.0353338
4106,0.0411932
4107,0
4108,0.0189986
4109,0
4110,0.0992543
4111,0.117543
4112,0.059304
4113,0.0479403
4114,0.0495384
4115,0.0261009
4116,0.136186
4117,0.352983
4118,0.037642
4119,0.078125
4120,0.0461648
4121,0.0282315
4122,0.0397727
4123,0.0181108
4124,0.00727983
4125,0.390803
4126,0.0395952
4127,0.0273438
4128,0.020419
4129,0.215199
4130,0.0545099
4131,0.0761719
4132,0.0211293
4133,0.0259233
4134,0.0205966
4135,0.147372
4136,0.0571733
4137,0.0612571
4138,0.00674716
4139,0.0543324
4140,0.147905
4141,0.0939276
4142,0.0307173
4143,0.0216619
4144,0.0268111
4145,0.046875
4146,0.0387074
4147,0.00994318
4148,0
4149,0.0976562
4150,0.432351
4151,0.0298295
4152,0.124112
4153,0.0450994
4154,0
4155,0.0626776
4156,0.0186435
4157,0.0273438
4158,0.0337358
4159,0.447621
4160,0.0703125
4161,0.0729759
4162,0.0413707
4163,0
4164,0.0179332
4165,0.0253906
4166,0.0348011
4167,0
4168,0.00816761
4169,0.0152699
4170,0.0861151
4171,0.042081
4172,0.0133168
4173,0.0481179
4174,0.0236151
4175,0
4176,0.024858
4177,0.0486506
4178,0.0298295
4179,0.0401278
4180,0.0291193
4181,0.0237926
4182,0.0102983
4183,0.0374645
4184,0.0271662
4185,0.0470526
4186,0.022017
4187,0.059304
4188,0.0323153
4189,0.00994318
4190,0.0289418
4191,0.0822088
4192,0.19549
4193,0.0326705
4194,0.415661
4195,0.0305398
4196,0.0454545
4197,0.0351562
4198,0.00745739
4199,0.0417259
4200,0.0284091
4201,0.0445668
4202,0.113459
4203,0.00976562
4204,0.0324929
4205,0.263139
4206,0.0394176
4207,0.0832741
4208,0.0562855
4209,0.0117188
4210,0.0415483
4211,0.0356889
4212,0.139737
4213,0.0933949
4214,0.0321378
4215,0.0129616
4216,0.0419034
4217,0.375888
4218,0.1337
4219,0.0266335
4220,0.0550426
4221,0.00727983
4222,0.0275213
4223,0.00710227
4224,0.068892
4225,0.0481179
4226,0.0166903
4227,0.0390625
4228,0.020419
4229,0.0374645
4230,0.082919
4231,0.0230824
4232,0.0625
4233,0
4234,0.0395952
4235,0.0122514
4236,0.048473
4237,0.0292969
4238,0.0110085
4239,0.246626
4240,0.124822
4241,0.0790128
4242,0.0142045
4243,0.0443892
4244,0.0339134
4245,0.00994318
4246,0.0582386
4247,0.0712003
4248,0.0981889
4249,0.0266335
4250,0.040483
4251,0.0719105
4252,0.0653409
4253,0
4254,0.0397727
4255,0.0960582
4256,0.0101207
4257,0.0200639
4258,0.118253
4259,0.0168679
4260,0.0287642
4261,0.0756392
4262,0.0243253
4263,0.399858
4264,0.0685369
4265,0.0257457
4266,0
4267,0.0152699
4268,0.0713778
4269,0.0607244
4270,0.0410156
4271,0.0266335
4272,0.0381747
4273,0
4274,0.0175781
4275,0.0276989
4276,0.03125
4277,0.00603693
4278,0.0326705
4279,0.0165128
4280,0.0230824
4281,0.0649858
4282,0.00816761
4283,0.0346236
4284,0.0825639
4285,0.0090554
4286,0.046875
4287,0.0965909
4288,0.0131392
4289,0.107599
4290,0.0617898
4291,0.108487
4292,0.0237926
4293,0
4294,0.242898
4295,0.00887784
4296,0.00834517
4297,0.0266335
4298,0.0314276
4299,0.0687145
4300,0.405717
4301,0.0234375
4302,0.0488281
4303,0.0298295
4304,0.0197088
4305,0.0568182
4306,0.018821
4307,0.0438565
4308,0.0369318
4309,0.0321378
4310,0.0101207
4311,0.0276989
4312,0.0362216
4313,0.0701349
4314,0.0919744
4315,0.010831
4316,0.050071
4317,0.0504261
4318,0.126243
4319,0.0145597
4320,0.0403054
4321,0.0175781
4322,0.0213068
4323,0
4324,0.043679
4325,0.0308949
4326,0.043679
4327,0.0115412
4328,0.106357
4329,0.0161577
4330,0.0335582
4331,0.0271662
4332,0.0316051
4333,0.0241477
4334,0.0287642
4335,0.0582386
4336,0.0147372
4337,0.0147372
4338,0.056108
4339,0.0308949
4340,0.0340909
4341,0.0117188
4342,0.0346236
4343,0
4344,0.0435014
4345,0.0523793
4346,0.0419034
4347,0.010831
4348,0.0239702
4349,0.126953
4350,0.0658736
4351,0.0356889
4352,0.0799006
4353,0.0408381
4354,0.0410156
4355,0.0110085
4356,0.0623224
4357,0.0243253
4358,0.0365767
4359,0.0211293
4360,0.0317827
4361,0.00426136
4362,0.0284091
4363,0.0601918
4364,0.0300071
4365,0.0225497
4366,0.0122514
4367,0.012429
4368,0.064098
4369,0.0349787
4370,0.0742188
4371,0.0122514
4372,0.0422585
4373,0.0147372
4374,0.0214844
4375,0.118253
4376,0.0110085
4377,0.0213068
4378,0.0488281
4379,0.0450994
4380,0.0901989
4381,0.0545099
4382,0.0395952
4383,0.0442116
4384,0.0740412
4385,0.00674716
4386,0.0147372
4387,0.0568182
4388,0.00816761
4389,0.0465199
4390,0.0126065
4391,0.0475852
4392,0.0614347
4393,0.0205966
4394,0.0122514
4395,0.00870028
4396,0.0321378
4397,0.0252131
4398,0.0110085
4399,0.0213068
4400,0.402521
4401,0.0243253
4402,0.123224
4403,0.0543324
4404,0.0261009
4405,0.0442116
4406,0.0768821
4407,0.0429688
4408,0.0326705
4409,0.0310724
4410,0.0216619
4411,0.0362216
4412,0.0104759
4413,0.0232599
4414,0
4415,0.103161
4416,0.00887784
4417,0.0298295
4418,0.35902
4419,0.050071
4420,0.0111861
4421,0.0165128
4422,0.0276989
4423,0.034446
4424,0.0408381
4425,0.0090554
4426,0.0575284
4427,0.0381747
4428,0.0154474
4429,0.040483
4430,0
4431,0.0131392
4432,0.0575284
4433,0
4434,0.0381747
4435,0.0973011
4436,0.00745739
4437,0.0841619
4438,0.032848
4439,0.0209517
4440,0.0525568
4441,0.0548651
4442,0.0415483
4443,0.0154474
4444,0.00799006
4445,0.0964134
4446,0.0278764
4447,0.064098
4448,0.00852273
4449,0
4450,0.0475852
4451,0.0719105
4452,0.0545099
4453,0.0106534
4454,0.0142045
4455,0.0612571
4456,0.0433239
4457,0
4458,0.017223
4459,0.0534446
4460,0.0209517
4461,0.0214844
4462,0.0633878
4463,0
4464,0.0596591
4465,0.03125
4466,0.0846946
4467,0.0301847
4468,0.0118963
4469,0.117543
4470,0
4471,0.0738636
4472,0.050071
4473,0.0355114
4474,0.0687145
4475,0.036044
4476,0
4477,0.0435014
4478,0.0861151
4479,0
4480,0.159801
4481,0.0227273
4482,0.0403054
4483,0.0324929
4484,0
4485,0.090554
4486,0.0106534
4487,0.040483
4488,0.0502486
4489,0.0353338
4490,0.0632102
4491,0.0250355
4492,0.0174006
4493,0.018821
4494,0.0438565
4495,0
4496,0.040483
4497,0.0356889
4498,0.0259233
4499,0.0353338
4500,0.0177557
4501,0.0243253
4502,0.0658736
4503,0.0113636
4504,0.0181108
4505,0.0403054
4506,0.0644531
4507,0.0681818
4508,0.0893111
4509,0.0639205
4510,0.0145597
4511,0
4512,0.0227273
4513,0.00710227
4514,0.0903764
4515,0.0189986
4516,0.0658736
4517,0.0252131
4518,0.0427912
4519,0.09375
4520,0.0491832
4521,0.0775923
4522,0.0573509
4523,0.0655185
4524,0.0548651
4525,0
4526,0.134055
4527,0.0159801
4528,0.0646307
4529,0.0541548
4530,0.022017
4531,0.0623224
4532,0
4533,0.0126065
4534,0.0381747
4535,0.0207741
4536,0.0198864
4537,0.020419
4538,0.0372869
4539,0.100852
4540,0.0150923
4541,0.0163352
4542,0.046875
4543,0.068892
4544,0.0261009
4545,0.0285866
4546,0.0417259
4547,0.0793679
4548,0.0555753
4549,0.266513
4550,0.026456
4551,0.0332031
4552,0.0550426
4553,0.0136719
4554,0.0443892
4555,0.0133168
4556,0.0690696
4557,0.0330256
4558,0.0145597
4559,0.0269886
4560,0.0607244
4561,0.128196
4562,0.0676491
4563,0.0216619
4564,0.00870028
4565,0.0527344
4566,0.0195312
4567,0.0440341
4568,0.0474077
4569,0.0065696
4570,0.03125
4571,0.0182884
4572,0.0243253
4573,0.160334
4574,0.0635653
4575,0.0259233
4576,0.0552202
4577,0.0458097
4578,0.0680043
4579,0.22017
4580,0.0422585
4581,0.0495384
4582,0.0126065
4583,0.0216619
4584,0.0127841
4585,0.0227273
4586,0.0289418
4587,0.034446
4588,0.0424361
4589,0.0639205
4590,0.0253906
4591,0.0179332
4592,0.0582386
4593,0
4594,0.11843
4595,0.00799006
4596,0.028054
4597,0.00568182
4598,0.0241477
4599,0.0374645
4600,0.0179332
4601,0.012429
4602,0.0926847
4603,0.0474077
4604,0.0553977
4605,0.0197088
4606,0.0422585
4607,0.045277
4608,0.0660511
4609,0.0738636
4610,0
4611,0.0429688
4612,0.0142045
4613,0.0610795
4614,0.0065696
4615,0.0495384
4616,0.056108
4617,0.0253906
4618,0.0250355
4619,0.0683594
4620,0.0102983
4621,0.0348011
4622,0.105291
4623,0
4624,0.129084
4625,0.0374645
4626,0.118963
4627,0.0585938
4628,0.0355114
4629,0.0174006
4630,0.0230824
4631,0.0246804
4632,0.0507812
4633,0.0126065
4634,0
4635,0.130149
4636,0.022017
4637,0.0150923
4638,0.0944602
4639,0.0777699
4640,0.0090554
4641,0.0191761
4642,0.115057
4643,0.0818537
4644,0.0712003
4645,0.187145
4646,0.0255682
4647,0.0145597
4648,0.00923295
4649,0.107955
4650,0.0292969
4651,0.128551
4652,0
4653,0.0266335
4654,0.0388849
4655,0.0317827
4656,0.0601918
4657,0.0243253
4658,0.0126065
4659,0.0385298
4660,0.0978338
4661,0.0346236
4662,0.0362216
4663,0.0330256
4664,0.0149148
4665,0.00887784
4666,0.0555753
4667,0.0165128
4668,0.0520241
4669,0.0497159
4670,0.0337358
4671,0.0511364
4672,0.0644531
4673,0.0809659
4674,0.0305398
4675,0.0683594
4676,0.0795455
4677,0.0356889
4678,0.00763494
4679,0.026456
4680,0.0445668
4681,0.0649858
4682,0.0230824
4683,0.029652
4684,0.0298295
4685,0.00852273
4686,0.0495384
4687,0.0646307
4688,0.071733
4689,0.010831
4690,0.123047
4691,0.38299
4692,0.0214844
4693,0.0118963
4694,0.217862
4695,0.105469
4696,0.00958807
4697,0.0120739
4698,0.00976562
4699,0.0117188
4700,0.0454545
4701,0.0756392
4702,0.0291193
4703,0.050071
4704,0.0314276
4705,0.0941051
4706,0.0150923
4707,0.0429688
4708,0.0459872
4709,0.029652
4710,0.0340909
4711,0.355469
4712,0.0294744
4713,0.048473
4714,0.0660511
4715,0.0669389
4716,0.0276989
4717,0.0241477
4718,0.0559304
4719,0.034446
4720,0.104226
4721,0.139205
4722,0.00887784
4723,0.0949929
4724,0
4725,0.141158
4726,0.032848
4727,0.0990767
4728,0
4729,0.0614347
4730,0.0385298
4731,0.0898438
4732,0.071733
4733,0.0154474
4734,0
4735,0.0474077
4736,0.0346236
4737,0.0438565
4738,0.0189986
4739,0.0495384
4740,0.036044
4741,0.0646307
4742,0.0696023
4743,0.0136719
4744,0.0314276
4745,0.0305398
4746,0.0431463
4747,0.0475852
4748,0.0191761
4749,0.0236151
4750,0.0893111
4751,0.0470526
4752,0.0358665
4753,0.0742188
4754,0.0136719
4755,0.03125
4756,0.0541548
4757,0.017223
4758,0.105114
4759,0.216087
4760,0.0759943
4761,0.110263
4762,0.0110085
4763,0.0102983
4764,0.0292969
4765,0.0438565
4766,0.120206
4767,0.0607244
4768,0.0474077
4769,0.03125
4770,0.0170455
4771,0.267401
4772,0.037642
4773,0.0255682
4774,0.0383523
4775,0.0537997
4776,0.0333807
4777,0.113281
4778,0.040483
4779,0.0117188
4780,0.0891335
4781,0.143288
4782,0.0479403
4783,0.0314276
4784,0.071733
4785,0.0406605
4786,0.046875
4787,0.00994318
4788,0.0221946
4789,0.0234375
4790,0.0518466
4791,0.0367543
4792,0.034446
4793,0.0358665
4794,0.0198864
4795,0.0658736
4796,0.0230824
4797,0.0514915
4798,0.0276989
4799,0.0110085
4800,0.0129616
4801,0.0394176
4802,0.0323153
4803,0
4804,0.154652
4805,0.113636
4806,0.0232599
4807,0.0193537
4808,0.0472301
4809,0
4810,0.0850497
4811,0.0179332
4812,0.020419
4813,0.0433239
4814,0.014027
4815,0.0278764
4816,0.0236151
4817,0.0259233
4818,0.0276989
4819,0.0770597
4820,0.078125
4821,0.0186435
4822,0.00692472
4823,0.0463423
4824,0.137251
4825,0.0449219
4826,0.0395952
4827,0.0571733
4828,0.0182884
4829,0.0742188
4830,0.0287642
4831,0.0298295
4832,0.0324929
4833,0.0213068
4834,0.0065696
4835,0.0562855
4836,0.0861151
4837,0.0317827
4838,0.0193537
4839,0.0553977
4840,0.0165128
4841,0.0300071
4842,0.0115412
4843,0.0548651
4844,0.0259233
4845,0
4846,0.073331
4847,0.0158026
4848,0
4849,0.0456321
4850,0.032848
4851,0.0255682
4852,0.417436
4853,0.0381747
4854,0.0388849
4855,0.0534446
4856,0.0303622
4857,0.13157
4858,0.0298295
4859,0.0115412
4860,0.0191761
4861,0.0523793
4862,0.0273438
4863,0.0330256
4864,0.017223
4865,0.0445668
4866,0.0767045
4867,0.0426136
4868,0.0530895
4869,0.0390625
4870,0.0450994
4871,0.0161577
4872,0.0699574
4873,0
4874,0.0854048
4875,0.0447443
4876,0.134588
4877,0.0262784
4878,0.0317827
4879,0.0491832
4880,0.0408381
4881,0.0522017
4882,0.0784801
4883,0.081321
4884,0.0392401
4885,0.0447443
4886,0.0126065
4887,0.0653409
4888,0.115412
4889,0.415305
4890,0.0410156
4891,0.0181108
4892,0.0685369
4893,0.0229048
4894,0.00745739
4895,0.0330256
4896,0.0497159
4897,0.0118963
4898,0.024858
4899,0.338246
4900,0.122869
4901,0.0340909
4902,0.0497159
4903,0.0511364
4904,0.0623224
4905,0
4906,0.0142045
4907,0.0202415
4908,0
4909,0.0552202
4910,0.0252131
4911,0.0465199
4912,0.119318
4913,0.0356889
4914,0.0303622
4915,0.111861
4916,0.0266335
4917,0.0825639
4918,0.0101207
4919,0.0498935
4920,0.0388849
4921,0.010831
4922,0.0323153
4923,0.0285866
4924,0.0411932
4925,0.0522017
4926,0.043679
4927,0.0767045
4928,0.111151
4929,0.0227273
4930,0.0284091
4931,0.0346236
4932,0.00763494
4933,0.059304
4934,0.048473
4935,0.0708452
4936,0.0113636
4937,0.0291193
4938,0
4939,0.0362216
4940,0.00727983
4941,0.0403054
4942,0.181108
4943,0.0289418
4944,0.0118963
4945,0.0477628
4946,0
4947,0.0339134
4948,0.105646
4949,0.0273438
4950,0.0568182
4951,0.130149
4952,0.014027
4953,0.199574
4954,0.0349787
4955,0.00976562
4956,0.0502486
4957,0.0195312
4958,0.104226
4959,0.0214844
4960,0.0243253
4961,0.0115412
4962,0.00887784
4963,0.0145597
4964,0.0340909
4965,0.0379972
4966,0.0269886
4967,0.0626776
4968,0.0358665
4969,0.0150923
4970,0.00514915
4971,0.0289418
4972,0.126598
4973,0.0442116
4974,0.0438565
4975,0.0807884
4976,0.0440341
4977,0.0566406
4978,0.0358665
4979,0.0678267
4980,0.0367543
4981,0.192294
4982,0.0175781
4983,0.0578835
4984,0.0625
4985,0.0252131
4986,0.0454545
4987,0.0301847
4988,0.012429
4989,0.017223
4990,0.0514915
4991,0.010831
4992,0.0458097
4993,0.046875
4994,0.0284091
4995,0.00834517
4996,0.0170455
4997,0.00852273
4998,0.0351562
4999,0.0291193
5000,0.00852273
5001,0.020419
5002,0.0783026
5003,0.0319602
5004,0
5005,0.0126065
5006,0.0337358
5007,0.0974787
5008,0.0276989
5009,0.0450994
5010,0.0555753
5011,0.0470526
5012,0.0353338
5013,0.040483
5014,0.0399503
5015,0
5016,0.0783026
5017,0.0356889
5018,0.0189986
5019,0.0372869
5020,0.0289418
5021,0.248935
5022,0.040483
5023,0.024858
5024,0.0317827
5025,0.0983665
5026,0.0367543
5027,0.0335582
5028,0.0589489
5029,0.0745739
5030,0.00976562
5031,0.0126065
5032,0.0342685
5033,0.0625
5034,0.0184659
5035,0.0536222
5036,0.0369318
5037,0.0575284
5038,0.0617898
5039,0.0316051
5040,0.0138494
5041,0.0126065
5042,0.0543324
5043,0.071733
5044,0.059304
5045,0.0909091
5046,0.0131392
5047,0.0321378
5048,0.0131392
5049,0.0261009
5050,0.0630327
5051,0
5052,0.0266335
5053,0.042081
5054,0.0150923
5055,0.0136719
5056,0.230469
5057,0
5058,0.03125
5059,0
5060,0.0319602
5061,0.0422585
5062,0.0742188
5063,0.0090554
5064,0
5065,0.0333807
5066,0.0401278
5067,0.034446
5068,0.0213068
5069,0.0438565
5070,0.0763494
5071,0.0942827
5072,0.0319602
5073,0.0470526
5074,0.0158026
5075,0.0625
5076,0.0388849
5077,0.0161577
5078,0.0832741
5079,0.0838068
5080,0.0266335
5081,0.0346236
5082,0
5083,0.0594815
5084,0.0287642
5085,0.0110085
5086,0.0557528
5087,0.0207741
5088,0.0136719
5089,0.0266335
5090,0.048473
5091,0.029652
5092,0.0635653
5093,0.130327
5094,0
5095,0.0715554
5096,0.0642756
5097,0.0326705
5098,0.0152699
5099,0.0239702
5100,0.0241477
5101,0.0330256
5102,0.00692472
5103,0.0536222
5104,0.0161577
5105,0.0545099
5106,0.0230824
5107,0.0330256
5108,0.0356889
5109,0.0568182
5110,0.112926
5111,0.13157
5112,0.0598366
5113,0.0442116
5114,0.0635653
5115,0.0486506
5116,0.0285866
5117,0
5118,0.0205966
5119,0.0131392
5120,0.012429
5121,0.0804332
5122,0.0387074
5123,0.0690696
5124,0.0562855
5125,0.0919744
5126,0.045277
5127,0.0800781
5128,0.0600142
5129,0.051669
5130,0.0165128
5131,0.0165128
5132,0.0537997
5133,0.0104759
5134,0.0287642
5135,0.185369
5136,0.101385
5137,0.0871804
5138,0.0548651
5139,0.00994318
5140,0.087358
5141,0.024858
5142,0.0161577
5143,0.032848
5144,0.0197088
5145,0.0294744
5146,0.0353338
5147,0.0474077
5148,0.0200639
5149,0.0349787
5150,0.0294744
5151,0.0809659
5152,0.0506037
5153,0.0225497
5154,0.0358665
5155,0.0182884
5156,0.0161577
5157,0.0184659
5158,0.346768
5159,0.0115412
5160,0.0399503
5161,0.0774148
5162,0.0378196
5163,0.213068
5164,0.0372869
5165,0.0475852
5166,0.12358
5167,0.0333807
5168,0.0163352
5169,0.0243253
5170,0.0461648
5171,0.0783026
5172,0.026456
5173,0.0447443
5174,0.0406605
5175,0.0102983
5176,0.0449219
5177,0.0102983
5178,0.0479403
5179,0.0266335
5180,0.0321378
5181,0.012429
5182,0.0410156
5183,0.0326705
5184,0.0163352
5185,0
5186,0.0330256
5187,0.0605469
5188,0.046875
5189,0.436612
5190,0.0363991
5191,0.0896662
5192,0.0413707
5193,0.0607244
5194,0.0252131
5195,0.0147372
5196,0.0289418
5197,0.0363991
5198,0.10902
5199,0
5200,0.010831
5201,0.0562855
5202,0.0493608
5203,0.0395952
5204,0.0387074
5205,0.0387074
5206,0.00745739
5207,0.0754616
5208,0.0158026
5209,0.0149148
5210,0.0287642
5211,0.0200639
5212,0.0110085
5213,0.012429
5214,0.056108
5215,0.0710227
5216,0.0193537
5217,0.0816761
5218,0.0527344
5219,0.10103
5220,0.017223
5221,0.0259233
5222,0.0239702
5223,0.0316051
5224,0.0403054
5225,0.00870028
5226,0.0573509
5227,0.032848
5228,0.0349787
5229,0.0189986
5230,0.0371094
5231,0.00887784
5232,0.0129616
5233,0.042081
5234,0.0147372
5235,0.028054
5236,0.0227273
5237,0.0129616
5238,0.0445668
5239,0.0221946
5240,0.064098
5241,0.0465199
5242,0.0307173
5243,0.0269886
5244,0.0152699
5245,0.012429
5246,0.0115412
5247,0.0413707
5248,0.0504261
5249,0.0221946
5250,0.0287642
5251,0.00763494
5252,0.00639205
5253,0.0323153
5254,0.0163352
5255,0.0678267
5256,0.0594815
5257,0.0498935
5258,0.0474077
5259,0.379616
5260,0.0520241
5261,0.0131392
5262,0.0681818
5263,0.0129616
5264,0.00674716
5265,0.0337358
5266,0.0305398
5267,0
5268,0.00745739
5269,0.436257
5270,0.0978338
5271,0.0839844
5272,0.0522017
5273,0.0459872
5274,0.102628
5275,0.0285866
5276,0.136719
5277,0.0957031
5278,0.00958807
5279,0.132457
5280,0.036044
5281,0.00816761
5282,0.0379972
5283,0.121449
5284,0.0639205
5285,0.0459872
5286,0.0720881
5287,0.0458097
5288,0.0630327
5289,0.0768821
5290,0.0218395
5291,0.0475852
5292,0.107067
5293,0.104936
5294,0.0655185
5295,0.221413
5296,0.0625
5297,0.00497159
5298,0.0424361
5299,0.0221946
5300,0.0287642
5301,0.106889
5302,0.0358665
5303,0.00887784
5304,0.0250355
5305,0.143288
5306,0.0658736
5307,0.0653409
5308,0.0284091
5309,0.0676491
5310,0.0205966
5311,0.0268111
5312,0.0623224
5313,0.0506037
5314,0.0353338
5315,0.0282315
5316,0.0910866
5317,0.00923295
5318,0.159979
5319,0.0591264
5320,0.0300071
5321,0.0399503
5322,0.0415483
5323,0.0339134
5324,0.032848
5325,0.0461648
5326,0.1962
5327,0.146839
5328,0.0216619
5329,0.0379972
5330,0
5331,0.0319602
5332,0.0566406
5333,0.0424361
5334,0.0580611
5335,0.0200639
5336,0.0189986
5337,0.0537997
5338,0.0111861
5339,0.0758168
5340,0.00852273
5341,0.0747514
5342,0.0142045
5343,0.042081
5344,0.102628
5345,0.0317827
5346,0.053267
5347,0.0454545
5348,0.0106534
5349,0.0209517
5350,0.0340909
5351,0.00727983
5352,0.106534
5353,0.0289418
5354,0.0117188
5355,0
5356,0.0149148
5357,0.0994318
5358,0.432351
5359,0.0660511
5360,0.0507812
5361,0.0477628
5362,0.0138494
5363,0.0269886
5364,0.0298295
5365,0.0202415
5366,0.0205966
5367,0.137962
5368,0.0482955
5369,0.010831
5370,0.0225497
5371,0.443359
5372,0.0696023
5373,0.0756392
5374,0.0580611
5375,0.0362216
5376,0.0342685
5377,0.0346236
5378,0
5379,0.0198864
5380,0.0493608
5381,0.0117188
5382,0.014027
5383,0.0225497
5384,0.060902
5385,0.0355114
5386,0.00941051
5387,0.0346236
5388,0.0303622
5389,0.110618
5390,0.0866477
5391,0
5392,0.00443892
5393,0.0440341
5394,0.0214844
5395,0.0395952
5396,0.060902
5397,0.0388849
5398,0.0115412
5399,0.0232599
5400,0.0165128
5401,0.221591
5402,0.0207741
5403,0
5404,0.017223
5405,0.0779474
5406,0.0383523
5407,0.0358665
5408,0.0287642
5409,0.0465199
5410,0.0536222
5411,0.00923295
5412,0.0546875
5413,0.0550426
5414,0.0351562
5415,0.0127841
5416,0.0161577
5417,0.0321378
5418,0.018821
5419,0.0862926
5420,0.0999645
5421,0.0573509
5422,0.0475852
5423,0.0395952
5424,0.0584162
5425,0.0355114
5426,0.073331
5427,0.00692472
5428,0.0763494
5429,0.0658736
5430,0.0830966
5431,0.0300071
5432,0.0257457
5433,0.0250355
5434,0.0266335
5435,0.0332031
5436,0.0339134
5437,0.0555753
5438,0.204723
5439,0.00799006
5440,0.037642
5441,0.00923295
5442,0
5443,0.0424361
5444,0.0823864
5445,0.0294744
5446,0.0250355
5447,0.0385298
5448,0.0136719
5449,0.0403054
5450,0.0506037
5451,0.0646307
5452,0.324751
5453,0.117365
5454,0.181463
5455,0.0454545
5456,0.0147372
5457,0.0301847
5458,0.0269886
5459,0.0195312
5460,0.0671165
5461,0.00923295
5462,0.0438565
5463,0.00887784
5464,0.0395952
5465,0.022017
5466,0.0383523
5467,0.106889
5468,0.0758168
5469,0.144709
5470,0.0273438
5471,0.0859375
5472,0.0424361
5473,0.186612
5474,0.397195
5475,0.0269886
5476,0.0614347
5477,0.0317827
5478,0
5479,0.00799006
5480,0.142933
5481,0
5482,0.0269886
5483,0.0115412
5484,0.0475852
5485,0.0394176
5486,0.020419
5487,0.0348011
5488,0.0191761
5489,0.0719105
5490,0.0605469
5491,0
5492,0.0186435
5493,0.0245028
5494,0.0115412
5495,0
5496,0.0431463
5497,0.0465199
5498,0
5499,0.00994318
5500,0.0461648
5501,0.224254
5502,0.0282315
5503,0.106357
5504,0.00994318
5505,0.0348011
5506,0.0435014
5507,0.0456321
5508,0.0326705
5509,0.0218395
5510,0.0529119
5511,0.0479403
5512,0.0509588
5513,0
5514,0.0078125
5515,0.0603693
5516,0.0445668
5517,0.0498935
5518,0.0278764
5519,0.113104
5520,0.0252131
5521,0.0722656
5522,0.204368
5523,0.0479403
5524,0.0353338
5525,0.0232599
5526,0.0278764
5527,0.0147372
5528,0.024858
5529,0.0234375
5530,0.0110085
5531,0.0250355
5532,0.1163
5533,0.0456321
5534,0.0129616
5535,0.0129616
5536,0.0623224
5537,0.0175781
5538,0.0456321
5539,0.034446
5540,0.0319602
5541,0.0365767
5542,0.12358
5543,0.235085
5544,0
5545,0.051669
5546,0.0816761
5547,0.254084
5548,0.125888
5549,0.00763494
5550,0.112393
5551,0.0330256
5552,0.0234375
5553,0.0275213
5554,0.00479403
5555,0.0262784
5556,0.0772372
5557,0.068892
5558,0.0262784
5559,0.115412
5560,0.0154474
5561,0.0680043
5562,0.0324929
5563,0.0562855
5564,0.0491832
5565,0.0170455
5566,0.0445668
5567,0.0518466
5568,0.0346236
5569,0.00941051
5570,0.118608
5571,0.103161
5572,0.0442116
5573,0.0126065
5574,0.0474077
5575,0.0474077
5576,0.0307173
5577,0.0117188
5578,0.0758168
5579,0.0294744
5580,0
5581,0.0287642
5582,0.032848
