0,2.75918
1,3.09951
2,0
3,2.28146
4,0
5,2.83919
6,0
7,2.39358
8,2.5776
9,0
10,2.94428
11,2.29309
12,0
13,0
14,0
15,0
16,2.30806
17,0
18,0
19,0
20,0
21,2.42375
22,0
23,2.45337
24,0
25,0
26,2.29214
27,2.12471
28,0
29,2.66597
30,0
31,0
32,2.28166
33,0
34,0
35,2.63387
36,0
37,2.17823
38,0
39,0
40,0
41,0
42,0
43,0
44,2.71872
45,2.26952
46,0
47,0
48,0
49,0
50,0
51,0
52,0
53,2.53577
54,0
55,0
56,0
57,0
58,0
59,0
60,0
61,0
62,0
63,0
64,0
65,0
66,0
67,0
68,0
69,0
70,0
71,0
72,0
73,2.47923
74,0
75,2.38043
76,2.08665
77,0
78,0
79,0
80,2.58051
81,2.20914
82,0
83,0
84,0
85,2.97688
86,2.8034
87,0
88,2.39381
89,0
90,1.9021
91,0
92,0
93,0
94,2.63965
95,3.05388
96,0
97,0
98,2.84099
99,0
100,0
101,2.99609
102,0
103,0
104,2.65574
105,0
106,2.75861
107,2.56022
108,0
109,1.9447
110,0
111,2.51349
112,0
113,0
114,0
115,12.3253
116,0
117,0
118,12.174
119,12.117
120,12.4634
121,0
122,12.3065
123,0
124,12.1356
125,0
126,0
127,12.3701
128,12.763
129,0
130,0
131,0
132,11.8728
133,12.2403
134,0
135,12.3526
136,12.8295
137,0
138,0
139,0
140,0
141,0
142,12.3285
143,11.7266
144,0
145,0
146,0
147,0
148,0
149,0
150,0
151,0
152,12.4386
153,12.1183
154,11.9829
155,12.2544
156,12.3264
157,0
158,0
159,0
160,12.5414
161,0
162,11.8921
163,0
164,12.1052
165,0
166,0
167,0
168,12.2345
169,11.9067
170,0
171,0
172,0
173,12.368
174,12.3402
175,0
176,12.5307
177,0
178,0
179,11.7957
180,0
181,12.1002
182,0
183,12.3664
184,12.0548
185,12.3848
186,12.4995
187,11.863
188,11.3323
189,12.1346
190,12.7127
191,12.153
192,11.8579
193,12.1432
194,12.1253
195,11.7817
196,11.3446
197,12.2343
198,0
199,12.3974
200,0
201,12.0403
202,12.1613
203,11.9325
204,12.1467
205,0
206,11.7104
207,11.9093
208,12.4374
209,12.2883
210,12.1869
211,12.3237
212,0
213,12.4346
214,11.9119
215,0
216,12.0522
217,12.1401
218,12.2624
219,12.0321
220,11.9464
221,12.2394
222,0
223,12.0417
224,0
225,12.1151
226,12.3026
227,12.0331
228,11.7684
229,11.9624
230,11.9973
231,12.5144
232,12.3174
233,12.1895
234,11.4202
235,11.3651
236,0
237,11.9931
238,0
239,12.6063
240,12.4638
241,11.8494
242,0
243,12.3206
244,0
245,12.0683
246,11.5255
247,12.5738
248,11.5807
249,0
250,12.317
251,12.2485
252,12.0572
253,12.7741
254,0
255,11.9996
256,12.2854
257,11.9264
258,12.077
259,12.0462
260,12.4271
261,11.7156
262,11.7748
263,12.1556
264,12.037
265,12.512
266,12.0646
267,11.8104
268,12.3805
269,12.5552
270,12.3508
271,11.8062
272,0
273,11.7717
274,12.4747
275,12.7291
276,0
277,11.6542
278,11.987
279,12.3226
280,0
281,12.1274
282,11.8614
283,12.2935
284,11.8411
285,11.3242
286,12.0973
287,12.1043
288,11.5018
289,11.6813
290,11.2669
291,12.7807
292,11.9506
293,11.979
294,12.2062
295,11.9132
296,11.6624
297,12.4232
298,12.3157
299,11.952
300,12.0154
301,12.2199
302,12.8614
303,12.1168
304,11.7026
305,12.0209
306,12.45
307,12.0899
308,11.6943
309,0
310,12.5586
311,12.1036
312,11.7441
313,12.2238
314,12.5196
315,12.8718
316,12.7292
317,11.1553
318,11.8206
319,12.5106
320,12.0802
321,12.3347
322,0
323,12.359
324,12.3648
325,11.9507
326,0
327,0
328,12.1638
329,11.9777
330,11.8028
331,12.1027
332,12.6855
333,12.4011
334,12.4777
335,12.262
336,12.4607
337,12.3494
338,12.2905
339,11.9325
340,12.4374
341,12.1336
342,11.7169
343,11.605
344,12.0684
345,11.8964
346,12.0807
347,12.4487
348,12.0197
349,12.4746
350,12.0762
351,12.204
352,12.0543
353,12.1332
354,11.2898
355,12.1213
356,12.2392
357,12.2696
358,12.3727
359,12.45
360,12.4566
361,12.0592
362,12.2279
363,11.6687
364,0
365,11.9145
366,11.8299
367,12.3162
368,0
369,12.8181
370,11.9347
371,11.8779
372,11.9505
373,12.5481
374,11.7301
375,12.6576
376,12.2406
377,12.1738
378,11.9653
379,12.05
380,12.3456
381,11.462
382,11.9663
383,12.53
384,11.2488
385,0
386,11.6984
387,12.5395
388,12.4685
389,12.6477
390,12.702
391,11.0489
392,12.4229
393,11.5056
394,11.9781
395,12.441
396,11.8742
397,11.9711
398,12.3662
399,12.4246
400,11.9375
401,0
402,12.7229
403,0
404,11.892
405,12.3924
406,0
407,0
408,11.8622
409,12.111
410,12.0392
411,12.0397
412,11.5335
413,12.48
414,0
415,12.5328
416,11.6684
417,12.1749
418,11.7092
419,11.9466
420,12.151
421,11.7412
422,11.7612
423,12.5234
424,12.0637
425,12.3612
426,12.3815
427,11.659
428,11.8489
429,0
430,11.4595
431,0
432,11.7183
433,11.6631
434,12.3277
435,12.3108
436,12.1492
437,11.7083
438,0
439,11.792
440,12.7925
441,12.2923
442,12.3495
443,12.1635
444,12.2296
445,12.2274
446,11.8443
447,11.9901
448,12.3478
449,12.3658
450,12.4368
451,12.0702
452,0
453,0
454,12.5125
455,12.0229
456,0
457,12.1547
458,12.272
459,12.4132
460,12.2545
461,12.3105
462,12.5028
463,0
464,12.3178
465,12.5439
466,12.3859
467,12.2768
468,11.6937
469,11.8444
470,12.2897
471,12.3841
472,12.1488
473,12.2831
474,12.1674
475,12.2948
476,12.4825
477,11.8306
478,11.6827
479,11.5631
480,12.5919
481,0
482,11.8655
483,12.0314
484,12.01
485,12.0961
486,0
487,0
488,12.7702
489,0
490,11.8785
491,12.08
492,0
493,12.3403
494,11.8763
495,11.343
496,11.8855
497,12.0379
498,12.7163
499,12.5771
500,11.9772
501,12.3118
502,12.3955
503,12.4103
504,12.521
505,11.8296
506,12.5242
507,0
508,12.2611
509,12.2834
510,0
511,12.0196
512,11.3537
513,11.6025
514,12.1297
515,12.3676
516,12.4651
517,12.1639
518,11.7337
519,12.622
520,12.0155
521,12.0448
522,0
523,11.959
524,0
525,11.831
526,12.4247
527,11.5395
528,0
529,12.2529
530,11.9112
531,12.6353
532,0
533,12.2214
534,12.2459
535,12.2433
536,12.021
537,12.1052
538,11.8885
539,12.4817
540,11.5628
541,12.2819
542,12.1641
543,12.3864
544,12.1226
545,12.4844
546,12.3428
547,12.2318
548,11.6325
549,12.6408
550,12.1391
551,12.3775
552,12.1943
553,12.1805
554,12.1155
555,11.6038
556,0
557,12.2651
558,0
559,12.6835
560,11.6229
561,12.8142
562,11.6825
563,12.1445
564,13.0057
565,11.8267
566,12.4811
567,12.3478
568,11.6969
569,12.5321
570,0
571,12.3176
572,12.2667
573,11.735
574,11.2682
575,12.1724
576,11.5548
577,11.4475
578,11.657
579,12.2286
580,0
581,11.8942
582,0
583,11.6068
584,12.1643
585,12.124
586,11.6722
587,12.5845
588,12.373
589,11.9383
590,12.0586
591,0
592,11.8566
593,12.0567
594,11.8602
595,12.1023
596,12.5324
597,0
598,11.9147
599,0
600,12.5043
601,11.7411
602,12.4795
603,12.4808
604,13.2426
605,12.3413
606,12.2851
607,0
608,11.9499
609,12.4397
610,12.3378
611,11.7763
612,12.2431
613,12.2039
614,12.1172
615,12.4211
616,11.5976
617,0
618,11.4909
619,12.4875
620,11.8668
621,12.0138
622,11.5502
623,11.7441
624,0
625,0
626,0
627,12.0828
628,12.3875
629,12.4068
630,12.2659
631,12.099
632,11.8519
633,12.38
634,0
635,12.1621
636,11.4347
637,12.0755
638,12.0309
639,12.4298
640,12.1907
641,11.5644
642,12.1901
643,0
644,12.1362
645,11.6445
646,11.9682
647,11.9822
648,12.5731
649,11.8771
650,12.2438
651,12.6956
652,12.1514
653,11.6041
654,11.6788
655,12.0856
656,11.4406
657,12.5506
658,11.7807
659,12.5809
660,12.7669
661,12.4472
662,12.3658
663,0
664,11.8529
665,12.4834
666,12.6415
667,12.0875
668,12.3694
669,11.8119
670,12.0848
671,0
672,12.8121
673,11.8268
674,12.2174
675,12.5078
676,12.4865
677,12.202
678,12.5978
679,12.3121
680,11.6931
681,11.6768
682,12.508
683,0
684,11.5493
685,12.1628
686,0
687,12.6128
688,12.0848
689,0
690,11.9264
691,12.1433
692,12.2017
693,11.7386
694,12.8288
695,12.2056
696,0
697,12.1897
698,12.85
699,12.746
700,11.4782
701,12.6257
702,12.2242
703,0
704,0
705,12.3659
706,12.1406
707,12.3773
708,12.236
709,12.228
710,0
711,12.5966
712,12.3564
713,12.0725
714,12.2317
715,12.3799
716,12.0832
717,11.8878
718,12.6358
719,12.289
720,11.9229
721,12.5617
722,12.7574
723,12.017
724,11.8217
725,12.1393
726,11.769
727,12.1132
728,12.2879
729,11.841
730,12.0539
731,0
732,0
733,12.7285
734,11.3167
735,11.7057
736,11.8867
737,11.9996
738,11.7918
739,0
740,11.9092
741,11.9472
742,11.8388
743,11.6686
744,12.1891
745,12.2533
746,12.2215
747,12.3155
748,12.4965
749,12.4818
750,12.9262
751,0
752,11.3433
753,11.801
754,12.112
755,12.0781
756,11.9087
757,12.2372
758,0
759,0
760,11.6324
761,11.896
762,0
763,12.1233
764,11.9404
765,12.5358
766,12.3967
767,12.2752
768,12.0523
769,11.2286
770,12.1981
771,12.6025
772,12.0143
773,0
774,12.2362
775,11.9158
776,12.0294
777,0
778,11.8229
779,12.3566
780,12.694
781,12.3122
782,12.9534
783,12.8398
784,11.7986
785,12.2684
786,12.505
787,12.1704
788,12.3603
789,12.8908
790,11.5251
791,11.9998
792,11.5126
793,12.1259
794,11.9438
795,11.6019
796,12.5582
797,11.8719
798,12.7773
799,11.4493
800,11.5733
801,0
802,11.9606
803,12.3171
804,12.0905
805,12.1533
806,11.9001
807,12.1814
808,0
809,12.1121
810,11.9542
811,11.7388
812,12.3672
813,11.8467
814,11.8609
815,12.0106
816,12.2417
817,12.1076
818,12.3876
819,11.8444
820,11.6084
821,0
822,11.891
823,11.5296
824,11.8776
825,11.763
826,12.204
827,0
828,12.2818
829,11.8161
830,12.1354
831,12.3155
832,12.3949
833,12.0252
834,0
835,11.9435
836,0
837,12.0516
838,12.0608
839,12.4677
840,0
841,11.7139
842,0
843,11.3764
844,12.2431
845,12.6651
846,12.1734
847,12.2667
848,12.5568
849,11.825
850,0
851,11.9127
852,11.8817
853,11.7222
854,12.2675
855,11.9586
856,12.4563
857,12.4788
858,12.8003
859,12.0782
860,0
861,12.3361
862,12.2822
863,12.4735
864,12.555
865,12.1515
866,11.6962
867,11.8769
868,12.2676
869,11.9734
870,11.9579
871,12.621
872,12.7241
873,12.3262
874,12.3023
875,11.9383
876,12.401
877,11.982
878,12.3059
879,12.5201
880,11.8536
881,12.234
882,11.8535
883,12.7344
884,11.9431
885,12.1406
886,12.2806
887,12.146
888,12.0161
889,12.0062
890,12.813
891,11.7391
892,12.6377
893,12.4055
894,11.9074
895,12.3147
896,12.5448
897,11.6651
898,0
899,11.2491
900,12.3506
901,11.6579
902,11.4951
903,12.3734
904,12.7836
905,11.9303
906,11.4567
907,11.5653
908,11.2447
909,11.9603
910,0
911,11.4892
912,11.7232
913,11.5112
914,11.9912
915,0
916,12.866
917,11.7751
918,11.6789
919,12.4775
920,12.7277
921,12.2495
922,11.777
923,12.2496
924,11.9678
925,12.2288
926,12.7062
927,12.5184
928,11.7165
929,12.1173
930,11.9819
931,11.906
932,0
933,12.3105
934,11.9678
935,12.35
936,12.1732
937,12.1657
938,12.012
939,0
940,12.1054
941,12.0235
942,11.9597
943,12.0139
944,12.1697
945,11.9436
946,11.9832
947,11.6938
948,0
949,12.3424
950,0
951,12.6821
952,0
953,11.8863
954,12.6572
955,12.4903
956,12.5541
957,12.1053
958,11.9069
959,11.9811
960,12.7606
961,11.9357
962,11.6689
963,11.5135
964,12.4952
965,12.556
966,11.9231
967,11.5906
968,12.1369
969,12.038
970,12.0466
971,12.4853
972,11.8215
973,11.7665
974,0
975,12.2989
976,12.286
977,11.8259
978,11.5258
979,12.5899
980,12.4424
981,12.4129
982,11.7893
983,11.9228
984,12.0822
985,12.3912
986,12.1637
987,12.5025
988,0
989,11.9208
990,11.9391
991,12.1289
992,11.9353
993,12.5963
994,12.604
995,12.4405
996,0
997,11.9561
998,11.4992
999,11.6268
1000,12.0442
1001,12.2172
1002,13.0144
1003,12.3602
1004,12.0047
1005,11.7284
1006,11.9735
1007,12.3238
1008,12.1869
1009,12.2997
1010,12.0245
1011,12.2047
1012,0
1013,12.0539
1014,12.6193
1015,12.4112
1016,11.7579
1017,12.3967
1018,11.578
1019,12.3646
1020,0
1021,12.1848
1022,11.7754
1023,12.6541
1024,12.1802
1025,12.3346
1026,12.1697
1027,11.9503
1028,11.7599
1029,12.7384
1030,12.4543
1031,12.2826
1032,11.749
1033,0
1034,12.5132
1035,0
1036,11.5357
1037,11.7486
1038,12.1167
1039,12.3253
1040,12.1066
1041,11.8169
1042,12.3747
1043,12.0938
1044,0
1045,12.6421
1046,11.7674
1047,12.8004
1048,12.0126
1049,12.596
1050,12.1915
1051,11.6662
1052,12.5709
1053,12.0112
1054,11.9425
1055,11.9411
1056,11.9252
1057,12.1169
1058,12.4294
1059,11.8148
1060,12.1053
1061,12.0192
1062,0
1063,11.5246
1064,12.3503
1065,11.505
1066,12.282
1067,12.1117
1068,0
1069,11.8958
1070,0
1071,12.5497
1072,12.6187
1073,12.7396
1074,12.0125
1075,12.6098
1076,11.5174
1077,0
1078,0
1079,12.5981
1080,0
1081,12.8981
1082,11.8736
1083,12.1336
1084,12.0441
1085,11.856
1086,12.1179
1087,12.0105
1088,12.3529
1089,12.1271
1090,0
1091,12.1285
1092,0
1093,11.9983
1094,0
1095,12.185
1096,12.5987
1097,12.1586
1098,12.1827
1099,11.4975
1100,12.2463
1101,12.2108
1102,12.0704
1103,0
1104,11.9659
1105,12.0842
1106,12.3701
1107,11.7209
1108,12.5199
1109,0
1110,12.0854
1111,12.6844
1112,12.3936
1113,0
1114,12.2776
1115,12.0421
1116,12.2714
1117,11.1681
1118,12.2754
1119,11.4804
1120,12.5748
1121,12.476
1122,11.6684
1123,12.2359
1124,12.4478
1125,12.3921
1126,11.9545
1127,12.6044
1128,11.9291
1129,12.3707
1130,11.9921
1131,12.3189
1132,11.6135
1133,12.439
1134,11.4608
1135,12.1612
1136,11.8613
1137,11.0267
1138,0
1139,0
1140,0
1141,11.9307
1142,12.4826
1143,0
1144,12.6603
1145,0
1146,12.3666
1147,12.3438
1148,11.992
1149,12.3818
1150,0
1151,0
1152,12.8381
1153,12.3476
1154,0
1155,12.1712
1156,12.1001
1157,0
1158,0
1159,0
1160,12.5156
1161,0
1162,0
1163,12.519
1164,0
1165,12.3417
1166,0
1167,11.7116
1168,0
1169,0
1170,12.0674
1171,12.4586
1172,0
1173,0
1174,0
1175,0
1176,12.4496
1177,12.2429
1178,12.4295
1179,12.1223
1180,0
1181,12.4054
1182,0
1183,0
1184,12.5685
1185,11.8914
1186,0
1187,11.5517
1188,0
1189,12.2156
1190,0
1191,0
1192,12.5502
1193,12.6528
1194,0
1195,12.5137
1196,12.0591
1197,11.7537
1198,0
1199,11.787
1200,0
1201,12.3626
1202,0
1203,12.3937
1204,0
1205,12.2429
1206,12.1859
1207,0
1208,12.2303
1209,11.4736
1210,0
1211,0
1212,11.7598
1213,11.6865
1214,0
1215,12.3182
1216,12.4025
1217,12.5412
1218,11.8772
1219,12
1220,0
1221,12.6235
1222,0
1223,0
1224,0
1225,12.6603
1226,0
1227,11.9709
1228,11.8267
1229,0
1230,12.3587
1231,12.6457
1232,12.7841
1233,12.2184
1234,12.1189
1235,11.4646
1236,12.5135
1237,0
1238,0
1239,11.8878
1240,0
1241,12.0338
1242,0
1243,11.9826
1244,11.9493
1245,0
1246,12.003
1247,0
1248,0
1249,12.7926
1250,0
1251,11.5384
1252,11.2354
1253,13.1061
1254,0
1255,0
1256,0
1257,11.8076
1258,0
1259,12.1812
1260,12.5061
1261,0
1262,0
1263,0
1264,12.3332
1265,0
1266,0
1267,11.7735
1268,0
1269,11.9186
1270,0
1271,12.1544
1272,12.0453
1273,12.2605
1274,12.1297
1275,11.9821
1276,0
1277,12.3394
1278,11.6651
1279,0
1280,12.3365
1281,0
1282,0
1283,12.3302
1284,12.0412
1285,12.452
1286,11.7125
1287,0
1288,12.3806
1289,11.7773
1290,0
1291,12.3138
1292,12.0743
1293,12.4184
1294,0
1295,0
1296,12.2789
1297,12.1308
1298,0
1299,11.807
1300,12.0867
1301,0
1302,12.4723
1303,11.6754
1304,0
1305,12.4626
1306,12.0596
1307,11.8657
1308,12.7156
1309,12.1885
1310,0
1311,11.8633
1312,0
1313,0
1314,12.0797
1315,12.2109
1316,0
1317,12.16
1318,11.5716
1319,11.9229
1320,0
1321,11.7121
1322,11.6578
1323,11.6781
1324,12.1638
1325,12.1798
1326,11.9029
1327,12.2673
1328,0
1329,0
1330,0
1331,12.2995
1332,12.0323
1333,11.9178
1334,0
1335,12.258
1336,0
1337,12.3794
1338,0
1339,12.905
1340,0
1341,12.606
1342,0
1343,11.6164
1344,0
1345,12.3454
1346,12.0607
1347,11.8975
1348,11.7009
1349,0
1350,12.1795
1351,12.8476
1352,0
1353,12.1993
1354,12.4692
1355,0
1356,0
1357,12
1358,0
1359,12.0341
1360,12.508
1361,12.1218
1362,11.7604
1363,0
1364,11.9217
1365,12.0418
1366,0
1367,12.2466
1368,0
1369,12.0831
1370,12.1087
1371,12.1095
1372,0
1373,0
1374,0
1375,12.234
1376,0
1377,0
1378,0
1379,0
1380,0
1381,12.2118
1382,11.9693
1383,0
1384,0
1385,0
1386,12.4063
1387,12.082
1388,0
1389,0
1390,12.783
1391,11.473
1392,11.7131
1393,12.5741
1394,12.0688
1395,0
1396,12.2964
1397,0
1398,0
1399,12.133
1400,12.0373
1401,11.9409
1402,0
1403,12.1859
1404,11.9992
1405,12.1844
1406,0
1407,11.8135
1408,12.2522
1409,0
1410,12.251
1411,12.4913
1412,11.5754
1413,12.4186
1414,0
1415,0
1416,12.13
1417,0
1418,0
1419,11.98
1420,12.1006
1421,0
1422,12.2982
1423,0
1424,0
1425,0
1426,11.5786
1427,12.2228
1428,12.3564
1429,0
1430,12.6396
1431,11.9392
1432,0
1433,0
1434,0
1435,12.0926
1436,12.3505
1437,0
1438,12.2774
1439,12.1252
1440,0
1441,0
1442,12.2622
1443,11.9021
1444,12.2665
1445,0
1446,12.3038
1447,12.7907
1448,11.8853
1449,0
1450,0
1451,0
1452,0
1453,12.2094
1454,0
1455,12.0597
1456,0
1457,11.8929
1458,0
1459,12.0051
1460,12.469
1461,11.9997
1462,12.1879
1463,0
1464,11.5301
1465,12.1139
1466,0
1467,0
1468,12.3109
1469,12.4289
1470,12.4028
1471,0
1472,0
1473,11.6635
1474,12.0633
1475,0
1476,12.3804
1477,11.8024
1478,0
1479,11.7397
1480,12.3981
1481,0
1482,0
1483,0
1484,12.0218
1485,0
1486,0
1487,0
1488,11.9276
1489,11.9863
1490,11.5801
1491,11.9354
1492,12.358
1493,11.703
1494,0
1495,11.888
1496,11.8189
1497,12.3018
1498,0
1499,0
1500,0
1501,11.8999
1502,0
1503,0
1504,0
1505,0
1506,0
1507,12.0925
1508,0
1509,0
1510,11.9799
1511,12.6025
1512,12.287
1513,0
1514,0
1515,11.7614
1516,0
1517,12.0429
1518,12.2347
1519,11.8609
1520,0
1521,12.0667
1522,0
1523,0
1524,11.7848
1525,11.8595
1526,11.5058
1527,0
1528,0
1529,0
1530,12.1987
1531,0
1532,0
1533,0
1534,12.0052
1535,0
1536,0
1537,0
1538,0
1539,11.9518
1540,0
1541,12.2201
1542,11.8352
1543,0
1544,12.7538
1545,0
1546,0
1547,0
1548,12.2148
1549,12.3087
1550,0
1551,11.812
1552,12.4192
1553,12.5524
1554,0
1555,0
1556,0
1557,12.336
1558,0
1559,0
1560,12.9237
1561,0
1562,0
1563,12.3034
1564,0
1565,11.7662
1566,0
1567,12.8657
1568,12.3107
1569,11.7454
1570,12.3458
1571,12.2829
1572,0
1573,11.9946
1574,0
1575,0
1576,11.7527
1577,0
1578,13.0303
1579,12.6408
1580,0
1581,12.6766
1582,11.9153
1583,0
1584,0
1585,0
1586,12.0985
1587,0
1588,0
1589,0
1590,12.2625
1591,12.207
1592,11.6198
1593,12.6572
1594,12.2203
1595,12.2863
1596,0
1597,12.7961
1598,0
1599,12.2124
1600,0
1601,12.2263
1602,0
1603,0
1604,12.8149
1605,0
1606,12.3265
1607,0
1608,11.9987
1609,0
1610,12.6131
1611,11.8311
1612,0
1613,12.2043
1614,0
1615,12.3044
1616,11.629
1617,12.4614
1618,12.3585
1619,0
1620,0
1621,12.6753
1622,12.24
1623,11.3259
1624,11.6107
1625,0
1626,0
1627,12.0814
1628,0
1629,11.7621
1630,0
1631,0
1632,12.4812
1633,0
1634,0
1635,0
1636,0
1637,0
1638,12.5143
1639,0
1640,0
1641,12.6925
1642,11.8389
1643,12.8435
1644,0
1645,12.0269
1646,0
1647,11.727
1648,0
1649,0
1650,11.7846
1651,12.0532
1652,0
1653,0
1654,0
1655,11.8234
1656,11.8326
1657,0
1658,11.8735
1659,11.8976
1660,0
1661,12.1296
1662,0
1663,12.3339
1664,0
1665,12.156
1666,12.1532
1667,11.8767
1668,0
1669,11.916
1670,0
1671,12.2939
1672,11.4803
1673,0
1674,0
1675,12.271
1676,0
1677,0
1678,0
1679,12.1953
1680,0
1681,0
1682,11.9261
1683,0
1684,12.5876
1685,0
1686,0
1687,12.1964
1688,0
1689,0
1690,12.1278
1691,12.3122
1692,12.4855
1693,0
1694,0
1695,12.2805
1696,12.0867
1697,11.8604
1698,0
1699,0
1700,0
1701,13.1482
1702,0
1703,11.7066
1704,0
1705,0
1706,0
1707,12.262
1708,11.9862
1709,12.3748
1710,0
1711,12.4006
1712,11.983
1713,12.3152
1714,0
1715,12.1446
1716,0
1717,11.8356
1718,0
1719,11.5786
1720,12.1764
1721,0
1722,12.264
1723,0
1724,0
1725,11.8114
1726,0
1727,0
1728,0
1729,12.8277
1730,0
1731,0
1732,0
1733,12.077
1734,11.8827
1735,12.1983
1736,0
1737,12.4031
1738,0
1739,13.0558
1740,11.6838
1741,12.9738
1742,0
1743,0
1744,12.6557
1745,11.7002
1746,12.4288
1747,12.0409
1748,0
1749,12.5538
1750,11.7885
1751,11.8796
1752,0
1753,0
1754,12.0149
1755,11.799
1756,0
1757,11.8969
1758,11.6557
1759,12.4563
1760,12.547
1761,0
1762,11.6226
1763,0
1764,12.2319
1765,0
1766,0
1767,0
1768,0
1769,0
1770,12.4041
1771,0
1772,0
1773,12.5676
1774,0
1775,0
1776,0
1777,0
1778,11.9007
1779,0
1780,0
1781,0
1782,12.0261
1783,12.0917
1784,0
1785,0
1786,0
1787,12.395
1788,12.2641
1789,12.4877
1790,12.2922
1791,11.7795
1792,12.7356
1793,0
1794,11.1698
1795,12.0687
1796,0
1797,0
1798,11.6631
1799,0
1800,12.2315
1801,12.291
1802,0
1803,11.5313
1804,0
1805,0
1806,0
1807,12.0896
1808,0
1809,12.2978
1810,12.1435
1811,0
1812,0
1813,0
1814,12.9199
1815,0
1816,12.3303
1817,12.4546
1818,0
1819,12.1522
1820,0
1821,12.0662
1822,12.388
1823,11.5837
1824,0
1825,0
1826,12.1918
1827,11.849
1828,12.6092
1829,0
1830,0
1831,12.2257
1832,11.2105
1833,0
1834,0
1835,12.3798
1836,12.317
1837,12.2834
1838,0
1839,11.9298
1840,0
1841,12.0326
1842,0
1843,12.1391
1844,11.9201
1845,12.0693
1846,0
1847,0
1848,0
1849,0
1850,12.0469
1851,0
1852,12.4061
1853,12.0917
1854,0
1855,0
1856,12.0293
1857,0
1858,12.4885
1859,0
1860,12.3654
1861,0
1862,12.2103
1863,0
1864,12.0065
1865,11.6922
1866,0
1867,12.3053
1868,12.1334
1869,0
1870,0
1871,0
1872,0
1873,0
1874,12.4654
1875,11.884
1876,12.327
1877,0
1878,0
1879,12.0325
1880,0
1881,0
1882,0
1883,12.2954
1884,0
1885,0
1886,12.7267
1887,11.8412
1888,12.8007
1889,0
1890,0
1891,12.093
1892,11.7991
1893,12.5288
1894,12.0606
1895,12.1013
1896,0
1897,0
1898,11.3333
1899,0
1900,0
1901,12.1495
1902,0
1903,12.4112
1904,12
1905,0
1906,12.0801
1907,0
1908,12.4158
1909,0
1910,0
1911,0
1912,12.3288
1913,12.274
1914,0
1915,0
1916,0
1917,0
1918,0
1919,12.2684
1920,0
1921,0
1922,0
1923,12.2604
1924,0
1925,12.1072
1926,12.4739
1927,11.7967
1928,0
1929,11.4518
1930,0
1931,0
1932,12.6395
1933,12.1536
1934,0
1935,0
1936,0
1937,12.1041
1938,0
1939,0
1940,0
1941,12.4192
1942,0
1943,0
1944,0
1945,11.9674
1946,12.5763
1947,12.1538
1948,0
1949,0
1950,11.7543
1951,0
1952,0
1953,11.6463
1954,0
1955,0
1956,12.2703
1957,0
1958,12.2814
1959,12.3193
1960,0
1961,11.7181
1962,0
1963,11.5877
1964,0
1965,12.0788
1966,0
1967,12.029
1968,12.1898
1969,0
1970,0
1971,0
1972,0
1973,0
1974,0
1975,0
1976,12.5072
1977,11.7106
1978,0
1979,0
1980,0
1981,0
1982,0
1983,0
1984,0
1985,11.798
1986,0
1987,12.049
1988,12.0736
1989,0
1990,12.3469
1991,0
1992,12.4326
1993,11.6973
1994,0
1995,0
1996,0
1997,12.4515
1998,0
1999,0
2000,0
2001,12.2358
2002,0
2003,12.4547
2004,12.3369
2005,12.5823
2006,12.1049
2007,12.2219
2008,11.79
2009,12.1522
2010,12.129
2011,12.0316
2012,0
2013,12.3016
2014,12.5402
2015,11.9909
2016,12.3734
2017,0
2018,11.9963
2019,12.2852
2020,11.9193
2021,11.6393
2022,0
2023,12.7351
2024,12.051
2025,11.5012
2026,12.1194
2027,12.6247
2028,11.9069
2029,12.3833
2030,11.659
2031,11.8114
2032,11.7988
2033,11.5656
2034,0
2035,11.9278
2036,11.75
2037,12.0303
2038,12.5043
2039,13.0084
2040,12.1949
2041,0
2042,12.1734
2043,11.6878
2044,12.2645
2045,11.6344
2046,11.8698
2047,11.5841
2048,12.1814
2049,12.4354
2050,12.1755
2051,12.5599
2052,12.4279
2053,13.1582
2054,12.3209
2055,12.4821
2056,11.7439
2057,12.0363
2058,11.6055
2059,11.9459
2060,12.2161
2061,11.9329
2062,11.8622
2063,12.2992
2064,12.3318
2065,11.794
2066,12.886
2067,11.6554
2068,11.7206
2069,11.7042
2070,11.827
2071,12.8319
2072,11.731
2073,12.5704
2074,12.5066
2075,11.8151
2076,11.4916
2077,12.2382
2078,12.1004
2079,12.4263
2080,12.3647
2081,12.4695
2082,11.8163
2083,13.1745
2084,12.139
2085,12.2954
2086,11.6443
2087,11.3525
2088,12.1518
2089,11.7107
2090,11.8306
2091,12.3295
2092,12.5519
2093,12.0662
2094,12.1402
2095,11.9335
2096,0
2097,11.9803
2098,12.3855
2099,11.5797
2100,12.0773
2101,12.7648
2102,12.1207
2103,12.2406
2104,12.2047
2105,11.9805
2106,12.1556
2107,11.647
2108,11.5586
2109,11.9457
2110,12.0685
2111,11.6672
2112,12.1154
2113,12.0202
2114,12.8973
2115,12.5044
2116,11.7192
2117,12.2535
2118,12.3358
2119,12.1379
2120,12.264
2121,11.9921
2122,12.402
2123,11.5629
2124,11.9643
2125,12.2674
2126,11.802
2127,11.9178
2128,12.7115
2129,12.0052
2130,11.8161
2131,12.0708
2132,12.1637
2133,11.7649
2134,12.1328
2135,11.8485
2136,11.7196
2137,11.9281
2138,11.5687
2139,11.7517
2140,12.2019
2141,12.237
2142,11.8082
2143,12.1028
2144,12.5772
2145,12.2876
2146,12.5016
2147,12.0428
2148,12.7347
2149,12.5996
2150,12.0546
2151,12.5859
2152,12.5218
2153,12.3814
2154,11.8473
2155,11.673
2156,11.6553
2157,11.5922
2158,0
2159,12.0531
2160,0
2161,0
2162,11.7768
2163,0
2164,0
2165,11.9854
2166,0
2167,12.1599
2168,0
2169,0
2170,12.0284
2171,11.5746
2172,12.6941
2173,12.1309
2174,12.063
2175,12.7162
2176,0
2177,12.325
2178,12.6563
2179,12.3293
2180,11.189
2181,12.3238
2182,12.2073
2183,11.6598
2184,0
2185,0
2186,12.2565
2187,11.7771
2188,0
2189,11.7518
2190,0
2191,11.8428
2192,12.6207
2193,0
2194,12.31
2195,12.5367
2196,11.537
2197,11.9391
2198,0
2199,0
2200,0
2201,12.192
2202,0
2203,0
2204,12.1351
2205,0
2206,0
2207,0
2208,0
2209,11.8287
2210,11.8307
2211,0
2212,0
2213,0
2214,12.4653
2215,0
2216,12.0409
2217,12.0308
2218,11.8211
2219,0
2220,11.6347
2221,12.4802
2222,0
2223,12.2985
2224,11.5657
2225,12.358
2226,0
2227,0
2228,0
2229,0
2230,12.5072
2231,0
2232,0
2233,12.2129
2234,12.4608
2235,12.4713
2236,0
2237,12.0013
2238,0
2239,0
2240,0
2241,0
2242,12.4852
2243,12.274
2244,0
2245,0
2246,0
2247,0
2248,0
2249,11.9485
2250,12.627
2251,0
2252,0
2253,12.1583
2254,11.9051
2255,0
2256,11.6671
2257,11.7598
2258,0
2259,0
2260,12.0023
2261,0
2262,11.935
2263,12.8799
2264,0
2265,0
2266,11.4306
2267,0
2268,11.9407
2269,12.1076
2270,0
2271,0
2272,12.3591
2273,11.7562
2274,0
2275,0
2276,0
2277,11.5936
2278,11.7066
2279,11.9531
2280,0
2281,12.2508
2282,12.0283
2283,11.8162
2284,0
2285,0
2286,12.1842
2287,0
2288,12.4473
2289,12.6856
2290,11.8363
2291,0
2292,12.038
2293,12.4107
2294,12.1393
2295,11.8333
2296,0
2297,11.834
2298,0
2299,0
2300,0
2301,0
2302,11.3247
2303,11.9996
2304,11.9022
2305,0
2306,0
2307,0
2308,0
2309,0
2310,0
2311,0
2312,12.3396
2313,0
2314,0
2315,0
2316,0
2317,0
2318,0
2319,0
2320,12.3476
2321,12.0064
2322,11.7491
2323,0
2324,0
2325,0
2326,12.0939
2327,13.0079
2328,0
2329,0
2330,12.103
2331,0
2332,12.1237
2333,12.4179
2334,0
2335,0
2336,0
2337,11.7498
2338,0
2339,12.4893
2340,11.9434
2341,0
2342,0
2343,0
2344,0
2345,0
2346,0
2347,12.334
2348,12.5784
2349,0
2350,0
2351,0
2352,0
2353,0
2354,11.9547
2355,11.811
2356,0
2357,12.7841
2358,0
2359,12.2483
2360,11.8039
2361,0
2362,0
2363,0
2364,12.5122
2365,11.8626
2366,0
2367,11.8057
2368,11.6554
2369,0
2370,11.8091
2371,0
2372,0
2373,11.8948
2374,0
2375,0
2376,12.2769
2377,12.1794
2378,12.5459
2379,0
2380,0
2381,12.4019
2382,12.4686
2383,0
2384,0
2385,0
2386,0
2387,0
2388,0
2389,12.4082
2390,0
2391,12.0999
2392,0
2393,0
2394,12.0035
2395,0
2396,11.6243
2397,11.6178
2398,12.4203
2399,0
2400,12.0247
2401,0
2402,0
2403,12.0558
2404,13.0814
2405,0
2406,0
2407,11.6808
2408,0
2409,11.9932
2410,0
2411,11.878
2412,0
2413,12.1493
2414,0
2415,11.98
2416,0
2417,11.5737
2418,0
2419,0
2420,0
2421,0
2422,11.5099
2423,0
2424,12.7223
2425,11.9739
2426,0
2427,0
2428,0
2429,12.1508
2430,12.1872
2431,12.0291
2432,11.8558
2433,0
2434,12.1697
2435,0
2436,0
2437,12.8415
2438,0
2439,12.0451
2440,12.5913
2441,0
2442,0
2443,11.5395
2444,11.7794
2445,0
2446,0
2447,12.3507
2448,0
2449,12.4013
2450,11.5504
2451,12.3342
2452,0
2453,12.091
2454,0
2455,12.7705
2456,0
2457,11.5236
2458,0
2459,0
2460,12.4325
2461,0
2462,0
2463,0
2464,0
2465,0
2466,0
2467,0
2468,0
2469,12.1071
2470,0
2471,0
2472,0
2473,12.5918
2474,0
2475,11.6376
2476,0
2477,12.3184
2478,0
2479,12.266
2480,12.6077
2481,12.6641
2482,0
2483,0
2484,11.9921
2485,0
2486,0
2487,0
2488,12.0371
2489,12.1213
2490,0
2491,0
2492,0
2493,0
2494,12.041
2495,0
2496,12.1075
2497,12.7542
2498,0
2499,0
2500,0
2501,12.3848
2502,0
2503,12.0368
2504,0
2505,0
2506,0
2507,11.7872
2508,12.4915
2509,12.1237
2510,12.3984
2511,11.8323
2512,11.988
2513,0
2514,11.9228
2515,12.3189
2516,0
2517,0
2518,12.6532
2519,0
2520,0
2521,11.0553
2522,0
2523,11.9756
2524,12.2076
2525,0
2526,0
2527,11.866
2528,12.2204
2529,0
2530,11.9871
2531,12.4705
2532,11.8695
2533,0
2534,0
2535,0
2536,11.563
2537,11.909
2538,0
2539,0
2540,0
2541,11.7492
2542,12.4946
2543,12.5242
2544,11.8122
2545,12.3902
2546,0
2547,0
2548,0
2549,11.8605
2550,0
2551,0
2552,0
2553,12.4508
2554,0
2555,0
2556,12.7094
2557,0
2558,0
2559,12.26
2560,0
2561,12.3052
2562,12.1159
2563,11.8051
2564,12.5829
2565,0
2566,12.1187
2567,12.103
2568,12.0268
2569,0
2570,11.3656
2571,11.689
2572,0
2573,12.6015
2574,0
2575,0
2576,11.9794
2577,12.3968
2578,0
2579,12.1454
2580,11.7321
2581,0
2582,0
2583,0
2584,12.3202
2585,0
2586,0
2587,11.9582
2588,12.4562
2589,0
2590,0
2591,12.6691
2592,11.737
2593,0
2594,12.2746
2595,0
2596,11.8281
2597,12.5602
2598,11.6693
2599,0
2600,0
2601,12.0604
2602,0
2603,0
2604,0
2605,0
2606,12.0838
2607,0
2608,11.7153
2609,11.9819
2610,0
2611,12.4639
2612,0
2613,11.8497
2614,12.5711
2615,0
2616,0
2617,12.4523
2618,12.0531
2619,0
2620,11.6152
2621,0
2622,0
2623,12.0316
2624,0
2625,12.2133
2626,0
2627,12.2226
2628,0
2629,0
2630,0
2631,12.206
2632,0
2633,0
2634,0
2635,0
2636,12.1203
2637,12.8152
2638,0
2639,11.9959
2640,11.7083
2641,11.9467
2642,0
2643,12.1768
2644,12.0478
2645,12.055
2646,12.3643
2647,12.4013
2648,11.5374
2649,0
2650,0
2651,0
2652,12.631
2653,12.4775
2654,12.0611
2655,12.0623
2656,12.2561
2657,11.6718
2658,0
2659,12.3458
2660,0
2661,12.2039
2662,12.4637
2663,0
2664,0
2665,12.5816
2666,0
2667,12.5682
2668,0
2669,0
2670,11.9126
2671,12.5549
2672,0
2673,12.2373
2674,11.9549
2675,12.2821
2676,0
2677,0
2678,12.4502
2679,0
2680,12.2679
2681,12.4055
2682,12.5734
2683,0
2684,0
2685,12.2605
2686,12.1598
2687,11.6454
2688,11.6948
2689,12.6283
2690,11.7658
2691,12.672
2692,0
2693,0
2694,12.2971
2695,0
2696,11.3773
2697,0
2698,0
2699,0
2700,12.5756
2701,0
2702,11.8769
2703,12.3042
2704,0
2705,0
2706,11.946
2707,0
2708,0
2709,12.1982
2710,0
2711,12.0921
2712,12.1087
2713,12.3237
2714,0
2715,0
2716,11.4743
2717,12.2603
2718,0
2719,11.7789
2720,11.3382
2721,0
2722,0
2723,0
2724,0
2725,12.6085
2726,12.6014
2727,11.9744
2728,11.9839
2729,0
2730,0
2731,0
2732,12.0924
2733,11.5393
2734,12.2566
2735,0
2736,12.0474
2737,0
2738,0
2739,0
2740,0
2741,12.4031
2742,12.529
2743,12.5301
2744,0
2745,11.7759
2746,0
2747,0
2748,11.928
2749,12.4908
2750,12.0453
2751,11.9981
2752,11.8724
2753,0
2754,12.3709
2755,11.284
2756,0
2757,11.507
2758,0
2759,0
2760,11.8152
2761,0
2762,0
2763,0
2764,12.1165
2765,12.5548
2766,0
2767,0
2768,0
2769,11.9137
2770,0
2771,11.5562
2772,11.7966
2773,0
2774,11.7517
2775,11.7558
2776,12.6203
2777,12.5888
2778,0
2779,0
2780,12.1971
2781,0
2782,0
2783,0
2784,11.6378
2785,0
2786,12.4564
2787,0
2788,0
2789,0
2790,12.6258
2791,0
2792,12.3411
2793,0
2794,0
2795,11.6593
2796,0
2797,0
2798,0
2799,0
2800,0
2801,12.3476
2802,11.6807
2803,12.5913
2804,0
2805,12.2128
2806,0
2807,11.6669
2808,12.6283
2809,0
2810,0
2811,11.8243
2812,0
2813,11.9349
2814,11.9383
2815,11.6739
2816,12.1053
2817,0
2818,11.853
2819,0
2820,12.1742
2821,0
2822,0
2823,11.7889
2824,0
2825,0
2826,0
2827,0
2828,12.4267
2829,12.3596
2830,0
2831,11.8405
2832,12.3285
2833,12.0036
2834,12.0737
2835,12.1043
2836,0
2837,12.013
2838,11.6192
2839,0
2840,12.0142
2841,0
2842,12.1789
2843,0
2844,0
2845,12.0322
2846,11.8928
2847,0
2848,11.9671
2849,12.1447
2850,12.5103
2851,12.0335
2852,12.292
2853,11.7942
2854,0
2855,12.2516
2856,11.951
2857,11.8039
2858,0
2859,0
2860,0
2861,11.8498
2862,0
2863,0
2864,11.9988
2865,0
2866,12.3304
2867,0
2868,11.9094
2869,12.0809
2870,0
2871,0
2872,12.1757
2873,11.92
2874,0
2875,12.1945
2876,0
2877,0
2878,12.0551
2879,0
2880,12.5383
2881,11.6302
2882,0
2883,11.983
2884,12.093
2885,12.3149
2886,0
2887,11.9788
2888,0
2889,11.9486
2890,0
2891,0
2892,12.3737
2893,0
2894,0
2895,11.3953
2896,11.7229
2897,12.2014
2898,0
2899,11.8726
2900,12.1502
2901,0
2902,0
2903,12.4154
2904,0
2905,12.7787
2906,0
2907,12.1915
2908,0
2909,11.6361
2910,11.7081
2911,11.9959
2912,0
2913,12.544
2914,0
2915,0
2916,11.9418
2917,11.7366
2918,0
2919,11.6698
2920,0
2921,0
2922,12.0442
2923,12.0348
2924,12.3419
2925,0
2926,0
2927,0
2928,12.6781
2929,0
2930,12.6272
2931,12.2882
2932,0
2933,0
2934,12.4549
2935,0
2936,11.7047
2937,12.2554
2938,0
2939,0
2940,11.4013
2941,0
2942,12.1281
2943,0
2944,0
2945,13.1068
2946,11.1223
2947,12.0375
2948,12.0164
2949,11.7961
2950,0
2951,12.615
2952,11.6357
2953,11.8243
2954,11.9545
2955,12.0222
2956,11.8626
2957,12.1264
2958,0
2959,12.2945
2960,12.0561
2961,0
2962,0
2963,11.9406
2964,0
2965,11.834
2966,11.7946
2967,0
2968,13.1628
2969,0
2970,12.4133
2971,12.0773
2972,12.1396
2973,0
2974,0
2975,12.0474
2976,0
2977,12.2875
2978,12.4152
2979,0
2980,0
2981,11.9944
2982,11.5696
2983,12.0235
2984,0
2985,0
2986,11.9058
2987,11.5584
2988,0
2989,0
2990,0
2991,12.0185
2992,12.0235
2993,0
2994,11.7706
2995,11.9877
2996,0
2997,12.1701
2998,0
2999,12.1505
3000,0
3001,12.2707
3002,0
3003,12.2193
3004,11.6847
3005,12.5363
3006,0
3007,0
3008,0
3009,12.0336
3010,12.2088
3011,12.3912
3012,12.0509
3013,0
3014,0
3015,0
3016,12.0346
3017,0
3018,12.3144
3019,11.8281
3020,12.4005
3021,12.3047
3022,0
3023,12.0519
3024,12.0456
3025,12.6978
3026,0
3027,11.9692
3028,11.6226
3029,11.7063
3030,11.8838
3031,12.5405
3032,12.4979
3033,0
3034,12.0481
3035,11.9327
3036,11.4313
3037,0
3038,0
3039,0
3040,12.1751
3041,0
3042,0
3043,0
3044,12.2448
3045,12.2493
3046,0
3047,0
3048,11.9093
3049,0
3050,12.623
3051,12.6434
3052,12.1533
3053,0
3054,12.3093
3055,0
3056,12.0945
3057,12.151
3058,12.6031
3059,0
3060,0
3061,11.6001
3062,12.6777
3063,12.128
3064,12.1913
3065,11.9552
3066,11.7108
3067,0
3068,0
3069,12.1112
3070,0
3071,12.1541
3072,0
3073,0
3074,12.5954
3075,11.8966
3076,0
3077,12.5278
3078,0
3079,0
3080,11.8011
3081,0
3082,0
3083,0
3084,12.3865
3085,0
3086,0
3087,0
3088,11.8579
3089,0
3090,0
3091,0
3092,0
3093,0
3094,11.9618
3095,11.5075
3096,0
3097,11.569
3098,0
3099,11.9789
3100,11.7968
3101,12.522
3102,12.0427
3103,0
3104,0
3105,12.0112
3106,12.4372
3107,0
3108,11.9214
3109,12.5899
3110,0
3111,11.8062
3112,11.9563
3113,11.8718
3114,0
3115,12.6711
3116,0
3117,0
3118,0
3119,12.1924
3120,0
3121,0
3122,0
3123,12.4794
3124,0
3125,0
3126,0
3127,12.5804
3128,0
3129,12.0088
3130,0
3131,12.1984
3132,12.2973
3133,0
3134,0
3135,0
3136,12.7982
3137,11.8615
3138,0
3139,0
3140,12.4366
3141,12.112
3142,0
3143,11.9638
3144,12.5068
3145,0
3146,0
3147,0
3148,0
3149,12.0873
3150,0
3151,11.6956
3152,0
3153,11.9065
3154,0
3155,0
3156,11.7582
3157,11.9253
3158,0
3159,12.247
3160,11.6627
3161,0
3162,0
3163,12.3113
3164,11.9831
3165,0
3166,12.1718
3167,0
3168,0
3169,0
3170,0
3171,11.9786
3172,12.086
3173,11.8215
3174,12.2734
3175,11.6887
3176,0
3177,0
3178,0
3179,11.7476
3180,0
3181,0
3182,0
3183,0
3184,12.2381
3185,0
3186,0
3187,12.5562
3188,11.9172
3189,0
3190,0
3191,12.5151
3192,12.3357
3193,0
3194,12.4246
3195,11.7394
3196,0
3197,12.6811
3198,12.1772
3199,0
3200,11.9162
3201,12.3599
3202,0
3203,12.0673
3204,0
3205,0
3206,0
3207,12.033
3208,12.3413
3209,12.5714
3210,12.022
3211,12.0803
3212,0
3213,12.2187
3214,12.331
3215,0
3216,0
3217,0
3218,0
3219,12.3965
3220,0
3221,0
3222,11.9196
3223,12.5861
3224,11.7829
3225,11.9094
3226,0
3227,0
3228,12.081
3229,11.8796
3230,11.7296
3231,11.7231
3232,0
3233,12.0507
3234,0
3235,12.3472
3236,0
3237,12.0082
3238,12.729
3239,0
3240,12.0147
3241,0
3242,12.3461
3243,11.471
3244,0
3245,11.8141
3246,0
3247,12.0552
3248,0
3249,0
3250,12.4393
3251,0
3252,0
3253,11.8649
3254,0
3255,0
3256,12.2775
3257,0
3258,0
3259,0
3260,0
3261,0
3262,12.0832
3263,12.1586
3264,12.0947
3265,11.456
3266,12.0042
3267,12.3552
3268,12.5908
3269,11.5689
3270,11.7432
3271,11.6538
3272,0
3273,12.3697
3274,11.8962
3275,0
3276,0
3277,12.2626
3278,0
3279,12.227
3280,0
3281,11.6486
3282,0
3283,12.035
3284,12.0618
3285,0
3286,12.0266
3287,0
3288,12.2731
3289,0
3290,11.9778
3291,0
3292,0
3293,12.1145
3294,0
3295,0
3296,0
3297,12.9868
3298,11.6627
3299,11.9453
3300,0
3301,12.1532
3302,0
3303,12.017
3304,12.4827
3305,0
3306,0
3307,12.2702
3308,11.9879
3309,0
3310,0
3311,0
3312,0
3313,11.9892
3314,12.2712
3315,0
3316,12.697
3317,12.0176
3318,0
3319,0
3320,0
3321,12.8249
3322,12.5453
3323,11.5928
3324,11.7969
3325,0
3326,0
3327,0
3328,12.1555
3329,0
3330,0
3331,0
3332,12.6907
3333,11.9825
3334,0
3335,0
3336,0
3337,0
3338,12.5873
3339,12.1499
3340,12.9433
3341,0
3342,12.3043
3343,0
3344,0
3345,0
3346,0
3347,0
3348,0
3349,0
3350,12.2102
3351,12.5858
3352,0
3353,0
3354,11.7465
3355,0
3356,12.0154
3357,11.6261
3358,12.2413
3359,0
3360,0
3361,11.7339
3362,12.0729
3363,0
3364,0
3365,12.241
3366,0
3367,12.735
3368,0
3369,12.0141
3370,0
3371,11.2728
3372,0
3373,12.1631
3374,12.1353
3375,0
3376,12.1887
3377,0
3378,0
3379,12.0929
3380,12.046
3381,0
3382,11.8435
3383,0
3384,11.6416
3385,11.97
3386,11.9889
3387,0
3388,11.2702
3389,12.6576
3390,11.9427
3391,12.3173
3392,12.7917
3393,0
3394,0
3395,12.0366
3396,0
3397,0
3398,12.5904
3399,0
3400,0
3401,0
3402,0
3403,0
3404,12.1139
3405,0
3406,0
3407,11.7617
3408,12.1445
3409,0
3410,0
3411,0
3412,0
3413,11.7046
3414,0
3415,11.4034
3416,0
3417,12.2263
3418,0
3419,12.8167
3420,0
3421,12.0667
3422,12.2326
3423,12.2711
3424,0
3425,12.7793
3426,11.8061
3427,0
3428,0
3429,0
3430,11.874
3431,11.7673
3432,0
3433,0
3434,12.1102
3435,0
3436,0
3437,12.2793
3438,0
3439,0
3440,11.259
3441,12.5493
3442,12.8011
3443,0
3444,0
3445,11.9178
3446,0
3447,0
3448,0
3449,0
3450,0
3451,11.6484
3452,0
3453,12.4058
3454,0
3455,12.4216
3456,11.938
3457,11.9037
3458,0
3459,0
3460,12.1982
3461,0
3462,0
3463,0
3464,12.707
3465,12.0137
3466,12.5787
3467,0
3468,0
3469,12.2553
3470,11.9881
3471,0
3472,11.9132
3473,12.2535
3474,12.2441
3475,12.1316
3476,12.0004
3477,11.2978
3478,12.8263
3479,0
3480,12.5056
3481,11.7966
3482,0
3483,0
3484,11.933
3485,0
3486,11.6463
3487,0
3488,0
3489,0
3490,12.2481
3491,12.3372
3492,0
3493,0
3494,0
3495,12.8023
3496,12.1316
3497,12.1177
3498,0
3499,0
3500,11.891
3501,0
3502,0
3503,12.7191
3504,0
3505,12.0374
3506,0
3507,11.8747
3508,0
3509,0
3510,11.8558
3511,12.0717
3512,0
3513,11.9966
3514,0
3515,12.2939
3516,0
3517,12.0335
3518,0
3519,12.1963
3520,12.2971
3521,0
3522,12.4654
3523,0
3524,0
3525,12.1642
3526,11.8036
3527,0
3528,12.1074
3529,12.7577
3530,0
3531,0
3532,11.8384
3533,0
3534,11.5115
3535,0
3536,12.3242
3537,11.8816
3538,0
3539,0
3540,0
3541,12.847
3542,0
3543,12.4789
3544,11.8778
3545,12.4263
3546,12.4004
3547,12.6121
3548,0
3549,12.2245
3550,11.7888
3551,0
3552,0
3553,11.8747
3554,12.176
3555,0
3556,12.4489
3557,12.1221
3558,0
3559,0
3560,12.4516
3561,0
3562,0
3563,0
3564,12.6474
3565,0
3566,0
3567,0
3568,0
3569,0
3570,12.4457
3571,11.7472
3572,0
3573,12.5375
3574,0
3575,0
3576,12.5722
3577,0
3578,0
3579,0
3580,11.6701
3581,0
3582,12.6354
3583,0
3584,0
3585,0
3586,0
3587,11.637
3588,12.707
3589,0
3590,11.9657
3591,0
3592,0
3593,0
3594,0
3595,0
3596,0
3597,0
3598,0
3599,0
3600,0
3601,11.6893
3602,11.7294
3603,0
3604,11.8163
3605,0
3606,0
3607,12.3443
3608,0
3609,0
3610,11.7468
3611,0
3612,0
3613,0
3614,12.1491
3615,12.2793
3616,0
3617,12.637
3618,12.4052
3619,0
3620,12.0541
3621,0
3622,0
3623,0
3624,0
3625,11.5394
3626,11.3883
3627,0
3628,0
3629,0
3630,12.7881
3631,0
3632,0
3633,0
3634,0
3635,0
3636,0
3637,0
3638,0
3639,0
3640,0
3641,0
3642,0
3643,0
3644,11.9854
3645,0
3646,12.0911
3647,12.3294
3648,12.5055
3649,0
3650,12.4282
3651,0
3652,12.2436
3653,12.6845
3654,11.9388
3655,11.8986
3656,12.31
3657,0
3658,0
3659,12.4206
3660,12.1041
3661,0
3662,0
3663,0
3664,0
3665,0
3666,0
3667,11.8065
3668,11.6768
3669,0
3670,0
3671,0
3672,0
3673,12.2453
3674,11.5781
3675,0
3676,0
3677,12.3652
3678,12.0461
3679,11.8529
3680,0
3681,0
3682,0
3683,0
3684,0
3685,12.8677
3686,0
3687,0
3688,12.2038
3689,0
3690,0
3691,0
3692,11.7244
3693,0
3694,0
3695,0
3696,0
3697,0
3698,0
3699,12.4451
3700,0
3701,0
3702,0
3703,0
3704,0
3705,0
3706,11.6393
3707,0
3708,0
3709,12.513
3710,0
3711,12.0286
3712,12.4346
3713,12.1729
3714,0
3715,0
3716,0
3717,12.5301
3718,12.8479
3719,0
3720,0
3721,0
3722,11.8201
3723,0
3724,0
3725,0
3726,0
3727,11.9616
3728,12.39
3729,12.2636
3730,12.4363
3731,0
3732,0
3733,11.7656
3734,0
3735,0
3736,0
3737,0
3738,0
3739,12.4436
3740,0
3741,0
3742,0
3743,0
3744,0
3745,0
3746,12.9375
3747,12.3139
3748,11.8278
3749,0
3750,0
3751,0
3752,0
3753,0
3754,0
3755,0
3756,12.3879
3757,0
3758,0
3759,0
3760,0
3761,12.0177
3762,11.719
3763,11.7567
3764,0
3765,0
3766,12.072
3767,0
3768,0
3769,12.376
3770,11.4354
3771,0
3772,0
3773,12.5622
3774,0
3775,12.4119
3776,12.2676
3777,0
3778,0
3779,0
3780,0
3781,11.5166
3782,12.2027
3783,0
3784,11.3944
3785,12.0456
3786,12.4919
3787,12.1304
3788,13.2047
3789,0
3790,0
3791,0
3792,0
3793,0
3794,12.2892
3795,0
3796,12.1319
3797,0
3798,0
3799,0
3800,12.3992
3801,0
3802,12.1802
3803,0
3804,0
3805,12.3994
3806,0
3807,0
3808,0
3809,0
3810,0
3811,0
3812,12.2593
3813,0
3814,11.8444
3815,11.9642
3816,0
3817,11.6161
3818,0
3819,0
3820,0
3821,12.6988
3822,0
3823,0
3824,12.3182
3825,0
3826,0
3827,0
3828,0
3829,12.3904
3830,11.9125
3831,0
3832,0
3833,0
3834,12.0125
3835,11.9484
3836,11.7201
3837,0
3838,0
3839,12.3062
3840,0
3841,0
3842,0
3843,11.8611
3844,11.8192
3845,0
3846,12.1855
3847,0
3848,0
3849,0
3850,12.1546
3851,12.0902
3852,0
3853,0
3854,12.1596
3855,0
3856,0
3857,11.9332
3858,0
3859,0
3860,12.2025
3861,0
3862,0
3863,11.8505
3864,12.458
3865,0
3866,0
3867,0
3868,0
3869,13.0072
3870,12.117
3871,12.1423
3872,0
3873,12.3375
3874,11.7064
3875,0
3876,11.7303
3877,12.5453
3878,0
3879,0
3880,11.8951
3881,12.0947
3882,0
3883,11.7906
3884,0
3885,12.3909
3886,11.8918
3887,12.5082
3888,12.0841
3889,0
3890,11.8848
3891,0
3892,0
3893,11.9921
3894,11.954
3895,11.5791
3896,0
3897,0
3898,11.827
3899,0
3900,11.958
3901,11.6426
3902,11.6906
3903,12.4846
3904,11.6765
3905,0
3906,0
3907,0
3908,0
3909,0
3910,0
3911,0
3912,12.7585
3913,0
3914,0
3915,12.5283
3916,11.6056
3917,0
3918,11.8245
3919,0
3920,12.159
3921,0
3922,0
3923,0
3924,0
3925,0
3926,0
3927,0
3928,11.9466
3929,0
3930,12.4729
3931,12.2823
3932,0
3933,11.2799
3934,12.41
3935,0
3936,0
3937,0
3938,0
3939,0
3940,12.4607
3941,12.167
3942,11.557
3943,0
3944,0
3945,0
3946,0
3947,12.0712
3948,0
3949,0
3950,0
3951,0
3952,0
3953,0
3954,0
3955,0
3956,0
3957,12.2728
3958,12.1026
3959,12.663
3960,11.8809
3961,11.948
3962,11.7789
3963,0
3964,0
3965,0
3966,12.7188
3967,12.0641
3968,0
3969,0
3970,0
3971,12.1888
3972,0
3973,12.3462
3974,0
3975,0
3976,0
3977,0
3978,0
3979,0
3980,0
3981,0
3982,0
3983,0
3984,0
3985,0
3986,0
3987,12.4531
3988,0
3989,0
3990,0
3991,0
3992,12.0513
3993,11.7707
3994,0
3995,0
3996,0
3997,0
3998,11.9312
3999,0
4000,12.5042
4001,3.09951
4002,12.3185
4003,2.28146
4004,12.7659
4005,2.83919
4006,2.51784
4007,12.5123
4008,2.5776
4009,12.0147
4010,2.94428
4011,12.1064
4012,12.1654
4013,12.0307
4014,2.18118
4015,12.0056
4016,2.30806
4017,12.6233
4018,2.50966
4019,2.29961
4020,2.18855
4021,12.565
4022,2.63235
4023,2.45337
4024,12.6764
4025,2.5516
4026,12.7628
4027,2.12471
4028,2.44356
4029,2.66597
4030,2.77562
4031,12.1959
4032,2.28166
4033,12.1867
4034,2.51639
4035,2.63387
4036,11.9452
4037,2.17823
4038,2.42365
4039,2.84251
4040,11.895
4041,12.2281
4042,12.7946
4043,12.2065
4044,2.71872
4045,2.26952
4046,2.5056
4047,12.6863
4048,2.81164
4049,2.30055
4050,2.4007
4051,13.0704
4052,12.162
4053,12.1499
4054,2.25292
4055,12.1838
4056,12.5452
4057,12.0502
4058,12.6305
4059,12.2636
4060,2.82457
4061,12.1778
4062,11.7499
4063,3.27271
4064,2.37747
4065,2.64915
4066,2.51019
4067,2.24268
4068,12.5516
4069,2.45438
4070,2.89588
4071,2.92438
4072,2.44379
4073,2.47923
4074,2.22396
4075,2.38043
4076,12.1089
4077,11.7803
4078,10.8919
4079,11.5163
4080,2.58051
4081,11.8687
4082,2.09519
4083,12.2682
4084,2.54274
4085,11.976
4086,12.3201
4087,12.1239
4088,2.39381
4089,2.69293
4090,11.6068
4091,2.23886
4092,2.50201
4093,2.93415
4094,12.0849
4095,3.05388
4096,2.68754
4097,12.1308
4098,2.84099
4099,3.0568
4100,2.92086
4101,2.99609
4102,2.45756
4103,2.19378
4104,11.532
4105,12.3819
4106,2.75861
4107,11.9138
4108,2.45521
4109,12.3479
4110,3.11194
4111,12.1308
4112,12.0286
4113,2.50515
4114,2.45936
4115,12.3253
4116,12.1596
4117,11.6931
4118,12.155
4119,11.9039
4120,12.4634
4121,12.2585
4122,12.3065
4123,12.1799
4124,12.1356
4125,11.9728
4126,12.3984
4127,12.1088
4128,12.763
4129,11.9185
4130,11.6678
4131,12.4343
4132,11.8728
4133,11.5064
4134,11.6168
4135,12.0135
4136,12.8295
4137,12.0821
4138,12.635
4139,12.5078
4140,12.1189
4141,11.5076
4142,12.4182
4143,11.7266
4144,12.1195
4145,12.1573
4146,11.4333
4147,12.2275
4148,12.2657
4149,11.3718
4150,11.6411
4151,11.9399
4152,11.9974
4153,12.1183
4154,12.0447
4155,11.7469
4156,12.3264
4157,12.0861
4158,11.8116
4159,12.0191
4160,12.1614
4161,11.9138
4162,12.0259
4163,12.263
4164,11.7264
4165,12.5002
4166,12.087
4167,12.1117
4168,11.8508
4169,12.0985
4170,12.2865
4171,11.8714
4172,12.3511
4173,12.368
4174,12.3402
4175,11.9754
4176,11.9458
4177,12.2852
4178,11.9171
4179,11.7957
4180,12.269
4181,12.4255
4182,12.4704
4183,12.3664
4184,12.1777
4185,12.0861
4186,12.5836
4187,11.863
4188,11.961
4189,12.3459
4190,12.7127
4191,12.5523
4192,11.8579
4193,12.2396
4194,11.9354
4195,12.3836
4196,12.1334
4197,12.4141
4198,12.0512
4199,12.3974
4200,11.9725
4201,12.0403
4202,12.1613
4203,12.1719
4204,12.1467
4205,12.0948
4206,12.0324
4207,11.9093
4208,12.4374
4209,11.7653
4210,12.1869
4211,12.3237
4212,11.666
4213,12.4346
4214,12.5017
4215,12.3271
4216,12.0522
4217,12.0368
4218,11.9265
4219,12.0321
4220,11.9464
4221,12.6503
4222,11.6551
4223,12.3697
4224,11.6205
4225,12.1151
4226,12.4217
4227,12.0331
4228,12.276
4229,11.8011
4230,12.1863
4231,12.5144
4232,12.2163
4233,11.6388
4234,12.4959
4235,11.3651
4236,11.9994
4237,11.9931
4238,11.96
4239,12.4987
4240,11.9268
4241,11.8494
4242,12.447
4243,12.3468
4244,11.8864
4245,12.0683
4246,12.0826
4247,12.5738
4248,11.5807
4249,11.8271
4250,12.317
4251,12.2485
4252,11.9927
4253,12.6854
4254,12.1406
4255,11.9996
4256,11.918
4257,12.0467
4258,12.077
4259,12.0462
4260,12.4271
4261,11.6116
4262,11.9873
4263,12.0837
4264,12.037
4265,12.512
4266,12.0646
4267,12.3585
4268,12.3805
4269,12.5552
4270,12.4395
4271,12.009
4272,12.1123
4273,11.7717
4274,12.4747
4275,12.7291
4276,12.1048
4277,11.6542
4278,11.9857
4279,12.3226
4280,11.8757
4281,12.1274
4282,12.2254
4283,12.9531
4284,12.4133
4285,12.6756
4286,12.0973
4287,12.1043
4288,11.5018
4289,11.6813
4290,11.2669
4291,12.7807
4292,11.8612
4293,11.7342
4294,12.4905
4295,11.9252
4296,11.6014
4297,12.4232
4298,12.0892
4299,12.0959
4300,12.0154
4301,11.4272
4302,12.0969
4303,11.9417
4304,11.7026
4305,12.0209
4306,12.45
4307,12.0899
4308,12.3175
4309,11.9065
4310,12.5586
4311,12.1036
4312,12.3653
4313,12.1086
4314,12.0068
4315,12.8929
4316,12.2553
4317,11.7398
4318,11.8206
4319,12.3719
4320,12.0802
4321,12.3347
4322,12.2372
4323,12.2052
4324,12.5853
4325,11.7171
4326,12.7519
4327,12.3375
4328,12.1638
4329,11.9777
4330,11.8028
4331,11.4986
4332,12.7492
4333,11.6268
4334,12.6871
4335,12.262
4336,12.4607
4337,12.3494
4338,11.7888
4339,11.9325
4340,11.6673
4341,12.1336
4342,11.7169
4343,11.605
4344,12.0684
4345,11.3372
4346,11.8874
4347,12.4487
4348,12.3159
4349,11.6759
4350,12.0762
4351,11.9397
4352,12.5711
4353,12.1332
4354,11.2898
4355,12.1213
4356,12.2262
4357,12.2696
4358,12.025
4359,12.45
4360,12.4566
4361,12.9587
4362,12.2279
4363,11.6687
4364,12.3884
4365,11.9145
4366,11.9197
4367,11.8743
4368,12.0115
4369,11.9837
4370,11.9347
4371,11.8779
4372,12.4265
4373,12.5481
4374,11.7301
4375,11.7952
4376,12.2406
4377,11.618
4378,12.1359
4379,12.05
4380,12.3456
4381,11.462
4382,12.1062
4383,12.53
4384,11.2488
4385,12.2345
4386,11.6966
4387,12.3872
4388,12.4685
4389,12.4563
4390,12.702
4391,11.0489
4392,12.4229
4393,12.5519
4394,11.9781
4395,12.441
4396,11.8742
4397,11.9711
4398,12.3662
4399,12.4246
4400,12.2485
4401,12.1825
4402,12.569
4403,12.2576
4404,11.892
4405,12.0064
4406,11.9848
4407,12.3804
4408,11.8622
4409,12.111
4410,12.6108
4411,12.2401
4412,11.6534
4413,12.48
4414,11.9127
4415,12.5328
4416,12.2681
4417,12.1749
4418,11.7092
4419,11.9466
4420,12.151
4421,11.7412
4422,11.7612
4423,12.5234
4424,12.0637
4425,12.4212
4426,12.3815
4427,11.659
4428,12.4701
4429,12.1383
4430,12.722
4431,12.5841
4432,11.7183
4433,11.6631
4434,12.3277
4435,12.5328
4436,12.1492
4437,12.1419
4438,12.6716
4439,12.5828
4440,12.2664
4441,12.2923
4442,12.3258
4443,12.1635
4444,12.2296
4445,12.2274
4446,11.8021
4447,11.414
4448,12.3478
4449,12.3658
4450,12.4368
4451,12.4623
4452,12.1746
4453,11.9095
4454,12.5125
4455,12.4599
4456,11.9321
4457,12.1547
4458,12.272
4459,12.1059
4460,11.7534
4461,12.3105
4462,12.0304
4463,12.7241
4464,12.3178
4465,11.7038
4466,12.3859
4467,12.2768
4468,11.8929
4469,11.1324
4470,12.2897
4471,12.3292
4472,12.1488
4473,11.9162
4474,12.6937
4475,12.3751
4476,11.9173
4477,11.8306
4478,11.6827
4479,11.5631
4480,12.5919
4481,11.741
4482,11.8655
4483,12.0314
4484,12.2452
4485,11.851
4486,12.8521
4487,12.1108
4488,11.4905
4489,12.1543
4490,11.6351
4491,12.7181
4492,12.5978
4493,12.3403
4494,11.8763
4495,11.343
4496,12.3483
4497,12.0379
4498,12.7163
4499,12.2855
4500,11.9772
4501,12.3118
4502,12.3955
4503,12.4103
4504,11.9891
4505,12.1426
4506,11.8538
4507,12.2349
4508,12.2611
4509,12.2834
4510,11.9881
4511,11.8963
4512,12.3858
4513,12.2137
4514,12.1703
4515,12.3676
4516,12.4651
4517,12.1639
4518,11.7337
4519,12.1701
4520,11.8986
4521,11.9845
4522,12.0753
4523,12.263
4524,12.2794
4525,11.831
4526,12.4247
4527,12.3707
4528,12.2118
4529,12.8372
4530,11.9112
4531,12.6353
4532,12.3565
4533,12.4489
4534,12.2459
4535,12.2433
4536,12.021
4537,11.8036
4538,11.433
4539,12.0794
4540,11.5628
4541,11.9186
4542,12.1641
4543,12.6372
4544,11.5398
4545,12.4844
4546,12.5393
4547,12.2318
4548,11.9922
4549,12.6408
4550,12.8148
4551,11.7413
4552,12.1943
4553,12.1942
4554,12.3224
4555,11.7588
4556,12.0178
4557,12.2651
4558,11.477
4559,12.6835
4560,12.2087
4561,12.8142
4562,12.6203
4563,11.7952
4564,12.3071
4565,11.9282
4566,12.4811
4567,12.3478
4568,11.6969
4569,12.0618
4570,12.3913
4571,12.3176
4572,12.2667
4573,11.5548
4574,11.2682
4575,12.4788
4576,11.5548
4577,11.4475
4578,12.1418
4579,12.2191
4580,11.2758
4581,11.8942
4582,12.0576
4583,11.8516
4584,12.2617
4585,11.7912
4586,12.4871
4587,12.5845
4588,12.239
4589,11.9383
4590,12.0281
4591,12.5258
4592,12.3431
4593,12.3355
4594,12.14
4595,12.4259
4596,12.5324
4597,12.0333
4598,12.1714
4599,12.3249
4600,12.5043
4601,11.7411
4602,12.4795
4603,12.4808
4604,13.2426
4605,12.3413
4606,12.2851
4607,12.3966
4608,11.9499
4609,12.1954
4610,12.3378
4611,12.002
4612,12.4343
4613,12.3394
4614,12.2139
4615,12.4211
4616,11.5976
4617,11.7326
4618,11.6344
4619,12.4875
4620,12.2021
4621,12.0138
4622,11.5502
4623,11.7441
4624,12.5083
4625,12.3069
4626,11.9665
4627,12.0828
4628,11.8433
4629,11.8486
4630,12.2659
4631,12.099
4632,11.8519
4633,12.38
4634,11.3005
4635,12.1621
4636,11.4347
4637,12.0755
4638,12.287
4639,11.4628
4640,12.1907
4641,11.5644
4642,12.1901
4643,11.7164
4644,12.1362
4645,11.6445
4646,11.9682
4647,12.3396
4648,12.4414
4649,12.2155
4650,12.2438
4651,11.817
4652,12.7575
4653,11.6041
4654,12.0861
4655,12.0856
4656,12.2642
4657,12.6244
4658,11.7807
4659,12.5809
4660,12.7669
4661,12.4472
4662,12.4393
4663,12.0718
4664,11.8529
4665,12.4834
4666,11.2351
4667,12.0875
4668,12.3694
4669,11.914
4670,12.0848
4671,11.4795
4672,12.8121
4673,11.8268
4674,12.2174
4675,12.1789
4676,12.1394
4677,12.202
4678,12.5978
4679,12.3121
4680,11.6931
4681,11.6768
4682,11.7311
4683,11.4291
4684,11.9923
4685,12.1174
4686,12.0464
4687,11.9135
4688,12.0848
4689,12.1564
4690,11.9264
4691,12.1433
4692,12.408
4693,11.7386
4694,12.8288
4695,12.2056
4696,12.4471
4697,12.1897
4698,12.2374
4699,12.746
4700,11.4782
4701,12.6257
4702,12.1395
4703,11.8005
4704,12.2614
4705,12.3659
4706,12.1406
4707,12.4411
4708,12.5982
4709,12.228
4710,12.7015
4711,12.5966
4712,12.3564
4713,12.0725
4714,12.2317
4715,12.3799
4716,12.0832
4717,11.8878
4718,12.0865
4719,12.289
4720,11.9229
4721,12.5617
4722,12.7574
4723,12.017
4724,12.352
4725,11.8005
4726,11.769
4727,12.0508
4728,12.2879
4729,11.841
4730,11.7816
4731,12.2711
4732,12.4501
4733,12.2978
4734,11.3167
4735,12.1398
4736,11.8867
4737,11.0863
4738,11.4277
4739,12.1685
4740,11.9092
4741,12.2258
4742,11.8388
4743,12.3503
4744,12.1891
4745,11.9683
4746,12.2215
4747,12.3155
4748,11.8794
4749,12.4172
4750,12.9262
4751,12.2614
4752,12.2567
4753,11.801
4754,12.112
4755,12.0781
4756,11.9895
4757,12.2372
4758,12.3644
4759,12.4016
4760,11.6324
4761,12.3819
4762,12.4869
4763,12.1233
4764,11.9404
4765,12.5358
4766,12.3967
4767,12.4305
4768,12.0523
4769,11.2286
4770,12.2019
4771,12.9419
4772,12.0143
4773,12.1353
4774,12.4031
4775,11.9775
4776,12.0294
4777,11.9995
4778,11.8229
4779,12.041
4780,12.7306
4781,12.5294
4782,12.2996
4783,12.8398
4784,11.7986
4785,12.3133
4786,11.7659
4787,12.1704
4788,12.3603
4789,11.5158
4790,12.336
4791,11.9998
4792,12.5343
4793,12.1259
4794,12.3669
4795,12.1121
4796,12.5582
4797,11.8719
4798,12.7773
4799,11.4493
4800,11.5733
4801,12.0361
4802,11.9606
4803,12.3171
4804,12.0905
4805,12.1533
4806,12.5282
4807,12.1814
4808,11.8336
4809,11.59
4810,11.9542
4811,11.7388
4812,12.0683
4813,11.8467
4814,12.2596
4815,12.1885
4816,11.9626
4817,12.1076
4818,12.3876
4819,12.0669
4820,11.5098
4821,11.8432
4822,11.891
4823,11.5296
4824,11.6552
4825,12.1303
4826,11.4355
4827,11.9597
4828,12.0807
4829,11.8161
4830,12.0823
4831,11.5971
4832,12.3949
4833,12.1962
4834,12.2189
4835,11.6438
4836,11.4875
4837,12.0516
4838,12.0608
4839,12.4677
4840,12.4118
4841,11.7139
4842,12.1612
4843,11.3764
4844,11.2262
4845,12.1277
4846,12.0849
4847,12.2667
4848,12.748
4849,12.1416
4850,12.5784
4851,11.9077
4852,11.8817
4853,11.7222
4854,12.2675
4855,11.9586
4856,12.4563
4857,12.4788
4858,12.2569
4859,12.1012
4860,11.9781
4861,12.3361
4862,12.2822
4863,11.7328
4864,12.1783
4865,11.9956
4866,11.6962
4867,11.8769
4868,11.7589
4869,11.9998
4870,11.9579
4871,12.621
4872,13.298
4873,12.2191
4874,12.3023
4875,11.9383
4876,12.401
4877,11.982
4878,11.6745
4879,12.5201
4880,11.8536
4881,12.234
4882,11.8535
4883,12.7344
4884,12.5416
4885,11.8062
4886,12.2806
4887,12.0073
4888,11.9835
4889,12.0062
4890,11.4722
4891,11.7391
4892,12.6377
4893,12.2031
4894,11.9074
4895,12.8694
4896,12.5448
4897,11.6651
4898,12.2724
4899,11.2491
4900,11.8549
4901,11.6579
4902,11.4951
4903,11.6043
4904,12.1617
4905,12.2212
4906,11.4567
4907,12.2354
4908,12.9311
4909,11.9673
4910,12.3616
4911,11.4892
4912,12.0414
4913,11.5112
4914,12.3017
4915,12.4431
4916,12.866
4917,11.7751
4918,12.6414
4919,12.6358
4920,12.7277
4921,12.2495
4922,11.975
4923,12.5814
4924,11.9678
4925,12.2288
4926,12.7062
4927,12.55
4928,13.0011
4929,12.5231
4930,11.9819
4931,11.6879
4932,12.7093
4933,12.3105
4934,11.9678
4935,12.35
4936,12.1732
4937,11.6416
4938,12.0856
4939,12.2069
4940,12.1054
4941,12.0235
4942,12.2747
4943,13.0421
4944,12.1697
4945,11.4221
4946,11.9832
4947,11.9315
4948,11.8918
4949,12.3424
4950,12.2417
4951,12.6821
4952,12.1817
4953,11.8863
4954,12.4423
4955,12.4903
4956,12.5541
4957,12.1053
4958,11.9069
4959,11.9811
4960,12.1643
4961,11.9357
4962,11.6689
4963,11.4045
4964,12.724
4965,12.556
4966,11.9231
4967,12.1834
4968,12.0361
4969,12.038
4970,12.0466
4971,12.4853
4972,12.709
4973,11.7665
4974,12.5429
4975,12.2989
4976,12.286
4977,12.134
4978,12.0523
4979,12.5899
4980,12.4424
4981,12.3394
4982,11.9962
4983,11.9228
4984,12.0822
4985,12.3912
4986,11.9339
4987,11.9634
4988,12.3005
4989,12.3389
4990,11.9391
4991,11.3842
4992,11.8191
4993,12.3639
4994,11.9819
4995,12.1759
4996,12.1676
4997,11.9656
4998,11.4992
4999,11.6268
5000,12.0442
5001,12.2542
5002,11.3893
5003,12.3602
5004,12.7897
5005,11.9968
5006,11.9735
5007,11.6814
5008,12.1243
5009,12.1837
5010,12.0245
5011,11.8116
5012,12.4156
5013,11.9512
5014,12.0781
5015,12.4112
5016,11.5982
5017,12.3967
5018,11.578
5019,12.3646
5020,12.466
5021,12.2807
5022,12.3992
5023,11.9383
5024,12.1802
5025,12.3346
5026,12.1697
5027,11.9503
5028,12.4396
5029,12.7384
5030,12.4543
5031,12.2826
5032,11.9638
5033,12.819
5034,12.5132
5035,12.1792
5036,12.0628
5037,12.0297
5038,12.1167
5039,12.0527
5040,12.4362
5041,12.4362
5042,12.3747
5043,12.0938
5044,11.8521
5045,12.758
5046,12.0528
5047,12.0359
5048,12.0963
5049,12.439
5050,12.9789
5051,11.9396
5052,12.5709
5053,12.0112
5054,11.9425
5055,12.0645
5056,12.1552
5057,12.1169
5058,12.4294
5059,12.586
5060,12.1053
5061,12.2308
5062,12.4404
5063,11.5246
5064,12.3503
5065,12.6704
5066,12.282
5067,12.1117
5068,11.4526
5069,11.8958
5070,12.2963
5071,12.5497
5072,12.5865
5073,12.7396
5074,12.0125
5075,12.2303
5076,11.7119
5077,11.3981
5078,12.1365
5079,12.4102
5080,12.1134
5081,12.4356
5082,12.3405
5083,12.1754
5084,12.0441
5085,12.2503
5086,12.1702
5087,12.4137
5088,13.1113
5089,12.6217
5090,11.5272
5091,12.1285
5092,12.1892
5093,12.4204
5094,12.2893
5095,11.6059
5096,12.5913
5097,12.1586
5098,12.1827
5099,12.432
5100,12.1955
5101,12.2108
5102,12.2681
5103,11.7122
5104,11.742
5105,12.0842
5106,12.3701
5107,11.7209
5108,12.5199
5109,12.4509
5110,12.1927
5111,12.6844
5112,12.3936
5113,11.9344
5114,11.7831
5115,11.7072
5116,11.8486
5117,11.1681
5118,12.2754
5119,11.9012
5120,12.1678
5121,12.476
5122,11.6684
5123,12.2359
5124,12.4478
5125,11.8833
5126,12.0755
5127,12.2743
5128,12.5833
5129,12.0298
5130,11.9921
5131,12.1949
5132,11.6135
5133,12.1087
5134,13.0174
5135,12.0792
5136,11.8613
5137,11.0267
5138,12.4268
5139,12.1469
5140,11.7993
5141,12.3125
5142,12.4826
5143,12.1962
5144,12.2683
5145,12.129
5146,12.5668
5147,12.3438
5148,11.992
5149,12.3818
5150,12.086
5151,12.257
5152,12.8381
5153,12.3476
5154,11.9885
5155,12.1712
5156,12.8129
5157,11.939
5158,12.0048
5159,12.49
5160,12.0018
5161,12.1693
5162,12.1422
5163,12.2124
5164,11.6951
5165,11.9817
5166,12.1485
5167,11.7116
5168,12.2205
5169,12.5168
5170,12.7955
5171,12.4152
5172,12.2608
5173,11.4323
5174,11.909
5175,11.9699
5176,12.4496
5177,12.6551
5178,12.4972
5179,12.1223
5180,12.5536
5181,12.4054
5182,11.3993
5183,12.1138
5184,11.8999
5185,11.8914
5186,12.6701
5187,11.5517
5188,12.1338
5189,12.2156
5190,12.2226
5191,12.2211
5192,11.6649
5193,12.0964
5194,12.4934
5195,12.4282
5196,12.0591
5197,11.7537
5198,11.9413
5199,11.787
5200,12.4077
5201,12.3626
5202,11.8868
5203,12.0281
5204,12.8512
5205,12.2429
5206,12.1859
5207,12.0064
5208,12.2269
5209,12.2409
5210,12.2819
5211,12.3231
5212,11.9082
5213,11.6865
5214,12.4413
5215,11.8907
5216,12.4025
5217,12.3401
5218,11.8772
5219,11.8248
5220,12.0335
5221,12.6235
5222,12.1428
5223,12.1824
5224,12.1569
5225,12.6603
5226,12.697
5227,12.0301
5228,12.39
5229,11.9231
5230,12.4874
5231,12.6457
5232,12.3841
5233,12.2184
5234,11.6758
5235,11.4646
5236,12.3123
5237,12.195
5238,12.2048
5239,11.8878
5240,11.7688
5241,12.0338
5242,12.1714
5243,11.9826
5244,11.9493
5245,12.133
5246,12.003
5247,12.569
5248,11.3474
5249,12.7926
5250,12.8811
5251,11.5384
5252,12.1281
5253,11.7068
5254,12.9618
5255,12.455
5256,12.4469
5257,11.8076
5258,12.2386
5259,12.058
5260,12.5274
5261,12.1853
5262,12.6353
5263,12.3671
5264,12.3332
5265,13.0105
5266,12.292
5267,11.559
5268,11.2389
5269,11.9186
5270,12.6119
5271,11.9114
5272,12.4332
5273,11.7895
5274,11.9347
5275,11.9821
5276,12.4504
5277,12.2681
5278,11.6651
5279,12.4625
5280,12.3365
5281,12.0867
5282,12.2972
5283,12.2576
5284,12.2777
5285,12.452
5286,12.431
5287,11.8612
5288,12.3806
5289,11.7773
5290,11.843
5291,12.4629
5292,12.3233
5293,12.4184
5294,12.7817
5295,11.8528
5296,11.9974
5297,11.8976
5298,11.595
5299,11.807
5300,11.9013
5301,11.7594
5302,12.4723
5303,11.6754
5304,11.8398
5305,12.4626
5306,11.9506
5307,12.643
5308,12.7315
5309,12.499
5310,11.3568
5311,11.8633
5312,12.5595
5313,12.5696
5314,12.0797
5315,12.2371
5316,11.8672
5317,12.16
5318,11.5716
5319,11.9229
5320,12.1676
5321,11.6128
5322,11.8112
5323,11.8937
5324,12.1638
5325,12.1798
5326,12.0421
5327,12.2627
5328,12.8843
5329,11.8654
5330,12.0249
5331,12.2437
5332,12.7236
5333,11.9178
5334,12.1004
5335,12.258
5336,12.3311
5337,12.0468
5338,11.9023
5339,12.905
5340,12.6328
5341,11.6713
5342,12.3688
5343,11.9001
5344,11.9721
5345,12.3454
5346,12.5142
5347,11.8975
5348,11.7009
5349,11.9058
5350,12.1795
5351,12.8476
5352,12.1236
5353,11.903
5354,12.3092
5355,12.6301
5356,12.371
5357,12
5358,13.3065
5359,12.0341
5360,12.508
5361,12.1218
5362,11.7604
5363,11.4498
5364,11.9217
5365,12.0418
5366,12.7447
5367,12.1689
5368,12.1749
5369,12.0831
5370,12.1087
5371,12.0103
5372,12.5698
5373,12.4865
5374,11.9828
5375,12.234
5376,12.4245
5377,12.4544
5378,12.1446
5379,12.6015
5380,12.368
5381,12.2118
5382,12.177
5383,11.9661
5384,13.0245
5385,12.2063
5386,12.4063
5387,12.326
5388,11.8133
5389,11.888
5390,12.1885
5391,11.473
5392,11.9549
5393,12.5741
5394,12.0688
5395,12.9536
5396,12.2964
5397,12.0423
5398,11.6641
5399,12.133
5400,12.0373
5401,11.9409
5402,11.6079
5403,12.1859
5404,11.9992
5405,12.1844
5406,13.134
5407,11.8377
5408,11.7464
5409,11.9848
5410,12.251
5411,12.0806
5412,11.9155
5413,12.276
5414,12.2135
5415,11.9262
5416,11.7459
5417,12.3821
5418,11.5146
5419,11.98
5420,12.1006
5421,12.1302
5422,12.2982
5423,12.4395
5424,11.4862
5425,12.1297
5426,11.9171
5427,12.2228
5428,12.1225
5429,11.9175
5430,11.7772
5431,12.2672
5432,12.4918
5433,12.0482
5434,12.4695
5435,12.0926
5436,11.9992
5437,11.8193
5438,12.2838
5439,12.1252
5440,12.3789
5441,11.9442
5442,12.7626
5443,11.9021
5444,12.2665
5445,12.1147
5446,12.3038
5447,12.7907
5448,11.8853
5449,12.3453
5450,12.2404
5451,12.3822
5452,11.3523
5453,12.5463
5454,11.8523
5455,12.0597
5456,12.2416
5457,12.5107
5458,11.8663
5459,12.0051
5460,12.469
5461,11.9997
5462,12.1879
5463,13.0522
5464,11.5301
5465,12.5176
5466,12.677
5467,12.381
5468,12.5946
5469,11.7189
5470,12.4028
5471,12.0223
5472,12.202
5473,11.6635
5474,12.4328
5475,11.787
5476,12.3804
5477,11.8024
5478,12.4628
5479,11.7397
5480,11.6416
5481,12.1201
5482,12.4478
5483,12.3691
5484,12.6559
5485,11.5424
5486,12.3852
5487,11.802
5488,12.0602
5489,12.0963
5490,11.4246
5491,11.9354
5492,12.4007
5493,11.703
5494,12.4414
5495,11.888
5496,11.8189
5497,12.3018
5498,12.3166
5499,11.5596
5500,11.9258
5501,12.2719
5502,12.846
5503,12.3619
5504,12.6234
5505,12.2163
5506,11.5313
5507,12.0925
5508,12.1751
5509,11.9059
5510,11.9799
5511,12.6025
5512,12.1748
5513,12.2428
5514,12.174
5515,11.7614
5516,12.4562
5517,12.3408
5518,12.2347
5519,12.3387
5520,11.7867
5521,12.0667
5522,12.4041
5523,12.2426
5524,11.7848
5525,11.8965
5526,11.5058
5527,12.2334
5528,11.6235
5529,12.0395
5530,11.9489
5531,12.1037
5532,12.1791
5533,12.7202
5534,11.6998
5535,12.3626
5536,11.4924
5537,11.5795
5538,12.1762
5539,11.494
5540,12.3475
5541,12.2201
5542,11.8352
5543,12.3904
5544,12.4291
5545,12.0247
5546,12.0762
5547,12.2241
5548,12.2148
5549,12.3087
5550,11.4261
5551,12.2921
5552,11.7818
5553,12.3754
5554,11.9632
5555,12.2775
5556,12.4576
5557,12.336
5558,12.1654
5559,12.2493
5560,12.0045
5561,12.0334
5562,12.4145
5563,12.3034
5564,11.9421
5565,11.7662
5566,12.3764
5567,12.8657
5568,12.3107
5569,12.0793
5570,11.9597
5571,11.6787
5572,12.8324
5573,12.1815
5574,12.6214
5575,11.6768
5576,11.7527
5577,12.001
5578,11.7198
5579,12.6408
5580,11.5
5581,12.1768
5582,11.9153
5583,11.7476
5584,12.0857
5585,12.3944
5586,12.0985
5587,12.4441
5588,12.438
5589,12.4693
5590,12.2625
5591,12.6168
5592,11.6198
5593,12.6572
5594,12.3562
5595,12.2863
5596,12.1935
5597,12.7961
5598,11.5705
5599,11.9473
5600,12.2276
5601,12.0374
5602,12.3827
5603,12.5256
5604,11.9086
5605,11.6434
5606,12.3801
5607,12.4242
5608,11.5128
5609,11.9979
5610,12.6131
5611,11.9301
5612,11.6841
5613,12.2043
5614,12.6003
5615,12.0623
5616,12.8404
5617,12.5929
5618,12.1368
5619,11.8896
5620,12.4681
5621,12.6753
5622,12.24
5623,12.4213
5624,11.6107
5625,11.4459
5626,12.2328
5627,12.4268
5628,12.0528
5629,11.7621
5630,11.6054
5631,11.8953
5632,11.7173
5633,12.3463
5634,11.979
5635,12.0456
5636,11.8823
5637,12.052
5638,12.5143
5639,12.4661
5640,12.3207
5641,12.287
5642,11.8389
5643,12.8435
5644,12.0314
5645,12.0269
5646,12.4171
5647,11.727
5648,12.6045
5649,10.8158
5650,11.7846
5651,12.0532
5652,12.0205
5653,12.3851
5654,11.778
5655,11.8234
5656,12.1803
5657,12.8111
5658,11.8735
5659,11.9447
5660,12.5896
5661,12.4051
5662,12.0648
5663,12.3339
5664,12.0855
5665,12.156
5666,12.1532
5667,11.8767
5668,12.219
5669,11.916
5670,12.0977
5671,12.2332
5672,11.4803
5673,12.8564
5674,12.8119
5675,11.7877
5676,12.9356
5677,12.7615
5678,12.7314
5679,12.1953
5680,12.2642
5681,12.6957
5682,12.4188
5683,12.0644
5684,12.5876
5685,12.2124
5686,11.7481
5687,12.2643
5688,12.1246
5689,11.9519
5690,11.7234
5691,12.3122
5692,12.2971
5693,12.4148
5694,12.3792
5695,12.2381
5696,11.7723
5697,11.6457
5698,12.2524
5699,12.7634
5700,12.3093
5701,11.5063
5702,12.0336
5703,11.7066
5704,11.9293
5705,12.2137
5706,12.3632
5707,12.262
5708,12.5763
5709,12.3748
5710,11.7518
5711,12.4006
5712,11.983
5713,12.3152
5714,12.3643
5715,12.3345
5716,11.8554
5717,11.8356
5718,12.6964
5719,11.5786
5720,12.2195
5721,12.2355
5722,12.2318
5723,12.3827
5724,13.1296
5725,12.1873
5726,12.3085
5727,12.0312
5728,11.9549
5729,12.8277
5730,12.2333
5731,12.1754
5732,12.044
5733,12.077
5734,11.8827
5735,12.1485
5736,11.5579
5737,12.4031
5738,12.0292
5739,12.6585
5740,11.6838
5741,12.0151
5742,11.0298
5743,11.8621
5744,12.2703
5745,11.7002
5746,12.1335
5747,12.2235
5748,11.8404
5749,12.2489
5750,11.7885
5751,11.8796
5752,11.4513
5753,11.6691
5754,11.8012
5755,12.2747
5756,12.0593
5757,11.8969
5758,11.6557
5759,12.4563
5760,12.547
5761,12.1307
5762,12.3281
5763,11.9141
5764,11.977
5765,12.5113
5766,12.0224
5767,12.0901
5768,12.3188
5769,12.8231
5770,12.4041
5771,11.361
5772,12.4425
5773,12.5676
5774,12.0923
5775,11.6686
5776,11.6716
5777,11.3982
5778,11.9007
5779,11.9435
5780,11.7813
5781,12.1166
5782,12.0261
5783,12.0917
5784,13.3831
5785,12.1873
5786,12.0552
5787,12.395
5788,12.1576
5789,12.4877
5790,11.8638
5791,12.2334
5792,12.7356
5793,11.5502
5794,12.1842
5795,12.0687
5796,11.6831
5797,12.1247
5798,11.6631
5799,12.3765
5800,12.485
5801,11.6842
5802,12.1288
5803,12.0769
5804,12.362
5805,12.5255
5806,12.0005
5807,11.8517
5808,12.1853
5809,11.9799
5810,11.6087
5811,11.3684
5812,11.8241
5813,12.3416
5814,12.1425
5815,11.869
5816,11.804
5817,12.4546
5818,11.8707
5819,12.4688
5820,11.4008
5821,11.9429
5822,12.388
5823,11.7182
5824,11.799
5825,12.6921
5826,12.1918
5827,11.849
5828,12.6092
5829,11.7142
5830,12.4997
5831,12.2257
5832,12.6116
5833,11.7853
5834,12.0816
5835,12.3798
5836,12.317
5837,12.2834
5838,12.2694
5839,11.4901
5840,11.7913
5841,12.0326
5842,11.8492
5843,12.1015
5844,11.9201
5845,12.1624
5846,12.0743
5847,12.2448
5848,12.0594
5849,11.9935
5850,12.0921
5851,12.6948
5852,12.3007
5853,12.0917
5854,11.559
5855,12.2513
5856,12.0293
5857,12.6953
5858,11.9654
5859,12.0326
5860,12.3898
5861,11.7902
5862,12.2103
5863,12.5621
5864,11.8841
5865,11.6922
5866,12.3152
5867,12.2281
5868,12.1334
5869,12.0058
5870,12.1333
5871,11.9626
5872,12.6475
5873,11.9701
5874,12.4654
5875,11.884
5876,12.327
5877,12.3863
5878,11.277
5879,12.0325
5880,12.0709
5881,12.1845
5882,12.1625
5883,11.728
5884,11.6869
5885,12.3553
5886,12.7267
5887,12.6541
5888,12.8007
5889,11.359
5890,11.5959
5891,12.093
5892,11.7991
5893,12.0877
5894,12.2074
5895,12.1013
5896,12.147
5897,12.4202
5898,12.6641
5899,13.1365
5900,12.2219
5901,12.6266
5902,12.1523
5903,12.0066
5904,12.059
5905,12.2627
5906,12.0801
5907,11.7703
5908,12.4158
5909,12.7867
5910,11.7189
5911,12.0058
5912,12.3288
5913,12.274
5914,11.9711
5915,12.4081
5916,11.9816
5917,12.3259
5918,12.1408
5919,12.2684
5920,12.1342
5921,12.1606
5922,12.0256
5923,12.2604
5924,12.3673
5925,11.8752
5926,12.0944
5927,11.7967
5928,12.0578
5929,11.4518
5930,11.9076
5931,12.0278
5932,12.0367
5933,11.769
5934,12.4503
5935,12.8661
5936,11.9362
5937,12.1041
5938,12.4373
5939,12.4724
5940,12.2359
5941,12.4192
5942,12.5089
5943,12.5974
5944,11.836
5945,11.914
5946,11.4735
5947,12.1538
5948,11.6195
5949,11.862
5950,11.7543
5951,12.7482
5952,11.9814
5953,11.4247
5954,11.7556
5955,12.4646
5956,12.2703
5957,12.0178
5958,12.547
5959,11.9179
5960,11.9799
5961,11.7181
5962,12.2008
5963,12.3827
5964,11.69
5965,11.6838
5966,12.0489
5967,12.029
5968,12.7188
5969,12.5175
5970,12.3977
5971,12.3111
5972,12.2303
5973,12.3951
5974,12.0009
5975,12.1636
5976,12.5072
5977,12.0574
5978,12.48
5979,11.9728
5980,12.2978
5981,12.6421
5982,11.7616
5983,11.8773
5984,12.195
5985,12.4892
5986,12.5831
5987,12.3238
5988,12.0736
5989,12.3355
5990,12.3469
5991,11.7904
5992,11.947
5993,11.9765
5994,11.6143
5995,11.9887
5996,11.5828
5997,12.4515
5998,12.783
5999,12.007
6000,12.1841
6001,12.2358
6002,12.1091
6003,12.4547
6004,12.3369
6005,12.0496
6006,12.1049
6007,12.2219
6008,12.1588
6009,12.1522
6010,12.129
6011,12.472
6012,12.8734
6013,12.3016
6014,12.0576
6015,11.9909
6016,11.4729
6017,12.5117
6018,11.9963
6019,12.2852
6020,11.9193
6021,11.6393
6022,12.4039
6023,12.7351
6024,12.051
6025,12.2722
6026,12.6319
6027,12.6247
6028,11.9069
6029,11.4494
6030,11.659
6031,11.8114
6032,11.9624
6033,11.5656
6034,11.5489
6035,11.9278
6036,11.75
6037,12.66
6038,12.5043
6039,13.0084
6040,11.8644
6041,11.8939
6042,12.2896
6043,11.6878
6044,12.4953
6045,11.6344
6046,12.124
6047,11.7113
6048,11.936
6049,12.4354
6050,12.438
6051,12.5582
6052,12.4279
6053,13.1582
6054,11.4344
6055,12.0273
6056,12.0236
6057,11.7472
6058,11.6055
6059,11.9459
6060,12.2161
6061,11.9329
6062,11.8622
6063,12.2992
6064,12.3318
6065,11.8808
6066,12.886
6067,11.6554
6068,11.7206
6069,11.6318
6070,12.8039
6071,12.8319
6072,11.731
6073,12.5704
6074,12.4572
6075,11.9777
6076,11.4916
6077,12.2382
6078,12.1004
6079,11.6829
6080,12.3647
6081,12.4695
6082,11.2209
6083,13.1745
6084,12.308
6085,11.8352
6086,11.6443
6087,11.3525
6088,12.1518
6089,11.5507
6090,11.8306
6091,12.1501
6092,12.0387
6093,12.0232
6094,12.1402
6095,11.9335
6096,11.8007
6097,12.568
6098,12.3855
6099,11.7721
6100,12.0773
6101,11.8374
6102,12.1207
6103,12.2406
6104,12.8434
6105,12.3394
6106,12.1556
6107,12.3736
6108,12.0178
6109,11.9457
6110,12.2306
6111,12.2906
6112,12.468
6113,12.0202
6114,12.2652
6115,12.5044
6116,12.6533
6117,12.2535
6118,12.3358
6119,12.1806
6120,12.264
6121,12.8633
6122,12.402
6123,12.6114
6124,11.9643
6125,11.6804
6126,11.802
6127,12.4983
6128,12.6943
6129,11.8909
6130,11.8161
6131,11.88
6132,12.1637
6133,12.5003
6134,12.8989
6135,11.7995
6136,11.7196
6137,11.9281
6138,11.9361
6139,11.9144
6140,12.1456
6141,12.2401
6142,11.8082
6143,11.9837
6144,10.818
6145,12.1487
6146,12.5016
6147,12.0428
6148,12.7347
6149,12.5996
6150,11.9315
6151,12.5859
6152,12.5218
6153,12.3814
6154,12.2365
6155,11.673
6156,11.7559
6157,11.5922
6158,11.6648
6159,12.3038
6160,12.1735
6161,12.5894
6162,12.1515
6163,11.9324
6164,12.0026
6165,11.9854
6166,11.5857
6167,12.1599
6168,11.7923
6169,11.7041
6170,12.3803
6171,11.5746
6172,12.6941
6173,12.1309
6174,12.063
6175,12.7162
6176,12.5475
6177,12.325
6178,12.6563
6179,12.6494
6180,12.5827
6181,11.8969
6182,12.2073
6183,12.116
6184,12.2012
6185,12.1977
6186,12.2565
6187,12.4429
6188,12.7256
6189,12.5223
6190,12.3813
6191,11.8428
6192,12.9265
6193,12.4622
6194,12.31
6195,12.3569
6196,11.537
6197,12.1793
6198,11.9991
6199,12.6737
6200,11.7995
6201,12.192
6202,12.4299
6203,12.5942
6204,12.3167
6205,11.9739
6206,11.9691
6207,11.8563
6208,12.5657
6209,11.8287
6210,11.8307
6211,12.3236
6212,11.9732
6213,11.906
6214,12.4653
6215,11.9128
6216,12.0409
6217,12.0308
6218,11.8211
6219,12.1248
6220,11.6347
6221,12.2729
6222,12.0747
6223,12.1956
6224,11.9546
6225,11.9154
6226,12.2405
6227,12.5889
6228,11.4824
6229,13.1124
6230,12.5072
6231,12.0126
6232,12.7416
6233,12.2129
6234,12.3815
6235,12.3054
6236,12.429
6237,12.0013
6238,12.2605
6239,11.9537
6240,12.1441
6241,11.6684
6242,12.3871
6243,13.0831
6244,12.0771
6245,12.4022
6246,11.7595
6247,12.5603
6248,11.9201
6249,11.9485
6250,12.627
6251,11.8664
6252,12.3406
6253,12.1583
6254,11.9051
6255,12.7591
6256,12.0334
6257,11.7598
6258,12.2094
6259,12.3544
6260,12.4109
6261,12.1781
6262,11.9207
6263,12.2273
6264,12.2389
6265,12.1447
6266,12.2838
6267,12.6738
6268,11.9987
6269,12.0865
6270,11.6777
6271,12.3352
6272,11.6253
6273,12.2011
6274,12.2621
6275,11.7924
6276,12.0491
6277,12.1416
6278,11.6814
6279,11.9531
6280,12.1859
6281,12.1977
6282,12.0283
6283,11.8162
6284,12.3602
6285,12.3873
6286,12.5726
6287,11.8889
6288,12.0122
6289,12.6856
6290,11.9488
6291,11.9749
6292,12.5992
6293,11.579
6294,12.1393
6295,12.1207
6296,11.6824
6297,12.5472
6298,11.7119
6299,11.7188
6300,12.0713
6301,12.1713
6302,12.6338
6303,12.5729
6304,12.2134
6305,12.1061
6306,11.9551
6307,12.3626
6308,12.0961
6309,12.0754
6310,12.8755
6311,11.8536
6312,12.3396
6313,12.4749
6314,12.0586
6315,12.4345
6316,11.9977
6317,11.8733
6318,12.6565
6319,11.9033
6320,12.3476
6321,11.7538
6322,11.8792
6323,12.696
6324,12.0312
6325,11.8154
6326,12.0939
6327,12.0338
6328,11.7623
6329,11.9042
6330,12.103
6331,12.1127
6332,12.1237
6333,12.4179
6334,11.8521
6335,12.1803
6336,12.4169
6337,11.7498
6338,12.2561
6339,12.4893
6340,11.5669
6341,11.5047
6342,11.9206
6343,12.2825
6344,11.9446
6345,12.376
6346,12.1458
6347,11.9573
6348,12.5784
6349,12.342
6350,11.4194
6351,11.8059
6352,12.2309
6353,12.0835
6354,11.9547
6355,11.811
6356,12.0945
6357,12.7841
6358,11.6397
6359,12.2483
6360,11.6964
6361,12.5009
6362,12.0523
6363,12.6277
6364,12.5122
6365,11.7395
6366,12.5775
6367,11.8057
6368,11.6554
6369,12.2032
6370,12.02
6371,12.2738
6372,12.4727
6373,11.8948
6374,12.0826
6375,12.3024
6376,11.5172
6377,11.8587
6378,12.5459
6379,11.0559
6380,11.9786
6381,12.3378
6382,12.4686
6383,12.4521
6384,11.9885
6385,11.9867
6386,11.5064
6387,11.9217
6388,12.4043
6389,12.4451
6390,11.9827
6391,12.0999
6392,11.4699
6393,12.1975
6394,12.0035
6395,12.09
6396,11.6243
6397,11.6178
6398,12.4203
6399,11.428
6400,11.4833
6401,11.8487
6402,11.7779
6403,12.0558
6404,12.6212
6405,12.7317
6406,12.221
6407,11.6808
6408,12.6213
6409,11.9932
6410,11.8051
6411,11.7315
6412,12.0808
6413,12.1493
6414,11.3938
6415,11.98
6416,12.2122
6417,11.5737
6418,12.2375
6419,12.2684
6420,12.5805
6421,12.2828
6422,11.5099
6423,11.9012
6424,12.7223
6425,11.9739
6426,11.8939
6427,13.147
6428,11.8769
6429,12.1191
6430,12.0089
6431,12.0291
6432,11.8558
6433,12.1412
6434,12.5629
6435,11.0651
6436,11.4865
6437,12.8415
6438,12.2062
6439,12.2132
6440,12.0468
6441,11.9723
6442,11.6259
6443,12.4181
6444,11.7794
6445,11.7921
6446,12.7738
6447,12.3507
6448,11.9188
6449,12.4013
6450,11.5504
6451,11.797
6452,11.9675
6453,12.091
6454,12.2261
6455,12.3892
6456,11.9475
6457,11.5236
6458,11.9128
6459,11.802
6460,12.4215
6461,12.8248
6462,12.1244
6463,12.6957
6464,11.9984
6465,11.448
6466,12.378
6467,11.703
6468,11.9702
6469,12.1071
6470,12.1644
6471,12.4812
6472,11.7792
6473,12.1518
6474,12.34
6475,12.3588
6476,13.2689
6477,12.3184
6478,12.1299
6479,12.266
6480,11.8339
6481,12.6641
6482,12.0313
6483,11.3791
6484,11.9921
6485,11.8703
6486,12.2125
6487,12.5146
6488,12.0371
6489,11.8943
6490,12.3666
6491,11.9862
6492,12.1858
6493,11.6216
6494,12.041
6495,11.5139
6496,12.5429
6497,11.6629
6498,11.4929
6499,12.5767
6500,12.0364
6501,11.9813
6502,11.6341
6503,12.0368
6504,12.1702
6505,12.1194
6506,12.0923
6507,11.7872
6508,12.4915
6509,12.1237
6510,12.0113
6511,11.8323
6512,12.4868
6513,12.6502
6514,11.9228
6515,12.3189
6516,12.924
6517,11.9257
6518,12.6532
6519,12.274
6520,11.7992
6521,11.0553
6522,12.1446
6523,12.3875
6524,12.2097
6525,12.4648
6526,12.2824
6527,11.866
6528,11.9837
6529,12.1417
6530,11.9871
6531,11.9696
6532,11.8695
6533,11.6161
6534,11.894
6535,12.5989
6536,11.563
6537,12.7439
6538,12.3123
6539,12.0234
6540,12.0172
6541,11.7492
6542,12.2504
6543,12.5242
6544,11.8122
6545,12.3902
6546,12.4021
6547,12.1362
6548,11.9473
6549,11.6566
6550,12.3658
6551,12.0345
6552,12.031
6553,12.4508
6554,12.5239
6555,12.7181
6556,12.7094
6557,12.3454
6558,12.2557
6559,12.0047
6560,12.4808
6561,12.3052
6562,12.7095
6563,12.6058
6564,12.5829
6565,12.3528
6566,12.1187
6567,11.7664
6568,12.0268
6569,11.8626
6570,11.8973
6571,11.689
6572,12.4867
6573,11.7137
6574,11.2192
6575,12.1314
6576,11.9794
6577,12.3968
6578,12.1373
6579,12.1454
6580,11.7321
6581,12.4836
6582,12.836
6583,12.2203
6584,12.3202
6585,12.023
6586,12.0648
6587,12.2176
6588,12.4562
6589,12.7268
6590,11.8907
6591,12.2938
6592,12.1686
6593,12.1812
6594,12.2746
6595,12.645
6596,12.2142
6597,12.5602
6598,11.6693
6599,11.944
6600,11.8514
6601,12.0604
6602,12.3406
6603,12.2956
6604,11.8105
6605,11.057
6606,12.0838
6607,12.0627
6608,11.7153
6609,11.9819
6610,11.8967
6611,11.8133
6612,12.2026
6613,11.8497
6614,12.5711
6615,12.5259
6616,11.5775
6617,12.4523
6618,12.0531
6619,11.7607
6620,11.6152
6621,12.047
6622,12.3527
6623,12.0316
6624,12.4718
6625,12.2362
6626,12.2253
6627,12.2226
6628,11.9166
6629,12.051
6630,11.6245
6631,12.206
6632,12.414
6633,11.5684
6634,11.588
6635,11.854
6636,12.1203
6637,12.0472
6638,12.0167
6639,11.9959
6640,12.2113
6641,11.9467
6642,12.2897
6643,12.1768
6644,12.0478
6645,11.7798
6646,12.5923
6647,12.4245
6648,11.5374
6649,11.3722
6650,12.6294
6651,12.6973
6652,12.1915
6653,12.4775
6654,12.0611
6655,12.0679
6656,11.989
6657,11.6718
6658,12.7115
6659,12.3458
6660,12.1428
6661,12.2039
6662,12.4637
6663,11.5335
6664,12.4283
6665,11.8401
6666,12.2156
6667,12.5682
6668,11.979
6669,12.3914
6670,12.1202
6671,12.5549
6672,12.3534
6673,12.2373
6674,11.9549
6675,12.2821
6676,12.0876
6677,12.4044
6678,12.4502
6679,12.1634
6680,11.7584
6681,12.4055
6682,12.0862
6683,12.3997
6684,12.1325
6685,12.2605
6686,12.1598
6687,12.3158
6688,11.6948
6689,12.0058
6690,11.7658
6691,12.672
6692,12.3397
6693,12.2839
6694,12.2971
6695,12.8151
6696,11.3773
6697,12.0124
6698,12.1648
6699,12.234
6700,12.5756
6701,12.046
6702,12.0035
6703,12.3042
6704,11.375
6705,12.6022
6706,11.946
6707,11.8152
6708,11.822
6709,12.3448
6710,12.2334
6711,12.0921
6712,11.6132
6713,12.3432
6714,11.4938
6715,12.2869
6716,12.9034
6717,12.2603
6718,12.4731
6719,12.0117
6720,11.8491
6721,11.9191
6722,11.9053
6723,12.8187
6724,12.0619
6725,12.1138
6726,12.6014
6727,11.8828
6728,12.8381
6729,12.4812
6730,12.0085
6731,12.3292
6732,12.0924
6733,11.5393
6734,12.2566
6735,12.1429
6736,12.0474
6737,12.4843
6738,12.2209
6739,11.6289
6740,11.4821
6741,11.7316
6742,11.8174
6743,12.5301
6744,12.1341
6745,11.7759
6746,11.466
6747,11.9221
6748,11.928
6749,12.6632
6750,12.0977
6751,11.9981
6752,11.8724
6753,12.7118
6754,12.3709
6755,11.284
6756,12.4283
6757,11.507
6758,12.5253
6759,12.7521
6760,11.8152
6761,12.4226
6762,11.9444
6763,11.9238
6764,12.2686
6765,12.5548
6766,12.5388
6767,12.4783
6768,12.1882
6769,11.9137
6770,12.2782
6771,11.7765
6772,11.8958
6773,12.2484
6774,12.2943
6775,11.7558
6776,12.0868
6777,12.5888
6778,11.7647
6779,11.9393
6780,12.1971
6781,11.6356
6782,11.642
6783,11.8002
6784,11.6378
6785,12.8873
6786,12.4564
6787,11.9355
6788,12.1563
6789,12.2396
6790,12.6258
6791,11.9915
6792,12.3411
6793,12.0829
6794,12.214
6795,11.6593
6796,11.9444
6797,12.065
6798,12.2361
6799,12.1349
6800,11.8034
6801,11.8447
6802,11.6227
6803,12.5913
6804,12.4021
6805,12.1967
6806,12.688
6807,11.6669
6808,12.8155
6809,12.8502
6810,12.126
6811,11.8243
6812,11.4969
6813,11.9349
6814,12.2345
6815,12.0967
6816,12.1053
6817,12.2219
6818,11.853
6819,11.9783
6820,12.1742
6821,11.9262
6822,12.3024
6823,11.7889
6824,12.88
6825,13.0187
6826,12.0805
6827,11.8191
6828,12.4267
6829,12.3596
6830,12.3024
6831,11.8405
6832,12.3285
6833,12.0036
6834,12.0737
6835,12.1043
6836,12.3878
6837,12.013
6838,11.6192
6839,12.1078
6840,12.0142
6841,12.3012
6842,12.1598
6843,12.274
6844,11.934
6845,12.0322
6846,12.3401
6847,11.6838
6848,11.9671
6849,11.5071
6850,12.1857
6851,11.9676
6852,12.292
6853,11.7942
6854,12.8212
6855,12.4073
6856,11.951
6857,11.8039
6858,12.8509
6859,12.0881
6860,11.9903
6861,11.8498
6862,12.0236
6863,11.827
6864,12.2486
6865,11.972
6866,12.3304
6867,12.284
6868,11.9094
6869,12.0809
6870,12.1358
6871,11.7062
6872,12.1757
6873,12.291
6874,12.2189
6875,12.1945
6876,12.1665
6877,12.4202
6878,12.0551
6879,11.7515
6880,12.5383
6881,11.6302
6882,12.7521
6883,11.983
6884,12.093
6885,12.3149
6886,11.7918
6887,11.9788
6888,12.5966
6889,11.9486
6890,12.6988
6891,12.2376
6892,12.3737
6893,12.2653
6894,11.8378
6895,12.0526
6896,11.7229
6897,12.2014
6898,11.9097
6899,11.2583
6900,12.1502
6901,11.9633
6902,12.6765
6903,12.4154
6904,12.2553
6905,12.7787
6906,12.9331
6907,12.1915
6908,12.304
6909,11.6361
6910,11.7081
6911,12.5704
6912,11.6572
6913,12.544
6914,12.3871
6915,12.2146
6916,11.9418
6917,12.6045
6918,11.5439
6919,11.6698
6920,12.2497
6921,11.9134
6922,12.0442
6923,12.0348
6924,12.3419
6925,11.0767
6926,11.6829
6927,12.285
6928,12.0283
6929,11.8227
6930,12.6272
6931,11.9111
6932,12.2162
6933,11.7099
6934,12.4549
6935,12.4745
6936,11.7047
6937,12.4622
6938,11.7619
6939,12.1444
6940,11.4013
6941,12.3121
6942,12.1281
6943,12.322
6944,12.4425
6945,13.1068
6946,12.1968
6947,12.0375
6948,12.0164
6949,11.7961
6950,12.3102
6951,12.615
6952,12.5071
6953,11.8243
6954,11.9545
6955,12.0222
6956,11.8626
6957,12.1264
6958,11.9409
6959,12.2945
6960,12.2297
6961,12.1008
6962,12.4109
6963,12.1653
6964,11.9518
6965,12.5654
6966,12.4276
6967,12.3157
6968,13.1628
6969,12.5329
6970,12.4133
6971,12.3717
6972,12.1396
6973,12.3622
6974,11.9229
6975,12.0474
6976,11.5255
6977,12.2875
6978,12.4152
6979,12.0057
6980,12.9351
6981,12.3759
6982,12.3633
6983,12.0235
6984,12.3844
6985,11.8511
6986,11.3853
6987,11.7724
6988,12.0021
6989,12.7278
6990,11.6263
6991,12.2319
6992,12.0235
6993,12.2892
6994,11.7706
6995,12.0108
6996,12.5412
6997,12.1701
6998,11.1431
6999,12.5088
7000,12.1475
7001,12.2707
7002,12.4958
7003,12.2193
7004,11.6847
7005,12.5363
7006,12.0135
7007,12.8667
7008,12.6516
7009,12.0336
7010,11.6696
7011,12.3912
7012,12.1589
7013,12.2287
7014,12.2246
7015,12.7535
7016,12.0346
7017,12.4941
7018,12.3144
7019,12.667
7020,12.4005
7021,12.3047
7022,12.1024
7023,12.0519
7024,12.799
7025,12.6978
7026,11.9623
7027,11.9692
7028,11.6226
7029,11.7063
7030,12.4037
7031,12.5405
7032,12.4979
7033,12.2755
7034,11.6963
7035,11.9327
7036,12.6162
7037,11.8566
7038,12.0194
7039,11.7338
7040,12.1751
7041,12.3211
7042,11.9634
7043,11.9154
7044,12.25
7045,12.2493
7046,11.9786
7047,12.1161
7048,11.9093
7049,12.0062
7050,12.9533
7051,12.3181
7052,12.1533
7053,11.9228
7054,12.3516
7055,12.3627
7056,12.5805
7057,12.151
7058,12.6031
7059,12.2443
7060,11.682
7061,11.6001
7062,12.6777
7063,12.128
7064,12.3783
7065,11.9552
7066,11.7108
7067,11.8123
7068,12.2409
7069,12.1112
7070,11.7943
7071,12.1541
7072,12.1056
7073,12.2934
7074,12.252
7075,12.0945
7076,12.3538
7077,12.2991
7078,12.0381
7079,12.0081
7080,11.7082
7081,12.147
7082,11.5834
7083,12.513
7084,12.3865
7085,11.7267
7086,12.5115
7087,11.9275
7088,11.8579
7089,12.1139
7090,11.8202
7091,11.4377
7092,12.083
7093,12.236
7094,11.9693
7095,11.5075
7096,12.1038
7097,11.4859
7098,12.0236
7099,12.2524
7100,11.7968
7101,12.522
7102,11.1991
7103,11.8928
7104,12.3552
7105,12.2003
7106,12.4372
7107,12.5154
7108,11.7539
7109,12.5899
7110,11.739
7111,11.8062
7112,12.1775
7113,11.8718
7114,11.7643
7115,12.5677
7116,12.1715
7117,11.954
7118,11.7475
7119,12.1924
7120,12.0556
7121,12.36
7122,11.9377
7123,12.4794
7124,12.1649
7125,11.5543
7126,11.8999
7127,12.5804
7128,12.5404
7129,12.0088
7130,11.9274
7131,12.1984
7132,12.1771
7133,11.967
7134,12.4634
7135,12.021
7136,12.7982
7137,11.8615
7138,12.1476
7139,12.6322
7140,12.4366
7141,12.112
7142,12.2254
7143,11.9638
7144,12.5068
7145,12.2834
7146,12.1858
7147,11.5267
7148,12.6971
7149,12.0873
7150,12.0443
7151,11.6956
7152,12.061
7153,11.9065
7154,12.0315
7155,11.3365
7156,11.7582
7157,11.9253
7158,12.3312
7159,12.0087
7160,11.6627
7161,12.4735
7162,12.3905
7163,12.3113
7164,12.3193
7165,11.9558
7166,12.1718
7167,12.3144
7168,11.5685
7169,11.9766
7170,11.4527
7171,11.9786
7172,11.2075
7173,11.94
7174,12.2654
7175,11.6887
7176,12.3199
7177,11.9341
7178,11.8715
7179,11.7476
7180,12.5688
7181,12.395
7182,12.1118
7183,12.4608
7184,11.7221
7185,12.2172
7186,12.5003
7187,12.1335
7188,11.9172
7189,11.5975
7190,12.7563
7191,11.7843
7192,12.3357
7193,12.4366
7194,12.4246
7195,12.2062
7196,12.1321
7197,12.6811
7198,12.1772
7199,12.2205
7200,11.9162
7201,12.3599
7202,12.1707
7203,12.3731
7204,12.4082
7205,12.1646
7206,12.2276
7207,12.033
7208,12.3413
7209,12.1698
7210,12.022
7211,12.0803
7212,11.9007
7213,12.2187
7214,12.331
7215,12.2185
7216,12.89
7217,12.8753
7218,11.6481
7219,12.3965
7220,12.0668
7221,11.879
7222,11.9196
7223,12.5861
7224,11.7829
7225,12.1087
7226,12.2276
7227,11.7913
7228,12.081
7229,11.8796
7230,12.2633
7231,11.965
7232,11.3195
7233,12.0507
7234,11.9731
7235,12.3472
7236,12.1667
7237,11.9688
7238,12.2351
7239,12.1366
7240,12.0147
7241,12.3762
7242,12.3461
7243,12.0996
7244,11.4166
7245,11.8141
7246,12.6066
7247,11.9098
7248,12.0572
7249,11.7371
7250,12.2512
7251,12.6871
7252,11.9457
7253,11.8649
7254,12.5083
7255,12.1337
7256,12.3427
7257,12.2265
7258,12.3846
7259,12.6167
7260,11.7664
7261,12.3067
7262,12.0832
7263,12.0677
7264,12.0947
7265,11.456
7266,12.1603
7267,12.3552
7268,12.5908
7269,11.5689
7270,11.7432
7271,11.6538
7272,11.5776
7273,12.3697
7274,11.8962
7275,11.9272
7276,12.5122
7277,12.2626
7278,11.7703
7279,12.0465
7280,11.8981
7281,12.0232
7282,12.1028
7283,12.035
7284,12.0618
7285,12.4732
7286,12.0266
7287,11.8927
7288,12.2731
7289,11.4647
7290,12.4766
7291,11.9101
7292,12.316
7293,12.1145
7294,12.4883
7295,12.4862
7296,11.8528
7297,12.4319
7298,11.6627
7299,11.9453
7300,11.8095
7301,12.1532
7302,11.612
7303,12.017
7304,12.4827
7305,11.955
7306,12.5796
7307,12.2702
7308,11.9879
7309,12.2917
7310,12.2655
7311,12.2777
7312,12.5135
7313,11.9892
7314,12.2712
7315,12.5597
7316,12.697
7317,12.0717
7318,12.566
7319,12.5028
7320,12.0837
7321,12.179
7322,12.5453
7323,12.0831
7324,11.7969
7325,11.3618
7326,11.3281
7327,11.9867
7328,12.1555
7329,12.0495
7330,12.1352
7331,11.7191
7332,12.2021
7333,11.9825
7334,12.1355
7335,12.29
7336,12.9336
7337,11.92
7338,12.5873
7339,12.1499
7340,12.0487
7341,12.5404
7342,12.3043
7343,12.2063
7344,12.4051
7345,12.0789
7346,11.9396
7347,12.0435
7348,11.9093
7349,12.0482
7350,12.2102
7351,12.5858
7352,12.3898
7353,12.0686
7354,11.7465
7355,12.1927
7356,12.0154
7357,12.8676
7358,12.2413
7359,12.9682
7360,11.3826
7361,11.7339
7362,12.0725
7363,11.7503
7364,12.4739
7365,12.241
7366,11.7168
7367,12.735
7368,11.5055
7369,11.9391
7370,12.0188
7371,12.1977
7372,12.2634
7373,12.1631
7374,11.8484
7375,12.1204
7376,12.1887
7377,11.5259
7378,12.6651
7379,12.0929
7380,12.046
7381,12.1711
7382,11.8435
7383,12.3658
7384,11.8799
7385,11.97
7386,11.5082
7387,11.8711
7388,11.2702
7389,11.6448
7390,11.7894
7391,11.6302
7392,11.688
7393,12.1854
7394,12.2174
7395,12.0366
7396,12.2669
7397,12.3502
7398,12.5904
7399,11.9486
7400,12.048
7401,11.8067
7402,12.1949
7403,12.0422
7404,12.1139
7405,12.3613
7406,12.2641
7407,11.7617
7408,12.1445
7409,12.2013
7410,12.4397
7411,11.9494
7412,12.1904
7413,11.4878
7414,11.8341
7415,11.4034
7416,12.2922
7417,12.2263
7418,11.7671
7419,12.8167
7420,12.2194
7421,11.6872
7422,12.2326
7423,12.7132
7424,12.8254
7425,12.7793
7426,11.8061
7427,11.9125
7428,12.0474
7429,11.6415
7430,12.2081
7431,11.7673
7432,11.6371
7433,11.8156
7434,12.1102
7435,12.2589
7436,11.903
7437,12.5969
7438,12.3304
7439,11.8192
7440,11.259
7441,12.5493
7442,12.8011
7443,11.5215
7444,12.3089
7445,11.9178
7446,12.1824
7447,12.18
7448,12.3229
7449,12.3563
7450,12.899
7451,11.682
7452,12.7296
7453,12.4058
7454,12.3944
7455,12.2112
7456,11.888
7457,11.9037
7458,12.1992
7459,12.1767
7460,12.1982
7461,12.3235
7462,12.2951
7463,11.704
7464,12.2001
7465,12.0137
7466,12.5787
7467,11.6798
7468,12.0784
7469,12.7098
7470,11.7985
7471,12.1908
7472,11.9132
7473,11.8455
7474,12.2441
7475,12.1316
7476,12.0004
7477,12.4632
7478,12.5835
7479,12.5279
7480,12.5056
7481,11.7726
7482,12.1526
7483,12.4637
7484,11.933
7485,12.1307
7486,11.6463
7487,12.3003
7488,12.4555
7489,11.4234
7490,12.2481
7491,12.3372
7492,12.1147
7493,12.0425
7494,11.6471
7495,12.8023
7496,12.1316
7497,12.1177
7498,11.6236
7499,12.3233
7500,11.891
7501,12.4513
7502,11.819
7503,12.3369
7504,12.4127
7505,12.0374
7506,11.9054
7507,11.8747
7508,11.5464
7509,11.724
7510,12.2536
7511,12.1117
7512,12.4106
7513,12.1386
7514,11.4853
7515,12.2939
7516,12.0882
7517,12.0335
7518,11.7483
7519,12.1963
7520,12.2971
7521,12.3906
7522,12.4654
7523,12.1777
7524,12.667
7525,12.4011
7526,11.8036
7527,12.2183
7528,12.1074
7529,12.7577
7530,12.0008
7531,11.8474
7532,12.1266
7533,12.2517
7534,12.0868
7535,12.0901
7536,12.3242
7537,11.8816
7538,12.5538
7539,12.0506
7540,12.0824
7541,12.847
7542,11.6908
7543,12.4789
7544,11.8778
7545,12.4263
7546,12.4004
7547,12.0021
7548,11.9537
7549,12.2245
7550,11.7888
7551,12.6703
7552,12.7686
7553,11.8747
7554,12.176
7555,11.8173
7556,12.4489
7557,12.4546
7558,11.9524
7559,11.6968
7560,12.4516
7561,11.9073
7562,12.7743
7563,11.74
7564,12.6474
7565,12.1475
7566,11.8289
7567,12.4765
7568,11.6613
7569,12.2946
7570,12.4457
7571,12.2429
7572,12.0079
7573,12.5375
7574,11.9837
7575,11.9752
7576,12.3032
7577,12.4898
7578,11.7715
7579,11.9615
7580,11.6701
7581,11.4426
7582,12.6354
7583,12.7899
7584,12.0652
7585,12.8101
7586,12.7296
7587,11.637
7588,12.707
7589,12.0933
7590,11.9657
7591,12.1894
7592,11.9279
7593,12.2345
7594,12.2948
7595,11.7419
7596,12.4517
7597,11.8873
7598,11.753
7599,12.3375
7600,11.5242
7601,11.6893
7602,11.7294
7603,12.0978
7604,11.6094
7605,12.0105
7606,11.8429
7607,12.3443
7608,12.1353
7609,12.0722
7610,11.7468
7611,11.8474
7612,12.6051
7613,11.9465
7614,12.1491
7615,12.2793
7616,11.7912
7617,12.019
7618,12.4052
7619,12.1888
7620,11.72
7621,12.31
7622,11.7581
7623,12.0783
7624,12.1256
7625,11.5394
7626,13.3822
7627,11.813
7628,12.6037
7629,12.1364
7630,12.7881
7631,12.0408
7632,12.3493
7633,12.4839
7634,11.8403
7635,12.1973
7636,12.389
7637,12.0631
7638,12.2968
7639,12.6535
7640,12.2351
7641,11.7925
7642,12.0148
7643,12.3931
7644,12.4122
7645,11.8471
7646,12.0133
7647,12.4115
7648,12.5055
7649,12.0674
7650,12.4282
